sweep,value,point_index,trial,seed,n,m,k,q,sigma,B,engine,cache_dtype,theorem_hypotheses,theta,xi,attenuation,theorem_lhs,gamma_corrected,gamma_old,full_recovery,coordinate_accuracy,first_error,runtime_seconds
m,400.0,0,0,13576500713772418807,200,400,8,1021,3.19,8.0,cached,float32,1,0.3326797385620915,225.31855442234064,0.14435090787621438,2.30961452601943,0.36105048054360545,0.3660451725424592,0,0.965,9,0.09214840002823621
m,400.0,0,1,2560243672382236775,200,400,8,1021,3.19,8.0,cached,float32,1,0.3326797385620915,225.31855442234064,0.14435090787621438,2.30961452601943,0.36105048054360545,0.3660451725424592,0,0.875,2,0.09072879992891103
m,400.0,0,2,823659490250893797,200,400,8,1021,3.19,8.0,cached,float32,1,0.3326797385620915,225.31855442234064,0.14435090787621438,2.30961452601943,0.36105048054360545,0.3660451725424592,0,0.96,1,0.09209190006367862
m,400.0,0,3,4647591630433496935,200,400,8,1021,3.19,8.0,cached,float32,1,0.3326797385620915,225.31855442234064,0.14435090787621438,2.30961452601943,0.36105048054360545,0.3660451725424592,0,0.89,1,0.09238749998621643
m,400.0,0,4,7784856609694958567,200,400,8,1021,3.19,8.0,cached,float32,1,0.3326797385620915,225.31855442234064,0.14435090787621438,2.30961452601943,0.36105048054360545,0.3660451725424592,0,0.88,1,0.09412700007669628
m,400.0,0,5,8854691651730449796,200,400,8,1021,3.19,8.0,cached,float32,1,0.3326797385620915,225.31855442234064,0.14435090787621438,2.30961452601943,0.36105048054360545,0.3660451725424592,0,0.935,2,0.09413459990173578
m,400.0,0,6,13845251136044705932,200,400,8,1021,3.19,8.0,cached,float32,1,0.3326797385620915,225.31855442234064,0.14435090787621438,2.30961452601943,0.36105048054360545,0.3660451725424592,0,0.89,2,0.09083569992799312
m,400.0,0,7,16375485523407557126,200,400,8,1021,3.19,8.0,cached,float32,1,0.3326797385620915,225.31855442234064,0.14435090787621438,2.30961452601943,0.36105048054360545,0.3660451725424592,0,0.945,5,0.09541760000865906
m,400.0,0,8,15041427087483994623,200,400,8,1021,3.19,8.0,cached,float32,1,0.3326797385620915,225.31855442234064,0.14435090787621438,2.30961452601943,0.36105048054360545,0.3660451725424592,0,0.985,6,0.09156589990016073
m,400.0,0,9,5401325020810896360,200,400,8,1021,3.19,8.0,cached,float32,1,0.3326797385620915,225.31855442234064,0.14435090787621438,2.30961452601943,0.36105048054360545,0.3660451725424592,0,0.945,7,0.08982369990553707
m,400.0,0,10,2703215164358214022,200,400,8,1021,3.19,8.0,cached,float32,1,0.3326797385620915,225.31855442234064,0.14435090787621438,2.30961452601943,0.36105048054360545,0.3660451725424592,0,0.86,3,0.09010419994592667
m,400.0,0,11,12579813435100660372,200,400,8,1021,3.19,8.0,cached,float32,1,0.3326797385620915,225.31855442234064,0.14435090787621438,2.30961452601943,0.36105048054360545,0.3660451725424592,0,0.52,1,0.08954169997014105
m,400.0,0,12,2049952404009565266,200,400,8,1021,3.19,8.0,cached,float32,1,0.3326797385620915,225.31855442234064,0.14435090787621438,2.30961452601943,0.36105048054360545,0.3660451725424592,0,0.705,1,0.0912856999784708
m,400.0,0,13,17620143293010091676,200,400,8,1021,3.19,8.0,cached,float32,1,0.3326797385620915,225.31855442234064,0.14435090787621438,2.30961452601943,0.36105048054360545,0.3660451725424592,0,0.965,3,0.09009660000447184
m,400.0,0,14,13928366105649475843,200,400,8,1021,3.19,8.0,cached,float32,1,0.3326797385620915,225.31855442234064,0.14435090787621438,2.30961452601943,0.36105048054360545,0.3660451725424592,0,0.95,1,0.08932649996131659
m,400.0,0,15,5181189548632332089,200,400,8,1021,3.19,8.0,cached,float32,1,0.3326797385620915,225.31855442234064,0.14435090787621438,2.30961452601943,0.36105048054360545,0.3660451725424592,0,0.965,1,0.09283510001841933
m,400.0,0,16,11682227467868005054,200,400,8,1021,3.19,8.0,cached,float32,1,0.3326797385620915,225.31855442234064,0.14435090787621438,2.30961452601943,0.36105048054360545,0.3660451725424592,0,0.77,5,0.09326929994858801
m,400.0,0,17,1315545170428886109,200,400,8,1021,3.19,8.0,cached,float32,1,0.3326797385620915,225.31855442234064,0.14435090787621438,2.30961452601943,0.36105048054360545,0.3660451725424592,0,0.62,8,0.0904246000573039
m,400.0,0,18,6802235664175497108,200,400,8,1021,3.19,8.0,cached,float32,1,0.3326797385620915,225.31855442234064,0.14435090787621438,2.30961452601943,0.36105048054360545,0.3660451725424592,0,0.7,3,0.09104910003952682
m,400.0,0,19,12614433811745501957,200,400,8,1021,3.19,8.0,cached,float32,1,0.3326797385620915,225.31855442234064,0.14435090787621438,2.30961452601943,0.36105048054360545,0.3660451725424592,0,0.86,2,0.09161879995372146
m,400.0,0,20,10720344984849590327,200,400,8,1021,3.19,8.0,cached,float32,1,0.3326797385620915,225.31855442234064,0.14435090787621438,2.30961452601943,0.36105048054360545,0.3660451725424592,0,0.905,6,0.09176209999714047
m,400.0,0,21,11746373231427955062,200,400,8,1021,3.19,8.0,cached,float32,1,0.3326797385620915,225.31855442234064,0.14435090787621438,2.30961452601943,0.36105048054360545,0.3660451725424592,0,0.965,12,0.09263830003328621
m,400.0,0,22,110629299629645129,200,400,8,1021,3.19,8.0,cached,float32,1,0.3326797385620915,225.31855442234064,0.14435090787621438,2.30961452601943,0.36105048054360545,0.3660451725424592,0,0.88,1,0.09034930006600916
m,400.0,0,23,12121766772720249974,200,400,8,1021,3.19,8.0,cached,float32,1,0.3326797385620915,225.31855442234064,0.14435090787621438,2.30961452601943,0.36105048054360545,0.3660451725424592,0,0.955,1,0.09010250004939735
m,400.0,0,24,8447793545529475897,200,400,8,1021,3.19,8.0,cached,float32,1,0.3326797385620915,225.31855442234064,0.14435090787621438,2.30961452601943,0.36105048054360545,0.3660451725424592,0,0.98,12,0.0904424999607727
m,400.0,0,25,17111297654857408110,200,400,8,1021,3.19,8.0,cached,float32,1,0.3326797385620915,225.31855442234064,0.14435090787621438,2.30961452601943,0.36105048054360545,0.3660451725424592,0,0.99,8,0.08934549998957664
m,400.0,0,26,1202802850172806499,200,400,8,1021,3.19,8.0,cached,float32,1,0.3326797385620915,225.31855442234064,0.14435090787621438,2.30961452601943,0.36105048054360545,0.3660451725424592,0,0.825,6,0.10531629994511604
m,400.0,0,27,10920525478304151069,200,400,8,1021,3.19,8.0,cached,float32,1,0.3326797385620915,225.31855442234064,0.14435090787621438,2.30961452601943,0.36105048054360545,0.3660451725424592,0,0.94,4,0.0900792001048103
m,400.0,0,28,16449967288655384447,200,400,8,1021,3.19,8.0,cached,float32,1,0.3326797385620915,225.31855442234064,0.14435090787621438,2.30961452601943,0.36105048054360545,0.3660451725424592,0,0.94,2,0.09362460009288043
m,400.0,0,29,10066082576618480757,200,400,8,1021,3.19,8.0,cached,float32,1,0.3326797385620915,225.31855442234064,0.14435090787621438,2.30961452601943,0.36105048054360545,0.3660451725424592,0,0.885,2,0.09037570003420115
m,400.0,0,30,3463527523526000467,200,400,8,1021,3.19,8.0,cached,float32,1,0.3326797385620915,225.31855442234064,0.14435090787621438,2.30961452601943,0.36105048054360545,0.3660451725424592,0,0.94,4,0.08892539993394166
m,400.0,0,31,11774121908247301521,200,400,8,1021,3.19,8.0,cached,float32,1,0.3326797385620915,225.31855442234064,0.14435090787621438,2.30961452601943,0.36105048054360545,0.3660451725424592,0,0.955,3,0.08983730000909418
m,400.0,0,32,17061666512324317521,200,400,8,1021,3.19,8.0,cached,float32,1,0.3326797385620915,225.31855442234064,0.14435090787621438,2.30961452601943,0.36105048054360545,0.3660451725424592,0,0.915,9,0.08964839996770024
m,400.0,0,33,5354153406219673785,200,400,8,1021,3.19,8.0,cached,float32,1,0.3326797385620915,225.31855442234064,0.14435090787621438,2.30961452601943,0.36105048054360545,0.3660451725424592,0,0.975,3,0.09061770001426339
m,400.0,0,34,87738556979885634,200,400,8,1021,3.19,8.0,cached,float32,1,0.3326797385620915,225.31855442234064,0.14435090787621438,2.30961452601943,0.36105048054360545,0.3660451725424592,0,0.835,2,0.08876620000228286
m,400.0,0,35,7049385799293014027,200,400,8,1021,3.19,8.0,cached,float32,1,0.3326797385620915,225.31855442234064,0.14435090787621438,2.30961452601943,0.36105048054360545,0.3660451725424592,0,0.895,1,0.09081720001995564
m,400.0,0,36,13691659660048488379,200,400,8,1021,3.19,8.0,cached,float32,1,0.3326797385620915,225.31855442234064,0.14435090787621438,2.30961452601943,0.36105048054360545,0.3660451725424592,0,0.98,9,0.09258090006187558
m,400.0,0,37,9319880319949180727,200,400,8,1021,3.19,8.0,cached,float32,1,0.3326797385620915,225.31855442234064,0.14435090787621438,2.30961452601943,0.36105048054360545,0.3660451725424592,0,0.905,7,0.08855250000488013
m,400.0,0,38,12659750748504136440,200,400,8,1021,3.19,8.0,cached,float32,1,0.3326797385620915,225.31855442234064,0.14435090787621438,2.30961452601943,0.36105048054360545,0.3660451725424592,0,0.965,2,0.0909781000809744
m,400.0,0,39,17229066365028179308,200,400,8,1021,3.19,8.0,cached,float32,1,0.3326797385620915,225.31855442234064,0.14435090787621438,2.30961452601943,0.36105048054360545,0.3660451725424592,0,0.94,3,0.09040760004427284
m,400.0,0,40,17550499006742382816,200,400,8,1021,3.19,8.0,cached,float32,1,0.3326797385620915,225.31855442234064,0.14435090787621438,2.30961452601943,0.36105048054360545,0.3660451725424592,0,0.965,2,0.09123050002381206
m,400.0,0,41,1821166027761144508,200,400,8,1021,3.19,8.0,cached,float32,1,0.3326797385620915,225.31855442234064,0.14435090787621438,2.30961452601943,0.36105048054360545,0.3660451725424592,0,0.74,1,0.09276560007128865
m,400.0,0,42,7688698130764054928,200,400,8,1021,3.19,8.0,cached,float32,1,0.3326797385620915,225.31855442234064,0.14435090787621438,2.30961452601943,0.36105048054360545,0.3660451725424592,0,0.97,6,0.08892630005721003
m,400.0,0,43,7124547847440936115,200,400,8,1021,3.19,8.0,cached,float32,1,0.3326797385620915,225.31855442234064,0.14435090787621438,2.30961452601943,0.36105048054360545,0.3660451725424592,0,0.905,1,0.09086190001107752
m,400.0,0,44,9426495952710282246,200,400,8,1021,3.19,8.0,cached,float32,1,0.3326797385620915,225.31855442234064,0.14435090787621438,2.30961452601943,0.36105048054360545,0.3660451725424592,0,0.745,1,0.09084369998890907
m,400.0,0,45,3383082313619252715,200,400,8,1021,3.19,8.0,cached,float32,1,0.3326797385620915,225.31855442234064,0.14435090787621438,2.30961452601943,0.36105048054360545,0.3660451725424592,0,0.925,3,0.09228809992782772
m,400.0,0,46,13889932502736144195,200,400,8,1021,3.19,8.0,cached,float32,1,0.3326797385620915,225.31855442234064,0.14435090787621438,2.30961452601943,0.36105048054360545,0.3660451725424592,0,0.94,6,0.09207410004455596
m,400.0,0,47,376158156596370619,200,400,8,1021,3.19,8.0,cached,float32,1,0.3326797385620915,225.31855442234064,0.14435090787621438,2.30961452601943,0.36105048054360545,0.3660451725424592,0,0.845,2,0.08971319999545813
m,400.0,0,48,353885563883673650,200,400,8,1021,3.19,8.0,cached,float32,1,0.3326797385620915,225.31855442234064,0.14435090787621438,2.30961452601943,0.36105048054360545,0.3660451725424592,0,0.96,2,0.09660610009450465
m,400.0,0,49,3403003990815501762,200,400,8,1021,3.19,8.0,cached,float32,1,0.3326797385620915,225.31855442234064,0.14435090787621438,2.30961452601943,0.36105048054360545,0.3660451725424592,0,0.735,1,0.09123969997745007
m,400.0,0,50,14560426883434832692,200,400,8,1021,3.19,8.0,cached,float32,1,0.3326797385620915,225.31855442234064,0.14435090787621438,2.30961452601943,0.36105048054360545,0.3660451725424592,0,0.925,1,0.08957620000001043
m,400.0,0,51,3287957220396067251,200,400,8,1021,3.19,8.0,cached,float32,1,0.3326797385620915,225.31855442234064,0.14435090787621438,2.30961452601943,0.36105048054360545,0.3660451725424592,0,0.935,1,0.0909771000733599
m,400.0,0,52,3946478151707230904,200,400,8,1021,3.19,8.0,cached,float32,1,0.3326797385620915,225.31855442234064,0.14435090787621438,2.30961452601943,0.36105048054360545,0.3660451725424592,0,0.9,2,0.09070379997137934
m,400.0,0,53,10910957593513444927,200,400,8,1021,3.19,8.0,cached,float32,1,0.3326797385620915,225.31855442234064,0.14435090787621438,2.30961452601943,0.36105048054360545,0.3660451725424592,0,0.785,1,0.08939509990159422
m,400.0,0,54,8370588616527456143,200,400,8,1021,3.19,8.0,cached,float32,1,0.3326797385620915,225.31855442234064,0.14435090787621438,2.30961452601943,0.36105048054360545,0.3660451725424592,0,0.9,1,0.08864540001377463
m,400.0,0,55,7447451052001080004,200,400,8,1021,3.19,8.0,cached,float32,1,0.3326797385620915,225.31855442234064,0.14435090787621438,2.30961452601943,0.36105048054360545,0.3660451725424592,0,0.94,4,0.08949229994323105
m,400.0,0,56,867036830754976758,200,400,8,1021,3.19,8.0,cached,float32,1,0.3326797385620915,225.31855442234064,0.14435090787621438,2.30961452601943,0.36105048054360545,0.3660451725424592,0,0.93,2,0.09018890000879765
m,400.0,0,57,10901775303188306687,200,400,8,1021,3.19,8.0,cached,float32,1,0.3326797385620915,225.31855442234064,0.14435090787621438,2.30961452601943,0.36105048054360545,0.3660451725424592,0,0.965,6,0.08992579998448491
m,400.0,0,58,15372726459627129603,200,400,8,1021,3.19,8.0,cached,float32,1,0.3326797385620915,225.31855442234064,0.14435090787621438,2.30961452601943,0.36105048054360545,0.3660451725424592,0,0.935,1,0.0915472999913618
m,400.0,0,59,15681867024923609717,200,400,8,1021,3.19,8.0,cached,float32,1,0.3326797385620915,225.31855442234064,0.14435090787621438,2.30961452601943,0.36105048054360545,0.3660451725424592,0,0.905,1,0.0892506999662146
m,400.0,0,60,12771008113363460531,200,400,8,1021,3.19,8.0,cached,float32,1,0.3326797385620915,225.31855442234064,0.14435090787621438,2.30961452601943,0.36105048054360545,0.3660451725424592,0,0.845,2,0.08937270008027554
m,400.0,0,61,17596656636101277719,200,400,8,1021,3.19,8.0,cached,float32,1,0.3326797385620915,225.31855442234064,0.14435090787621438,2.30961452601943,0.36105048054360545,0.3660451725424592,0,0.925,1,0.08849520003423095
m,400.0,0,62,1855633388161169633,200,400,8,1021,3.19,8.0,cached,float32,1,0.3326797385620915,225.31855442234064,0.14435090787621438,2.30961452601943,0.36105048054360545,0.3660451725424592,0,0.98,10,0.08861189999151975
m,400.0,0,63,202553834393884802,200,400,8,1021,3.19,8.0,cached,float32,1,0.3326797385620915,225.31855442234064,0.14435090787621438,2.30961452601943,0.36105048054360545,0.3660451725424592,0,0.95,6,0.0902380000334233
m,400.0,0,64,12128772735837631034,200,400,8,1021,3.19,8.0,cached,float32,1,0.3326797385620915,225.31855442234064,0.14435090787621438,2.30961452601943,0.36105048054360545,0.3660451725424592,0,0.825,2,0.08977250009775162
m,400.0,0,65,12788567376900191278,200,400,8,1021,3.19,8.0,cached,float32,1,0.3326797385620915,225.31855442234064,0.14435090787621438,2.30961452601943,0.36105048054360545,0.3660451725424592,0,0.925,1,0.08979560004081577
m,400.0,0,66,8374952013983992825,200,400,8,1021,3.19,8.0,cached,float32,1,0.3326797385620915,225.31855442234064,0.14435090787621438,2.30961452601943,0.36105048054360545,0.3660451725424592,0,0.925,8,0.08860799996182323
m,400.0,0,67,2579769095498844368,200,400,8,1021,3.19,8.0,cached,float32,1,0.3326797385620915,225.31855442234064,0.14435090787621438,2.30961452601943,0.36105048054360545,0.3660451725424592,0,0.935,1,0.08956979995127767
m,400.0,0,68,15017822944866175862,200,400,8,1021,3.19,8.0,cached,float32,1,0.3326797385620915,225.31855442234064,0.14435090787621438,2.30961452601943,0.36105048054360545,0.3660451725424592,0,0.89,1,0.08975009992718697
m,400.0,0,69,3338462170483031138,200,400,8,1021,3.19,8.0,cached,float32,1,0.3326797385620915,225.31855442234064,0.14435090787621438,2.30961452601943,0.36105048054360545,0.3660451725424592,0,0.96,3,0.09063410002272576
m,400.0,0,70,14269810915960730872,200,400,8,1021,3.19,8.0,cached,float32,1,0.3326797385620915,225.31855442234064,0.14435090787621438,2.30961452601943,0.36105048054360545,0.3660451725424592,0,0.92,4,0.0906980000436306
m,400.0,0,71,5457445343144033062,200,400,8,1021,3.19,8.0,cached,float32,1,0.3326797385620915,225.31855442234064,0.14435090787621438,2.30961452601943,0.36105048054360545,0.3660451725424592,0,0.945,1,0.08974600001238286
m,400.0,0,72,3832171502695169779,200,400,8,1021,3.19,8.0,cached,float32,1,0.3326797385620915,225.31855442234064,0.14435090787621438,2.30961452601943,0.36105048054360545,0.3660451725424592,0,0.94,3,0.09440289996564388
m,400.0,0,73,15999439207007130206,200,400,8,1021,3.19,8.0,cached,float32,1,0.3326797385620915,225.31855442234064,0.14435090787621438,2.30961452601943,0.36105048054360545,0.3660451725424592,0,0.95,3,0.08924589992966503
m,400.0,0,74,5850935620836725639,200,400,8,1021,3.19,8.0,cached,float32,1,0.3326797385620915,225.31855442234064,0.14435090787621438,2.30961452601943,0.36105048054360545,0.3660451725424592,0,0.96,1,0.08808190003037453
m,400.0,0,75,1241891925002221411,200,400,8,1021,3.19,8.0,cached,float32,1,0.3326797385620915,225.31855442234064,0.14435090787621438,2.30961452601943,0.36105048054360545,0.3660451725424592,0,0.95,14,0.08863000001292676
m,400.0,0,76,15913602476624053444,200,400,8,1021,3.19,8.0,cached,float32,1,0.3326797385620915,225.31855442234064,0.14435090787621438,2.30961452601943,0.36105048054360545,0.3660451725424592,0,0.675,3,0.08904789993539453
m,400.0,0,77,10298648993997137441,200,400,8,1021,3.19,8.0,cached,float32,1,0.3326797385620915,225.31855442234064,0.14435090787621438,2.30961452601943,0.36105048054360545,0.3660451725424592,0,0.97,15,0.08860809996258467
m,400.0,0,78,6235057472565417868,200,400,8,1021,3.19,8.0,cached,float32,1,0.3326797385620915,225.31855442234064,0.14435090787621438,2.30961452601943,0.36105048054360545,0.3660451725424592,0,0.975,8,0.0889380999142304
m,400.0,0,79,5505474796344674,200,400,8,1021,3.19,8.0,cached,float32,1,0.3326797385620915,225.31855442234064,0.14435090787621438,2.30961452601943,0.36105048054360545,0.3660451725424592,0,0.525,1,0.08910370001103729
m,400.0,0,80,1254644122193882300,200,400,8,1021,3.19,8.0,cached,float32,1,0.3326797385620915,225.31855442234064,0.14435090787621438,2.30961452601943,0.36105048054360545,0.3660451725424592,0,0.84,5,0.08905379998032004
m,400.0,0,81,14752174254959323524,200,400,8,1021,3.19,8.0,cached,float32,1,0.3326797385620915,225.31855442234064,0.14435090787621438,2.30961452601943,0.36105048054360545,0.3660451725424592,0,0.75,7,0.08796759997494519
m,400.0,0,82,18244653245698873343,200,400,8,1021,3.19,8.0,cached,float32,1,0.3326797385620915,225.31855442234064,0.14435090787621438,2.30961452601943,0.36105048054360545,0.3660451725424592,0,0.93,4,0.08846919995266944
m,400.0,0,83,15879118129342386443,200,400,8,1021,3.19,8.0,cached,float32,1,0.3326797385620915,225.31855442234064,0.14435090787621438,2.30961452601943,0.36105048054360545,0.3660451725424592,0,0.925,3,0.08871559996623546
m,400.0,0,84,12189263856769768465,200,400,8,1021,3.19,8.0,cached,float32,1,0.3326797385620915,225.31855442234064,0.14435090787621438,2.30961452601943,0.36105048054360545,0.3660451725424592,0,0.965,4,0.08986569999251515
m,400.0,0,85,11722257178929110045,200,400,8,1021,3.19,8.0,cached,float32,1,0.3326797385620915,225.31855442234064,0.14435090787621438,2.30961452601943,0.36105048054360545,0.3660451725424592,0,0.94,3,0.09026000008452684
m,400.0,0,86,1230615839583955057,200,400,8,1021,3.19,8.0,cached,float32,1,0.3326797385620915,225.31855442234064,0.14435090787621438,2.30961452601943,0.36105048054360545,0.3660451725424592,0,0.905,6,0.0884676999412477
m,400.0,0,87,10604499753059409795,200,400,8,1021,3.19,8.0,cached,float32,1,0.3326797385620915,225.31855442234064,0.14435090787621438,2.30961452601943,0.36105048054360545,0.3660451725424592,0,0.92,2,0.0914723000023514
m,400.0,0,88,15121444313317983247,200,400,8,1021,3.19,8.0,cached,float32,1,0.3326797385620915,225.31855442234064,0.14435090787621438,2.30961452601943,0.36105048054360545,0.3660451725424592,0,0.715,1,0.0900211000116542
m,400.0,0,89,2358616558295093088,200,400,8,1021,3.19,8.0,cached,float32,1,0.3326797385620915,225.31855442234064,0.14435090787621438,2.30961452601943,0.36105048054360545,0.3660451725424592,0,0.93,12,0.09007780009415
m,400.0,0,90,7360012702397069330,200,400,8,1021,3.19,8.0,cached,float32,1,0.3326797385620915,225.31855442234064,0.14435090787621438,2.30961452601943,0.36105048054360545,0.3660451725424592,0,0.955,2,0.0905376001028344
m,400.0,0,91,224919814212574478,200,400,8,1021,3.19,8.0,cached,float32,1,0.3326797385620915,225.31855442234064,0.14435090787621438,2.30961452601943,0.36105048054360545,0.3660451725424592,0,0.885,5,0.09038519999012351
m,400.0,0,92,14638178669844219599,200,400,8,1021,3.19,8.0,cached,float32,1,0.3326797385620915,225.31855442234064,0.14435090787621438,2.30961452601943,0.36105048054360545,0.3660451725424592,0,0.955,1,0.09138450003229082
m,400.0,0,93,8935053923077425578,200,400,8,1021,3.19,8.0,cached,float32,1,0.3326797385620915,225.31855442234064,0.14435090787621438,2.30961452601943,0.36105048054360545,0.3660451725424592,0,0.905,3,0.0890596000244841
m,400.0,0,94,8199899286988292343,200,400,8,1021,3.19,8.0,cached,float32,1,0.3326797385620915,225.31855442234064,0.14435090787621438,2.30961452601943,0.36105048054360545,0.3660451725424592,0,0.93,2,0.09014899993781
m,400.0,0,95,14357636427434551262,200,400,8,1021,3.19,8.0,cached,float32,1,0.3326797385620915,225.31855442234064,0.14435090787621438,2.30961452601943,0.36105048054360545,0.3660451725424592,0,0.905,2,0.09013500006403774
m,400.0,0,96,1361953428476365049,200,400,8,1021,3.19,8.0,cached,float32,1,0.3326797385620915,225.31855442234064,0.14435090787621438,2.30961452601943,0.36105048054360545,0.3660451725424592,0,0.92,2,0.08917980000842363
m,400.0,0,97,10519618837554010404,200,400,8,1021,3.19,8.0,cached,float32,1,0.3326797385620915,225.31855442234064,0.14435090787621438,2.30961452601943,0.36105048054360545,0.3660451725424592,0,0.94,2,0.09054539992939681
m,400.0,0,98,2063174714565909396,200,400,8,1021,3.19,8.0,cached,float32,1,0.3326797385620915,225.31855442234064,0.14435090787621438,2.30961452601943,0.36105048054360545,0.3660451725424592,0,0.92,2,0.08983200008515269
m,400.0,0,99,13504198780193910935,200,400,8,1021,3.19,8.0,cached,float32,1,0.3326797385620915,225.31855442234064,0.14435090787621438,2.30961452601943,0.36105048054360545,0.3660451725424592,0,0.955,2,0.0902260000584647
m,600.0,1,0,12548291343437322600,200,600,8,1021,3.19,8.0,cached,float32,1,0.3326797385620915,225.31855442234064,0.14435090787621438,3.464421789029145,0.5415757208154082,0.5490677588136889,0,0.97,1,0.13068289996590465
m,600.0,1,1,12608855040305213934,200,600,8,1021,3.19,8.0,cached,float32,1,0.3326797385620915,225.31855442234064,0.14435090787621438,3.464421789029145,0.5415757208154082,0.5490677588136889,0,0.98,4,0.12877369998022914
m,600.0,1,2,14729361270608340530,200,600,8,1021,3.19,8.0,cached,float32,1,0.3326797385620915,225.31855442234064,0.14435090787621438,3.464421789029145,0.5415757208154082,0.5490677588136889,0,0.98,2,0.1311671999283135
m,600.0,1,3,2487803105609232217,200,600,8,1021,3.19,8.0,cached,float32,1,0.3326797385620915,225.31855442234064,0.14435090787621438,3.464421789029145,0.5415757208154082,0.5490677588136889,0,0.985,12,0.13323320006020367
m,600.0,1,4,9830449193378974856,200,600,8,1021,3.19,8.0,cached,float32,1,0.3326797385620915,225.31855442234064,0.14435090787621438,3.464421789029145,0.5415757208154082,0.5490677588136889,0,0.895,1,0.13121589994989336
m,600.0,1,5,17927654027786145602,200,600,8,1021,3.19,8.0,cached,float32,1,0.3326797385620915,225.31855442234064,0.14435090787621438,3.464421789029145,0.5415757208154082,0.5490677588136889,0,0.99,13,0.12861370004247874
m,600.0,1,6,11272210599070401799,200,600,8,1021,3.19,8.0,cached,float32,1,0.3326797385620915,225.31855442234064,0.14435090787621438,3.464421789029145,0.5415757208154082,0.5490677588136889,0,0.95,3,0.13140730001032352
m,600.0,1,7,9512855864600173386,200,600,8,1021,3.19,8.0,cached,float32,1,0.3326797385620915,225.31855442234064,0.14435090787621438,3.464421789029145,0.5415757208154082,0.5490677588136889,0,0.9,1,0.13856430002488196
m,600.0,1,8,9653160137687006961,200,600,8,1021,3.19,8.0,cached,float32,1,0.3326797385620915,225.31855442234064,0.14435090787621438,3.464421789029145,0.5415757208154082,0.5490677588136889,0,0.92,2,0.1314676000038162
m,600.0,1,9,7414869779054349184,200,600,8,1021,3.19,8.0,cached,float32,1,0.3326797385620915,225.31855442234064,0.14435090787621438,3.464421789029145,0.5415757208154082,0.5490677588136889,0,0.945,4,0.12824980006553233
m,600.0,1,10,8501716491825423288,200,600,8,1021,3.19,8.0,cached,float32,1,0.3326797385620915,225.31855442234064,0.14435090787621438,3.464421789029145,0.5415757208154082,0.5490677588136889,0,0.945,1,0.12928290001582354
m,600.0,1,11,4848552022590570661,200,600,8,1021,3.19,8.0,cached,float32,1,0.3326797385620915,225.31855442234064,0.14435090787621438,3.464421789029145,0.5415757208154082,0.5490677588136889,0,0.97,4,0.12867210002150387
m,600.0,1,12,2067270980689220023,200,600,8,1021,3.19,8.0,cached,float32,1,0.3326797385620915,225.31855442234064,0.14435090787621438,3.464421789029145,0.5415757208154082,0.5490677588136889,0,0.955,8,0.12931569991633296
m,600.0,1,13,7191367336137611212,200,600,8,1021,3.19,8.0,cached,float32,1,0.3326797385620915,225.31855442234064,0.14435090787621438,3.464421789029145,0.5415757208154082,0.5490677588136889,0,0.98,5,0.12799880001693964
m,600.0,1,14,966985120810230878,200,600,8,1021,3.19,8.0,cached,float32,1,0.3326797385620915,225.31855442234064,0.14435090787621438,3.464421789029145,0.5415757208154082,0.5490677588136889,0,0.915,4,0.1282125998986885
m,600.0,1,15,15133862525318102535,200,600,8,1021,3.19,8.0,cached,float32,1,0.3326797385620915,225.31855442234064,0.14435090787621438,3.464421789029145,0.5415757208154082,0.5490677588136889,1,1.0,0,0.12990370008628815
m,600.0,1,16,14939365434695462387,200,600,8,1021,3.19,8.0,cached,float32,1,0.3326797385620915,225.31855442234064,0.14435090787621438,3.464421789029145,0.5415757208154082,0.5490677588136889,0,0.92,3,0.13196140003856272
m,600.0,1,17,8939010347565613837,200,600,8,1021,3.19,8.0,cached,float32,1,0.3326797385620915,225.31855442234064,0.14435090787621438,3.464421789029145,0.5415757208154082,0.5490677588136889,0,0.975,8,0.12931469990871847
m,600.0,1,18,6366983565685860568,200,600,8,1021,3.19,8.0,cached,float32,1,0.3326797385620915,225.31855442234064,0.14435090787621438,3.464421789029145,0.5415757208154082,0.5490677588136889,0,0.985,1,0.13044969993643463
m,600.0,1,19,279957404692367248,200,600,8,1021,3.19,8.0,cached,float32,1,0.3326797385620915,225.31855442234064,0.14435090787621438,3.464421789029145,0.5415757208154082,0.5490677588136889,1,1.0,0,0.12906690000090748
m,600.0,1,20,831585432915157661,200,600,8,1021,3.19,8.0,cached,float32,1,0.3326797385620915,225.31855442234064,0.14435090787621438,3.464421789029145,0.5415757208154082,0.5490677588136889,0,0.97,3,0.1270721999462694
m,600.0,1,21,15490683205902749653,200,600,8,1021,3.19,8.0,cached,float32,1,0.3326797385620915,225.31855442234064,0.14435090787621438,3.464421789029145,0.5415757208154082,0.5490677588136889,0,0.995,19,0.13281320000533015
m,600.0,1,22,9674439832890865971,200,600,8,1021,3.19,8.0,cached,float32,1,0.3326797385620915,225.31855442234064,0.14435090787621438,3.464421789029145,0.5415757208154082,0.5490677588136889,0,0.98,1,0.1334591000340879
m,600.0,1,23,2995475471721042039,200,600,8,1021,3.19,8.0,cached,float32,1,0.3326797385620915,225.31855442234064,0.14435090787621438,3.464421789029145,0.5415757208154082,0.5490677588136889,0,0.975,1,0.13169049995485693
m,600.0,1,24,10082717824134293651,200,600,8,1021,3.19,8.0,cached,float32,1,0.3326797385620915,225.31855442234064,0.14435090787621438,3.464421789029145,0.5415757208154082,0.5490677588136889,0,0.95,3,0.13232050009537488
m,600.0,1,25,7753176953750655743,200,600,8,1021,3.19,8.0,cached,float32,1,0.3326797385620915,225.31855442234064,0.14435090787621438,3.464421789029145,0.5415757208154082,0.5490677588136889,0,0.955,3,0.13082489999942482
m,600.0,1,26,4384672888665168011,200,600,8,1021,3.19,8.0,cached,float32,1,0.3326797385620915,225.31855442234064,0.14435090787621438,3.464421789029145,0.5415757208154082,0.5490677588136889,0,0.98,2,0.13164849998429418
m,600.0,1,27,5879415587115610737,200,600,8,1021,3.19,8.0,cached,float32,1,0.3326797385620915,225.31855442234064,0.14435090787621438,3.464421789029145,0.5415757208154082,0.5490677588136889,0,0.97,1,0.1294468000996858
m,600.0,1,28,11235794078195799020,200,600,8,1021,3.19,8.0,cached,float32,1,0.3326797385620915,225.31855442234064,0.14435090787621438,3.464421789029145,0.5415757208154082,0.5490677588136889,0,0.925,2,0.12930369994137436
m,600.0,1,29,7217747781998973615,200,600,8,1021,3.19,8.0,cached,float32,1,0.3326797385620915,225.31855442234064,0.14435090787621438,3.464421789029145,0.5415757208154082,0.5490677588136889,0,0.965,7,0.12829290004447103
m,600.0,1,30,2128551862345254537,200,600,8,1021,3.19,8.0,cached,float32,1,0.3326797385620915,225.31855442234064,0.14435090787621438,3.464421789029145,0.5415757208154082,0.5490677588136889,0,0.965,9,0.12868610001169145
m,600.0,1,31,7099362235955239727,200,600,8,1021,3.19,8.0,cached,float32,1,0.3326797385620915,225.31855442234064,0.14435090787621438,3.464421789029145,0.5415757208154082,0.5490677588136889,0,0.96,1,0.12895849999040365
m,600.0,1,32,4547350284409069308,200,600,8,1021,3.19,8.0,cached,float32,1,0.3326797385620915,225.31855442234064,0.14435090787621438,3.464421789029145,0.5415757208154082,0.5490677588136889,0,0.94,1,0.1322171000065282
m,600.0,1,33,8267659913746146551,200,600,8,1021,3.19,8.0,cached,float32,1,0.3326797385620915,225.31855442234064,0.14435090787621438,3.464421789029145,0.5415757208154082,0.5490677588136889,0,0.98,3,0.12975949991960078
m,600.0,1,34,14286509913660170158,200,600,8,1021,3.19,8.0,cached,float32,1,0.3326797385620915,225.31855442234064,0.14435090787621438,3.464421789029145,0.5415757208154082,0.5490677588136889,0,0.975,4,0.12942180002573878
m,600.0,1,35,8929200953752298754,200,600,8,1021,3.19,8.0,cached,float32,1,0.3326797385620915,225.31855442234064,0.14435090787621438,3.464421789029145,0.5415757208154082,0.5490677588136889,0,0.925,1,0.12685839994810522
m,600.0,1,36,7238703060371084406,200,600,8,1021,3.19,8.0,cached,float32,1,0.3326797385620915,225.31855442234064,0.14435090787621438,3.464421789029145,0.5415757208154082,0.5490677588136889,0,0.985,11,0.12842409999575466
m,600.0,1,37,2218641527022824558,200,600,8,1021,3.19,8.0,cached,float32,1,0.3326797385620915,225.31855442234064,0.14435090787621438,3.464421789029145,0.5415757208154082,0.5490677588136889,0,0.98,1,0.13094250007998198
m,600.0,1,38,9997412393559667063,200,600,8,1021,3.19,8.0,cached,float32,1,0.3326797385620915,225.31855442234064,0.14435090787621438,3.464421789029145,0.5415757208154082,0.5490677588136889,0,0.975,1,0.12804779992438853
m,600.0,1,39,12369944461217480018,200,600,8,1021,3.19,8.0,cached,float32,1,0.3326797385620915,225.31855442234064,0.14435090787621438,3.464421789029145,0.5415757208154082,0.5490677588136889,0,0.95,5,0.12684159993659705
m,600.0,1,40,15395791453249670239,200,600,8,1021,3.19,8.0,cached,float32,1,0.3326797385620915,225.31855442234064,0.14435090787621438,3.464421789029145,0.5415757208154082,0.5490677588136889,0,0.98,5,0.12795220001135021
m,600.0,1,41,17269060972626439462,200,600,8,1021,3.19,8.0,cached,float32,1,0.3326797385620915,225.31855442234064,0.14435090787621438,3.464421789029145,0.5415757208154082,0.5490677588136889,0,0.975,12,0.12746460002381355
m,600.0,1,42,10887758252173550322,200,600,8,1021,3.19,8.0,cached,float32,1,0.3326797385620915,225.31855442234064,0.14435090787621438,3.464421789029145,0.5415757208154082,0.5490677588136889,0,0.94,4,0.12702210003044456
m,600.0,1,43,12104963734037419252,200,600,8,1021,3.19,8.0,cached,float32,1,0.3326797385620915,225.31855442234064,0.14435090787621438,3.464421789029145,0.5415757208154082,0.5490677588136889,0,0.975,2,0.12896280002314597
m,600.0,1,44,18418998513587007719,200,600,8,1021,3.19,8.0,cached,float32,1,0.3326797385620915,225.31855442234064,0.14435090787621438,3.464421789029145,0.5415757208154082,0.5490677588136889,1,1.0,0,0.1307008999865502
m,600.0,1,45,14325108717319166911,200,600,8,1021,3.19,8.0,cached,float32,1,0.3326797385620915,225.31855442234064,0.14435090787621438,3.464421789029145,0.5415757208154082,0.5490677588136889,0,0.975,2,0.12903429998550564
m,600.0,1,46,8827039210735694063,200,600,8,1021,3.19,8.0,cached,float32,1,0.3326797385620915,225.31855442234064,0.14435090787621438,3.464421789029145,0.5415757208154082,0.5490677588136889,0,0.985,9,0.1276846999535337
m,600.0,1,47,17723887167771608271,200,600,8,1021,3.19,8.0,cached,float32,1,0.3326797385620915,225.31855442234064,0.14435090787621438,3.464421789029145,0.5415757208154082,0.5490677588136889,0,0.965,1,0.12905610003508627
m,600.0,1,48,13272348318465845275,200,600,8,1021,3.19,8.0,cached,float32,1,0.3326797385620915,225.31855442234064,0.14435090787621438,3.464421789029145,0.5415757208154082,0.5490677588136889,0,0.96,4,0.13071619998663664
m,600.0,1,49,11473330789776606938,200,600,8,1021,3.19,8.0,cached,float32,1,0.3326797385620915,225.31855442234064,0.14435090787621438,3.464421789029145,0.5415757208154082,0.5490677588136889,1,1.0,0,0.13081900007091463
m,600.0,1,50,7699714371521357236,200,600,8,1021,3.19,8.0,cached,float32,1,0.3326797385620915,225.31855442234064,0.14435090787621438,3.464421789029145,0.5415757208154082,0.5490677588136889,0,0.96,3,0.12889209995046258
m,600.0,1,51,5081318091666213543,200,600,8,1021,3.19,8.0,cached,float32,1,0.3326797385620915,225.31855442234064,0.14435090787621438,3.464421789029145,0.5415757208154082,0.5490677588136889,0,0.995,10,0.13267740001901984
m,600.0,1,52,11065512177285295711,200,600,8,1021,3.19,8.0,cached,float32,1,0.3326797385620915,225.31855442234064,0.14435090787621438,3.464421789029145,0.5415757208154082,0.5490677588136889,0,0.93,1,0.13118579995352775
m,600.0,1,53,12119476555260526667,200,600,8,1021,3.19,8.0,cached,float32,1,0.3326797385620915,225.31855442234064,0.14435090787621438,3.464421789029145,0.5415757208154082,0.5490677588136889,0,0.885,1,0.13684150006156415
m,600.0,1,54,5636817806090123742,200,600,8,1021,3.19,8.0,cached,float32,1,0.3326797385620915,225.31855442234064,0.14435090787621438,3.464421789029145,0.5415757208154082,0.5490677588136889,0,0.97,3,0.12908189999870956
m,600.0,1,55,10538167803159797189,200,600,8,1021,3.19,8.0,cached,float32,1,0.3326797385620915,225.31855442234064,0.14435090787621438,3.464421789029145,0.5415757208154082,0.5490677588136889,0,0.945,1,0.13058360002469271
m,600.0,1,56,12575403250510785939,200,600,8,1021,3.19,8.0,cached,float32,1,0.3326797385620915,225.31855442234064,0.14435090787621438,3.464421789029145,0.5415757208154082,0.5490677588136889,0,0.96,3,0.13366669998504221
m,600.0,1,57,3369716008965486913,200,600,8,1021,3.19,8.0,cached,float32,1,0.3326797385620915,225.31855442234064,0.14435090787621438,3.464421789029145,0.5415757208154082,0.5490677588136889,0,0.98,5,0.1314954999834299
m,600.0,1,58,15474560878008485604,200,600,8,1021,3.19,8.0,cached,float32,1,0.3326797385620915,225.31855442234064,0.14435090787621438,3.464421789029145,0.5415757208154082,0.5490677588136889,0,0.96,1,0.13064130011480302
m,600.0,1,59,8928061609015901736,200,600,8,1021,3.19,8.0,cached,float32,1,0.3326797385620915,225.31855442234064,0.14435090787621438,3.464421789029145,0.5415757208154082,0.5490677588136889,0,0.855,1,0.13098800007719547
m,600.0,1,60,17133467677273865120,200,600,8,1021,3.19,8.0,cached,float32,1,0.3326797385620915,225.31855442234064,0.14435090787621438,3.464421789029145,0.5415757208154082,0.5490677588136889,0,0.985,4,0.12971460004337132
m,600.0,1,61,8285915201474119996,200,600,8,1021,3.19,8.0,cached,float32,1,0.3326797385620915,225.31855442234064,0.14435090787621438,3.464421789029145,0.5415757208154082,0.5490677588136889,0,0.98,3,0.12873689993284643
m,600.0,1,62,6313323794475118840,200,600,8,1021,3.19,8.0,cached,float32,1,0.3326797385620915,225.31855442234064,0.14435090787621438,3.464421789029145,0.5415757208154082,0.5490677588136889,0,0.9,1,0.13107070000842214
m,600.0,1,63,10908764131348585416,200,600,8,1021,3.19,8.0,cached,float32,1,0.3326797385620915,225.31855442234064,0.14435090787621438,3.464421789029145,0.5415757208154082,0.5490677588136889,0,0.96,1,0.1321878000162542
m,600.0,1,64,7195324319663127167,200,600,8,1021,3.19,8.0,cached,float32,1,0.3326797385620915,225.31855442234064,0.14435090787621438,3.464421789029145,0.5415757208154082,0.5490677588136889,0,0.94,2,0.14845859992783517
m,600.0,1,65,1354301801385449401,200,600,8,1021,3.19,8.0,cached,float32,1,0.3326797385620915,225.31855442234064,0.14435090787621438,3.464421789029145,0.5415757208154082,0.5490677588136889,0,0.97,2,0.1369910000357777
m,600.0,1,66,18301493940723467632,200,600,8,1021,3.19,8.0,cached,float32,1,0.3326797385620915,225.31855442234064,0.14435090787621438,3.464421789029145,0.5415757208154082,0.5490677588136889,0,0.965,4,0.12828829989302903
m,600.0,1,67,6687087569462847842,200,600,8,1021,3.19,8.0,cached,float32,1,0.3326797385620915,225.31855442234064,0.14435090787621438,3.464421789029145,0.5415757208154082,0.5490677588136889,0,0.965,2,0.13040260004345328
m,600.0,1,68,7544697129478847082,200,600,8,1021,3.19,8.0,cached,float32,1,0.3326797385620915,225.31855442234064,0.14435090787621438,3.464421789029145,0.5415757208154082,0.5490677588136889,0,0.97,6,0.12992990005295724
m,600.0,1,69,10167758198067850603,200,600,8,1021,3.19,8.0,cached,float32,1,0.3326797385620915,225.31855442234064,0.14435090787621438,3.464421789029145,0.5415757208154082,0.5490677588136889,0,0.97,1,0.12902700004633516
m,600.0,1,70,6991375187791332886,200,600,8,1021,3.19,8.0,cached,float32,1,0.3326797385620915,225.31855442234064,0.14435090787621438,3.464421789029145,0.5415757208154082,0.5490677588136889,0,0.95,3,0.13175249996129423
m,600.0,1,71,9810730424880275382,200,600,8,1021,3.19,8.0,cached,float32,1,0.3326797385620915,225.31855442234064,0.14435090787621438,3.464421789029145,0.5415757208154082,0.5490677588136889,0,0.985,12,0.1302800999255851
m,600.0,1,72,12197379433378236570,200,600,8,1021,3.19,8.0,cached,float32,1,0.3326797385620915,225.31855442234064,0.14435090787621438,3.464421789029145,0.5415757208154082,0.5490677588136889,0,0.945,2,0.13280550006311387
m,600.0,1,73,13594559686480826337,200,600,8,1021,3.19,8.0,cached,float32,1,0.3326797385620915,225.31855442234064,0.14435090787621438,3.464421789029145,0.5415757208154082,0.5490677588136889,0,0.96,1,0.1293956000590697
m,600.0,1,74,17085906294556271952,200,600,8,1021,3.19,8.0,cached,float32,1,0.3326797385620915,225.31855442234064,0.14435090787621438,3.464421789029145,0.5415757208154082,0.5490677588136889,0,0.97,7,0.1305786999873817
m,600.0,1,75,7573752961701370766,200,600,8,1021,3.19,8.0,cached,float32,1,0.3326797385620915,225.31855442234064,0.14435090787621438,3.464421789029145,0.5415757208154082,0.5490677588136889,0,0.975,3,0.12967990001197904
m,600.0,1,76,2698463876029816480,200,600,8,1021,3.19,8.0,cached,float32,1,0.3326797385620915,225.31855442234064,0.14435090787621438,3.464421789029145,0.5415757208154082,0.5490677588136889,0,0.955,1,0.1298125000903383
m,600.0,1,77,15825890978353029394,200,600,8,1021,3.19,8.0,cached,float32,1,0.3326797385620915,225.31855442234064,0.14435090787621438,3.464421789029145,0.5415757208154082,0.5490677588136889,0,0.925,2,0.1293960000621155
m,600.0,1,78,8061442892043885577,200,600,8,1021,3.19,8.0,cached,float32,1,0.3326797385620915,225.31855442234064,0.14435090787621438,3.464421789029145,0.5415757208154082,0.5490677588136889,0,0.995,10,0.13050069997552782
m,600.0,1,79,11036259439314783959,200,600,8,1021,3.19,8.0,cached,float32,1,0.3326797385620915,225.31855442234064,0.14435090787621438,3.464421789029145,0.5415757208154082,0.5490677588136889,0,0.965,1,0.1327834000112489
m,600.0,1,80,11269360697490695838,200,600,8,1021,3.19,8.0,cached,float32,1,0.3326797385620915,225.31855442234064,0.14435090787621438,3.464421789029145,0.5415757208154082,0.5490677588136889,0,0.975,1,0.12871459999587387
m,600.0,1,81,3335294493072436262,200,600,8,1021,3.19,8.0,cached,float32,1,0.3326797385620915,225.31855442234064,0.14435090787621438,3.464421789029145,0.5415757208154082,0.5490677588136889,0,0.965,8,0.13062379998154938
m,600.0,1,82,14491112094437890209,200,600,8,1021,3.19,8.0,cached,float32,1,0.3326797385620915,225.31855442234064,0.14435090787621438,3.464421789029145,0.5415757208154082,0.5490677588136889,0,0.91,3,0.12983019999228418
m,600.0,1,83,2307356558840694987,200,600,8,1021,3.19,8.0,cached,float32,1,0.3326797385620915,225.31855442234064,0.14435090787621438,3.464421789029145,0.5415757208154082,0.5490677588136889,0,0.985,6,0.13009440002497286
m,600.0,1,84,9825911642915583860,200,600,8,1021,3.19,8.0,cached,float32,1,0.3326797385620915,225.31855442234064,0.14435090787621438,3.464421789029145,0.5415757208154082,0.5490677588136889,0,0.96,6,0.1267993999645114
m,600.0,1,85,8763755411485757156,200,600,8,1021,3.19,8.0,cached,float32,1,0.3326797385620915,225.31855442234064,0.14435090787621438,3.464421789029145,0.5415757208154082,0.5490677588136889,0,0.95,2,0.13164300005882978
m,600.0,1,86,13197424407397808554,200,600,8,1021,3.19,8.0,cached,float32,1,0.3326797385620915,225.31855442234064,0.14435090787621438,3.464421789029145,0.5415757208154082,0.5490677588136889,0,0.955,1,0.1298660000320524
m,600.0,1,87,8835259838135619730,200,600,8,1021,3.19,8.0,cached,float32,1,0.3326797385620915,225.31855442234064,0.14435090787621438,3.464421789029145,0.5415757208154082,0.5490677588136889,0,0.95,6,0.13070620002690703
m,600.0,1,88,13029772225716209478,200,600,8,1021,3.19,8.0,cached,float32,1,0.3326797385620915,225.31855442234064,0.14435090787621438,3.464421789029145,0.5415757208154082,0.5490677588136889,0,0.92,1,0.13025869999546558
m,600.0,1,89,14540380328842709905,200,600,8,1021,3.19,8.0,cached,float32,1,0.3326797385620915,225.31855442234064,0.14435090787621438,3.464421789029145,0.5415757208154082,0.5490677588136889,0,0.975,3,0.13053179997950792
m,600.0,1,90,1214607932141696783,200,600,8,1021,3.19,8.0,cached,float32,1,0.3326797385620915,225.31855442234064,0.14435090787621438,3.464421789029145,0.5415757208154082,0.5490677588136889,0,0.965,2,0.12949630001094192
m,600.0,1,91,7532096414771171336,200,600,8,1021,3.19,8.0,cached,float32,1,0.3326797385620915,225.31855442234064,0.14435090787621438,3.464421789029145,0.5415757208154082,0.5490677588136889,0,0.895,1,0.12967529997695237
m,600.0,1,92,3416847071775001373,200,600,8,1021,3.19,8.0,cached,float32,1,0.3326797385620915,225.31855442234064,0.14435090787621438,3.464421789029145,0.5415757208154082,0.5490677588136889,0,0.995,27,0.12842069996986538
m,600.0,1,93,12980168733958477444,200,600,8,1021,3.19,8.0,cached,float32,1,0.3326797385620915,225.31855442234064,0.14435090787621438,3.464421789029145,0.5415757208154082,0.5490677588136889,0,0.94,2,0.12919750006403774
m,600.0,1,94,7610005684918048556,200,600,8,1021,3.19,8.0,cached,float32,1,0.3326797385620915,225.31855442234064,0.14435090787621438,3.464421789029145,0.5415757208154082,0.5490677588136889,0,0.985,3,0.12745200004428625
m,600.0,1,95,7936790397935774024,200,600,8,1021,3.19,8.0,cached,float32,1,0.3326797385620915,225.31855442234064,0.14435090787621438,3.464421789029145,0.5415757208154082,0.5490677588136889,0,0.975,3,0.1330663999542594
m,600.0,1,96,13720080317022217414,200,600,8,1021,3.19,8.0,cached,float32,1,0.3326797385620915,225.31855442234064,0.14435090787621438,3.464421789029145,0.5415757208154082,0.5490677588136889,0,0.995,16,0.12906810001004487
m,600.0,1,97,10410038988451196561,200,600,8,1021,3.19,8.0,cached,float32,1,0.3326797385620915,225.31855442234064,0.14435090787621438,3.464421789029145,0.5415757208154082,0.5490677588136889,0,0.985,14,0.12989480001851916
m,600.0,1,98,108621582520535139,200,600,8,1021,3.19,8.0,cached,float32,1,0.3326797385620915,225.31855442234064,0.14435090787621438,3.464421789029145,0.5415757208154082,0.5490677588136889,0,0.98,7,0.12996009993366897
m,600.0,1,99,14385326985904196735,200,600,8,1021,3.19,8.0,cached,float32,1,0.3326797385620915,225.31855442234064,0.14435090787621438,3.464421789029145,0.5415757208154082,0.5490677588136889,0,0.99,9,0.13009340001735836
m,800.0,2,0,15133000534074484932,200,800,8,1021,3.19,8.0,cached,float32,1,0.3326797385620915,225.31855442234064,0.14435090787621438,4.61922905203886,0.7221009610872109,0.7320903450849184,0,0.99,11,0.16855960001703352
m,800.0,2,1,15473515247858392689,200,800,8,1021,3.19,8.0,cached,float32,1,0.3326797385620915,225.31855442234064,0.14435090787621438,4.61922905203886,0.7221009610872109,0.7320903450849184,0,0.995,11,0.16809209994971752
m,800.0,2,2,13100833387788180576,200,800,8,1021,3.19,8.0,cached,float32,1,0.3326797385620915,225.31855442234064,0.14435090787621438,4.61922905203886,0.7221009610872109,0.7320903450849184,0,0.975,2,0.17169400001876056
m,800.0,2,3,6616343842039170901,200,800,8,1021,3.19,8.0,cached,float32,1,0.3326797385620915,225.31855442234064,0.14435090787621438,4.61922905203886,0.7221009610872109,0.7320903450849184,0,0.99,2,0.17051339999306947
m,800.0,2,4,13833323099291644529,200,800,8,1021,3.19,8.0,cached,float32,1,0.3326797385620915,225.31855442234064,0.14435090787621438,4.61922905203886,0.7221009610872109,0.7320903450849184,0,0.995,30,0.17030740005429834
m,800.0,2,5,9145392424731005944,200,800,8,1021,3.19,8.0,cached,float32,1,0.3326797385620915,225.31855442234064,0.14435090787621438,4.61922905203886,0.7221009610872109,0.7320903450849184,0,0.995,1,0.1688175000017509
m,800.0,2,6,3060906101782624856,200,800,8,1021,3.19,8.0,cached,float32,1,0.3326797385620915,225.31855442234064,0.14435090787621438,4.61922905203886,0.7221009610872109,0.7320903450849184,0,0.985,1,0.17057760001625866
m,800.0,2,7,9424358916255165383,200,800,8,1021,3.19,8.0,cached,float32,1,0.3326797385620915,225.31855442234064,0.14435090787621438,4.61922905203886,0.7221009610872109,0.7320903450849184,0,0.98,6,0.16958169999998063
m,800.0,2,8,8979550826792726549,200,800,8,1021,3.19,8.0,cached,float32,1,0.3326797385620915,225.31855442234064,0.14435090787621438,4.61922905203886,0.7221009610872109,0.7320903450849184,0,0.98,3,0.17539790004957467
m,800.0,2,9,7187429350085216501,200,800,8,1021,3.19,8.0,cached,float32,1,0.3326797385620915,225.31855442234064,0.14435090787621438,4.61922905203886,0.7221009610872109,0.7320903450849184,1,1.0,0,0.17218990006949753
m,800.0,2,10,14888208195576760663,200,800,8,1021,3.19,8.0,cached,float32,1,0.3326797385620915,225.31855442234064,0.14435090787621438,4.61922905203886,0.7221009610872109,0.7320903450849184,0,0.975,4,0.17022660002112389
m,800.0,2,11,14738025103661581035,200,800,8,1021,3.19,8.0,cached,float32,1,0.3326797385620915,225.31855442234064,0.14435090787621438,4.61922905203886,0.7221009610872109,0.7320903450849184,1,1.0,0,0.16925409995019436
m,800.0,2,12,6417007449276530351,200,800,8,1021,3.19,8.0,cached,float32,1,0.3326797385620915,225.31855442234064,0.14435090787621438,4.61922905203886,0.7221009610872109,0.7320903450849184,0,0.98,5,0.16853060002904385
m,800.0,2,13,4234518272521287739,200,800,8,1021,3.19,8.0,cached,float32,1,0.3326797385620915,225.31855442234064,0.14435090787621438,4.61922905203886,0.7221009610872109,0.7320903450849184,0,0.96,2,0.17691080004442483
m,800.0,2,14,10673635369833424011,200,800,8,1021,3.19,8.0,cached,float32,1,0.3326797385620915,225.31855442234064,0.14435090787621438,4.61922905203886,0.7221009610872109,0.7320903450849184,0,0.98,15,0.17081769998185337
m,800.0,2,15,6875028369246573308,200,800,8,1021,3.19,8.0,cached,float32,1,0.3326797385620915,225.31855442234064,0.14435090787621438,4.61922905203886,0.7221009610872109,0.7320903450849184,0,0.99,10,0.16896450007334352
m,800.0,2,16,2053081789814083553,200,800,8,1021,3.19,8.0,cached,float32,1,0.3326797385620915,225.31855442234064,0.14435090787621438,4.61922905203886,0.7221009610872109,0.7320903450849184,0,0.995,8,0.16826710000168532
m,800.0,2,17,15240401397484641708,200,800,8,1021,3.19,8.0,cached,float32,1,0.3326797385620915,225.31855442234064,0.14435090787621438,4.61922905203886,0.7221009610872109,0.7320903450849184,0,0.995,18,0.19398270000237972
m,800.0,2,18,17278078592077089200,200,800,8,1021,3.19,8.0,cached,float32,1,0.3326797385620915,225.31855442234064,0.14435090787621438,4.61922905203886,0.7221009610872109,0.7320903450849184,0,0.985,7,0.16940779995638877
m,800.0,2,19,8895204145077145841,200,800,8,1021,3.19,8.0,cached,float32,1,0.3326797385620915,225.31855442234064,0.14435090787621438,4.61922905203886,0.7221009610872109,0.7320903450849184,0,0.97,3,0.16690730000846088
m,800.0,2,20,15571369868259335106,200,800,8,1021,3.19,8.0,cached,float32,1,0.3326797385620915,225.31855442234064,0.14435090787621438,4.61922905203886,0.7221009610872109,0.7320903450849184,0,0.99,20,0.17101729998830706
m,800.0,2,21,10217536641506328235,200,800,8,1021,3.19,8.0,cached,float32,1,0.3326797385620915,225.31855442234064,0.14435090787621438,4.61922905203886,0.7221009610872109,0.7320903450849184,0,0.965,9,0.1681903999997303
m,800.0,2,22,5273254560230611440,200,800,8,1021,3.19,8.0,cached,float32,1,0.3326797385620915,225.31855442234064,0.14435090787621438,4.61922905203886,0.7221009610872109,0.7320903450849184,0,0.995,16,0.16840269998647273
m,800.0,2,23,15156852397052078455,200,800,8,1021,3.19,8.0,cached,float32,1,0.3326797385620915,225.31855442234064,0.14435090787621438,4.61922905203886,0.7221009610872109,0.7320903450849184,0,0.99,12,0.17122909997124225
m,800.0,2,24,4863511531225904655,200,800,8,1021,3.19,8.0,cached,float32,1,0.3326797385620915,225.31855442234064,0.14435090787621438,4.61922905203886,0.7221009610872109,0.7320903450849184,0,0.975,1,0.17025460000149906
m,800.0,2,25,7777603153924752822,200,800,8,1021,3.19,8.0,cached,float32,1,0.3326797385620915,225.31855442234064,0.14435090787621438,4.61922905203886,0.7221009610872109,0.7320903450849184,1,1.0,0,0.16797300009056926
m,800.0,2,26,10662647058206138759,200,800,8,1021,3.19,8.0,cached,float32,1,0.3326797385620915,225.31855442234064,0.14435090787621438,4.61922905203886,0.7221009610872109,0.7320903450849184,0,0.995,30,0.17151639994699508
m,800.0,2,27,1546207543978434979,200,800,8,1021,3.19,8.0,cached,float32,1,0.3326797385620915,225.31855442234064,0.14435090787621438,4.61922905203886,0.7221009610872109,0.7320903450849184,0,0.995,42,0.16895030008163303
m,800.0,2,28,4984020849448193804,200,800,8,1021,3.19,8.0,cached,float32,1,0.3326797385620915,225.31855442234064,0.14435090787621438,4.61922905203886,0.7221009610872109,0.7320903450849184,0,0.98,13,0.1700676999753341
m,800.0,2,29,3435409154172598956,200,800,8,1021,3.19,8.0,cached,float32,1,0.3326797385620915,225.31855442234064,0.14435090787621438,4.61922905203886,0.7221009610872109,0.7320903450849184,0,0.975,1,0.1684593999525532
m,800.0,2,30,4282380827373544563,200,800,8,1021,3.19,8.0,cached,float32,1,0.3326797385620915,225.31855442234064,0.14435090787621438,4.61922905203886,0.7221009610872109,0.7320903450849184,0,0.99,1,0.1685016000410542
m,800.0,2,31,10842786602513772130,200,800,8,1021,3.19,8.0,cached,float32,1,0.3326797385620915,225.31855442234064,0.14435090787621438,4.61922905203886,0.7221009610872109,0.7320903450849184,0,0.975,6,0.17444940004497766
m,800.0,2,32,8681496624899114294,200,800,8,1021,3.19,8.0,cached,float32,1,0.3326797385620915,225.31855442234064,0.14435090787621438,4.61922905203886,0.7221009610872109,0.7320903450849184,0,0.985,9,0.17510560003574938
m,800.0,2,33,10589338227856087889,200,800,8,1021,3.19,8.0,cached,float32,1,0.3326797385620915,225.31855442234064,0.14435090787621438,4.61922905203886,0.7221009610872109,0.7320903450849184,1,1.0,0,0.16858900000806898
m,800.0,2,34,18368178832839742903,200,800,8,1021,3.19,8.0,cached,float32,1,0.3326797385620915,225.31855442234064,0.14435090787621438,4.61922905203886,0.7221009610872109,0.7320903450849184,0,0.99,1,0.1713938000611961
m,800.0,2,35,4622061932372853683,200,800,8,1021,3.19,8.0,cached,float32,1,0.3326797385620915,225.31855442234064,0.14435090787621438,4.61922905203886,0.7221009610872109,0.7320903450849184,0,0.99,4,0.16966470004990697
m,800.0,2,36,3049880792991440258,200,800,8,1021,3.19,8.0,cached,float32,1,0.3326797385620915,225.31855442234064,0.14435090787621438,4.61922905203886,0.7221009610872109,0.7320903450849184,0,0.995,8,0.17038080003112555
m,800.0,2,37,3984949200811454763,200,800,8,1021,3.19,8.0,cached,float32,1,0.3326797385620915,225.31855442234064,0.14435090787621438,4.61922905203886,0.7221009610872109,0.7320903450849184,0,0.995,4,0.16941450000740588
m,800.0,2,38,10722547869370508456,200,800,8,1021,3.19,8.0,cached,float32,1,0.3326797385620915,225.31855442234064,0.14435090787621438,4.61922905203886,0.7221009610872109,0.7320903450849184,0,0.99,11,0.16927920002490282
m,800.0,2,39,5028139575128677050,200,800,8,1021,3.19,8.0,cached,float32,1,0.3326797385620915,225.31855442234064,0.14435090787621438,4.61922905203886,0.7221009610872109,0.7320903450849184,0,0.99,7,0.1672344000544399
m,800.0,2,40,12299736895653104411,200,800,8,1021,3.19,8.0,cached,float32,1,0.3326797385620915,225.31855442234064,0.14435090787621438,4.61922905203886,0.7221009610872109,0.7320903450849184,1,1.0,0,0.16803659999277443
m,800.0,2,41,11513278877342677677,200,800,8,1021,3.19,8.0,cached,float32,1,0.3326797385620915,225.31855442234064,0.14435090787621438,4.61922905203886,0.7221009610872109,0.7320903450849184,0,0.95,1,0.168090800056234
m,800.0,2,42,15969030505237243231,200,800,8,1021,3.19,8.0,cached,float32,1,0.3326797385620915,225.31855442234064,0.14435090787621438,4.61922905203886,0.7221009610872109,0.7320903450849184,0,0.99,4,0.16879279993008822
m,800.0,2,43,5629903879674626690,200,800,8,1021,3.19,8.0,cached,float32,1,0.3326797385620915,225.31855442234064,0.14435090787621438,4.61922905203886,0.7221009610872109,0.7320903450849184,0,0.93,2,0.16773180000018328
m,800.0,2,44,3125339588370795606,200,800,8,1021,3.19,8.0,cached,float32,1,0.3326797385620915,225.31855442234064,0.14435090787621438,4.61922905203886,0.7221009610872109,0.7320903450849184,0,0.985,1,0.17103379999753088
m,800.0,2,45,670774997158336756,200,800,8,1021,3.19,8.0,cached,float32,1,0.3326797385620915,225.31855442234064,0.14435090787621438,4.61922905203886,0.7221009610872109,0.7320903450849184,0,0.985,1,0.16869139997288585
m,800.0,2,46,6676793065221300123,200,800,8,1021,3.19,8.0,cached,float32,1,0.3326797385620915,225.31855442234064,0.14435090787621438,4.61922905203886,0.7221009610872109,0.7320903450849184,0,0.985,8,0.16876490006688982
m,800.0,2,47,8493268243805580784,200,800,8,1021,3.19,8.0,cached,float32,1,0.3326797385620915,225.31855442234064,0.14435090787621438,4.61922905203886,0.7221009610872109,0.7320903450849184,0,0.97,2,0.16861479997169226
m,800.0,2,48,12004276740663150347,200,800,8,1021,3.19,8.0,cached,float32,1,0.3326797385620915,225.31855442234064,0.14435090787621438,4.61922905203886,0.7221009610872109,0.7320903450849184,1,1.0,0,0.17027370003052056
m,800.0,2,49,9465671662826784611,200,800,8,1021,3.19,8.0,cached,float32,1,0.3326797385620915,225.31855442234064,0.14435090787621438,4.61922905203886,0.7221009610872109,0.7320903450849184,0,0.995,11,0.16917190002277493
m,800.0,2,50,11306096675163584087,200,800,8,1021,3.19,8.0,cached,float32,1,0.3326797385620915,225.31855442234064,0.14435090787621438,4.61922905203886,0.7221009610872109,0.7320903450849184,0,0.98,8,0.16849419998470694
m,800.0,2,51,4049602545341802834,200,800,8,1021,3.19,8.0,cached,float32,1,0.3326797385620915,225.31855442234064,0.14435090787621438,4.61922905203886,0.7221009610872109,0.7320903450849184,0,0.985,7,0.17329550010617822
m,800.0,2,52,10481934805956843955,200,800,8,1021,3.19,8.0,cached,float32,1,0.3326797385620915,225.31855442234064,0.14435090787621438,4.61922905203886,0.7221009610872109,0.7320903450849184,0,0.96,2,0.16926650004461408
m,800.0,2,53,17467262957451341936,200,800,8,1021,3.19,8.0,cached,float32,1,0.3326797385620915,225.31855442234064,0.14435090787621438,4.61922905203886,0.7221009610872109,0.7320903450849184,0,0.98,9,0.1733461000258103
m,800.0,2,54,9387721648879687828,200,800,8,1021,3.19,8.0,cached,float32,1,0.3326797385620915,225.31855442234064,0.14435090787621438,4.61922905203886,0.7221009610872109,0.7320903450849184,0,0.995,24,0.17212070000823587
m,800.0,2,55,16978402010958933244,200,800,8,1021,3.19,8.0,cached,float32,1,0.3326797385620915,225.31855442234064,0.14435090787621438,4.61922905203886,0.7221009610872109,0.7320903450849184,0,0.955,2,0.1732373998966068
m,800.0,2,56,8672068083176172113,200,800,8,1021,3.19,8.0,cached,float32,1,0.3326797385620915,225.31855442234064,0.14435090787621438,4.61922905203886,0.7221009610872109,0.7320903450849184,0,0.98,3,0.1706746999407187
m,800.0,2,57,5286831815385065118,200,800,8,1021,3.19,8.0,cached,float32,1,0.3326797385620915,225.31855442234064,0.14435090787621438,4.61922905203886,0.7221009610872109,0.7320903450849184,1,1.0,0,0.16936609998811036
m,800.0,2,58,16886935013435739296,200,800,8,1021,3.19,8.0,cached,float32,1,0.3326797385620915,225.31855442234064,0.14435090787621438,4.61922905203886,0.7221009610872109,0.7320903450849184,0,0.99,12,0.17547649994958192
m,800.0,2,59,16846753359925171360,200,800,8,1021,3.19,8.0,cached,float32,1,0.3326797385620915,225.31855442234064,0.14435090787621438,4.61922905203886,0.7221009610872109,0.7320903450849184,0,0.99,2,0.1695440000621602
m,800.0,2,60,16810794037110071354,200,800,8,1021,3.19,8.0,cached,float32,1,0.3326797385620915,225.31855442234064,0.14435090787621438,4.61922905203886,0.7221009610872109,0.7320903450849184,0,0.985,12,0.17012169992085546
m,800.0,2,61,2863458194288812418,200,800,8,1021,3.19,8.0,cached,float32,1,0.3326797385620915,225.31855442234064,0.14435090787621438,4.61922905203886,0.7221009610872109,0.7320903450849184,0,0.99,15,0.1691580000333488
m,800.0,2,62,18247147436079973886,200,800,8,1021,3.19,8.0,cached,float32,1,0.3326797385620915,225.31855442234064,0.14435090787621438,4.61922905203886,0.7221009610872109,0.7320903450849184,0,0.995,4,0.19408380007371306
m,800.0,2,63,15538208404504589399,200,800,8,1021,3.19,8.0,cached,float32,1,0.3326797385620915,225.31855442234064,0.14435090787621438,4.61922905203886,0.7221009610872109,0.7320903450849184,1,1.0,0,0.1688158999895677
m,800.0,2,64,9710271103040648874,200,800,8,1021,3.19,8.0,cached,float32,1,0.3326797385620915,225.31855442234064,0.14435090787621438,4.61922905203886,0.7221009610872109,0.7320903450849184,0,0.945,2,0.16847599996253848
m,800.0,2,65,951889334605989206,200,800,8,1021,3.19,8.0,cached,float32,1,0.3326797385620915,225.31855442234064,0.14435090787621438,4.61922905203886,0.7221009610872109,0.7320903450849184,0,0.97,2,0.16936629998963326
m,800.0,2,66,15315142145529089657,200,800,8,1021,3.19,8.0,cached,float32,1,0.3326797385620915,225.31855442234064,0.14435090787621438,4.61922905203886,0.7221009610872109,0.7320903450849184,0,0.945,2,0.17455859994515777
m,800.0,2,67,17926786924416909197,200,800,8,1021,3.19,8.0,cached,float32,1,0.3326797385620915,225.31855442234064,0.14435090787621438,4.61922905203886,0.7221009610872109,0.7320903450849184,0,0.995,4,0.1695879000471905
m,800.0,2,68,15645094398624872827,200,800,8,1021,3.19,8.0,cached,float32,1,0.3326797385620915,225.31855442234064,0.14435090787621438,4.61922905203886,0.7221009610872109,0.7320903450849184,0,0.98,2,0.16964420001022518
m,800.0,2,69,8372911997177897879,200,800,8,1021,3.19,8.0,cached,float32,1,0.3326797385620915,225.31855442234064,0.14435090787621438,4.61922905203886,0.7221009610872109,0.7320903450849184,0,0.99,10,0.16872659989167005
m,800.0,2,70,1796966027887596122,200,800,8,1021,3.19,8.0,cached,float32,1,0.3326797385620915,225.31855442234064,0.14435090787621438,4.61922905203886,0.7221009610872109,0.7320903450849184,0,0.975,5,0.17008609999902546
m,800.0,2,71,9884391428617045088,200,800,8,1021,3.19,8.0,cached,float32,1,0.3326797385620915,225.31855442234064,0.14435090787621438,4.61922905203886,0.7221009610872109,0.7320903450849184,0,0.97,6,0.16678750002756715
m,800.0,2,72,15642237926349717017,200,800,8,1021,3.19,8.0,cached,float32,1,0.3326797385620915,225.31855442234064,0.14435090787621438,4.61922905203886,0.7221009610872109,0.7320903450849184,0,0.985,2,0.1701414999552071
m,800.0,2,73,8781906768590689307,200,800,8,1021,3.19,8.0,cached,float32,1,0.3326797385620915,225.31855442234064,0.14435090787621438,4.61922905203886,0.7221009610872109,0.7320903450849184,0,0.94,1,0.16892800002824515
m,800.0,2,74,1622834904797868695,200,800,8,1021,3.19,8.0,cached,float32,1,0.3326797385620915,225.31855442234064,0.14435090787621438,4.61922905203886,0.7221009610872109,0.7320903450849184,0,0.99,6,0.16993939992971718
m,800.0,2,75,148255386118997019,200,800,8,1021,3.19,8.0,cached,float32,1,0.3326797385620915,225.31855442234064,0.14435090787621438,4.61922905203886,0.7221009610872109,0.7320903450849184,0,0.995,7,0.16765670001041144
m,800.0,2,76,2256759005649872224,200,800,8,1021,3.19,8.0,cached,float32,1,0.3326797385620915,225.31855442234064,0.14435090787621438,4.61922905203886,0.7221009610872109,0.7320903450849184,0,0.97,1,0.17034660000354052
m,800.0,2,77,4441177636982799683,200,800,8,1021,3.19,8.0,cached,float32,1,0.3326797385620915,225.31855442234064,0.14435090787621438,4.61922905203886,0.7221009610872109,0.7320903450849184,0,0.97,13,0.17285570001695305
m,800.0,2,78,5736385941419504802,200,800,8,1021,3.19,8.0,cached,float32,1,0.3326797385620915,225.31855442234064,0.14435090787621438,4.61922905203886,0.7221009610872109,0.7320903450849184,1,1.0,0,0.17438470001798123
m,800.0,2,79,6538842755109260220,200,800,8,1021,3.19,8.0,cached,float32,1,0.3326797385620915,225.31855442234064,0.14435090787621438,4.61922905203886,0.7221009610872109,0.7320903450849184,0,0.995,17,0.19083300000056624
m,800.0,2,80,5010018323266429149,200,800,8,1021,3.19,8.0,cached,float32,1,0.3326797385620915,225.31855442234064,0.14435090787621438,4.61922905203886,0.7221009610872109,0.7320903450849184,0,0.985,9,0.16859550005756319
m,800.0,2,81,17749490421979022817,200,800,8,1021,3.19,8.0,cached,float32,1,0.3326797385620915,225.31855442234064,0.14435090787621438,4.61922905203886,0.7221009610872109,0.7320903450849184,0,0.99,4,0.1697446999605745
m,800.0,2,82,17622094782208019649,200,800,8,1021,3.19,8.0,cached,float32,1,0.3326797385620915,225.31855442234064,0.14435090787621438,4.61922905203886,0.7221009610872109,0.7320903450849184,1,1.0,0,0.17002970003522933
m,800.0,2,83,17645724808754521990,200,800,8,1021,3.19,8.0,cached,float32,1,0.3326797385620915,225.31855442234064,0.14435090787621438,4.61922905203886,0.7221009610872109,0.7320903450849184,0,0.985,3,0.17569359997287393
m,800.0,2,84,11621335542210235121,200,800,8,1021,3.19,8.0,cached,float32,1,0.3326797385620915,225.31855442234064,0.14435090787621438,4.61922905203886,0.7221009610872109,0.7320903450849184,0,0.99,1,0.17187659989576787
m,800.0,2,85,805739435120710854,200,800,8,1021,3.19,8.0,cached,float32,1,0.3326797385620915,225.31855442234064,0.14435090787621438,4.61922905203886,0.7221009610872109,0.7320903450849184,0,0.975,2,0.16909970005508512
m,800.0,2,86,15366311200679408837,200,800,8,1021,3.19,8.0,cached,float32,1,0.3326797385620915,225.31855442234064,0.14435090787621438,4.61922905203886,0.7221009610872109,0.7320903450849184,0,0.985,2,0.17181800003163517
m,800.0,2,87,84857311677697956,200,800,8,1021,3.19,8.0,cached,float32,1,0.3326797385620915,225.31855442234064,0.14435090787621438,4.61922905203886,0.7221009610872109,0.7320903450849184,0,0.98,3,0.17032760009169579
m,800.0,2,88,14025841273551606277,200,800,8,1021,3.19,8.0,cached,float32,1,0.3326797385620915,225.31855442234064,0.14435090787621438,4.61922905203886,0.7221009610872109,0.7320903450849184,0,0.99,11,0.16747869993560016
m,800.0,2,89,5353644343458579831,200,800,8,1021,3.19,8.0,cached,float32,1,0.3326797385620915,225.31855442234064,0.14435090787621438,4.61922905203886,0.7221009610872109,0.7320903450849184,0,0.995,23,0.16980130004230887
m,800.0,2,90,16002744372865107498,200,800,8,1021,3.19,8.0,cached,float32,1,0.3326797385620915,225.31855442234064,0.14435090787621438,4.61922905203886,0.7221009610872109,0.7320903450849184,0,0.96,3,0.16728639998473227
m,800.0,2,91,2063098267675468696,200,800,8,1021,3.19,8.0,cached,float32,1,0.3326797385620915,225.31855442234064,0.14435090787621438,4.61922905203886,0.7221009610872109,0.7320903450849184,0,0.99,10,0.16791379998903722
m,800.0,2,92,1140164157605680263,200,800,8,1021,3.19,8.0,cached,float32,1,0.3326797385620915,225.31855442234064,0.14435090787621438,4.61922905203886,0.7221009610872109,0.7320903450849184,0,0.95,1,0.17168000002857298
m,800.0,2,93,10331533757868295257,200,800,8,1021,3.19,8.0,cached,float32,1,0.3326797385620915,225.31855442234064,0.14435090787621438,4.61922905203886,0.7221009610872109,0.7320903450849184,1,1.0,0,0.1698836999712512
m,800.0,2,94,8295510260301312146,200,800,8,1021,3.19,8.0,cached,float32,1,0.3326797385620915,225.31855442234064,0.14435090787621438,4.61922905203886,0.7221009610872109,0.7320903450849184,0,0.99,7,0.16872590000275522
m,800.0,2,95,4354139849562114310,200,800,8,1021,3.19,8.0,cached,float32,1,0.3326797385620915,225.31855442234064,0.14435090787621438,4.61922905203886,0.7221009610872109,0.7320903450849184,1,1.0,0,0.1696230999659747
m,800.0,2,96,3583816191942404140,200,800,8,1021,3.19,8.0,cached,float32,1,0.3326797385620915,225.31855442234064,0.14435090787621438,4.61922905203886,0.7221009610872109,0.7320903450849184,0,0.965,4,0.16694979998283088
m,800.0,2,97,13694233711283714250,200,800,8,1021,3.19,8.0,cached,float32,1,0.3326797385620915,225.31855442234064,0.14435090787621438,4.61922905203886,0.7221009610872109,0.7320903450849184,0,0.96,1,0.16952150000724941
m,800.0,2,98,2968387185181743544,200,800,8,1021,3.19,8.0,cached,float32,1,0.3326797385620915,225.31855442234064,0.14435090787621438,4.61922905203886,0.7221009610872109,0.7320903450849184,0,0.99,6,0.16714609996415675
m,800.0,2,99,17888301660373617030,200,800,8,1021,3.19,8.0,cached,float32,1,0.3326797385620915,225.31855442234064,0.14435090787621438,4.61922905203886,0.7221009610872109,0.7320903450849184,0,0.965,6,0.176430799998343
m,1000.0,3,0,14513398165966794131,200,1000,8,1021,3.19,8.0,cached,float32,1,0.3326797385620915,225.31855442234064,0.14435090787621438,5.774036315048575,0.9026262013590137,0.9151129313561481,0,0.995,2,0.2311774999834597
m,1000.0,3,1,14208466159430716433,200,1000,8,1021,3.19,8.0,cached,float32,1,0.3326797385620915,225.31855442234064,0.14435090787621438,5.774036315048575,0.9026262013590137,0.9151129313561481,1,1.0,0,0.2194175999611616
m,1000.0,3,2,430486589030498176,200,1000,8,1021,3.19,8.0,cached,float32,1,0.3326797385620915,225.31855442234064,0.14435090787621438,5.774036315048575,0.9026262013590137,0.9151129313561481,0,0.985,3,0.22156979993451387
m,1000.0,3,3,1429468449541171501,200,1000,8,1021,3.19,8.0,cached,float32,1,0.3326797385620915,225.31855442234064,0.14435090787621438,5.774036315048575,0.9026262013590137,0.9151129313561481,0,0.995,38,0.21940159995574504
m,1000.0,3,4,9030491584370426438,200,1000,8,1021,3.19,8.0,cached,float32,1,0.3326797385620915,225.31855442234064,0.14435090787621438,5.774036315048575,0.9026262013590137,0.9151129313561481,1,1.0,0,0.21817629993893206
m,1000.0,3,5,3081883945246822831,200,1000,8,1021,3.19,8.0,cached,float32,1,0.3326797385620915,225.31855442234064,0.14435090787621438,5.774036315048575,0.9026262013590137,0.9151129313561481,0,0.985,3,0.20973709993995726
m,1000.0,3,6,7238449770172265671,200,1000,8,1021,3.19,8.0,cached,float32,1,0.3326797385620915,225.31855442234064,0.14435090787621438,5.774036315048575,0.9026262013590137,0.9151129313561481,0,0.98,3,0.2086083999602124
m,1000.0,3,7,9384101348860027375,200,1000,8,1021,3.19,8.0,cached,float32,1,0.3326797385620915,225.31855442234064,0.14435090787621438,5.774036315048575,0.9026262013590137,0.9151129313561481,0,0.985,1,0.21706920000724494
m,1000.0,3,8,15692435931016309039,200,1000,8,1021,3.19,8.0,cached,float32,1,0.3326797385620915,225.31855442234064,0.14435090787621438,5.774036315048575,0.9026262013590137,0.9151129313561481,1,1.0,0,0.22024520009290427
m,1000.0,3,9,2089540769322265612,200,1000,8,1021,3.19,8.0,cached,float32,1,0.3326797385620915,225.31855442234064,0.14435090787621438,5.774036315048575,0.9026262013590137,0.9151129313561481,0,0.945,4,0.21503650001250207
m,1000.0,3,10,3843158614820735982,200,1000,8,1021,3.19,8.0,cached,float32,1,0.3326797385620915,225.31855442234064,0.14435090787621438,5.774036315048575,0.9026262013590137,0.9151129313561481,0,0.985,15,0.2372789999935776
m,1000.0,3,11,5201363714148539647,200,1000,8,1021,3.19,8.0,cached,float32,1,0.3326797385620915,225.31855442234064,0.14435090787621438,5.774036315048575,0.9026262013590137,0.9151129313561481,0,0.985,6,0.22521880001295358
m,1000.0,3,12,3805294969369030940,200,1000,8,1021,3.19,8.0,cached,float32,1,0.3326797385620915,225.31855442234064,0.14435090787621438,5.774036315048575,0.9026262013590137,0.9151129313561481,0,0.995,12,0.21806979994289577
m,1000.0,3,13,17121253386743937478,200,1000,8,1021,3.19,8.0,cached,float32,1,0.3326797385620915,225.31855442234064,0.14435090787621438,5.774036315048575,0.9026262013590137,0.9151129313561481,0,0.995,8,0.21927090000826865
m,1000.0,3,14,948452571392112640,200,1000,8,1021,3.19,8.0,cached,float32,1,0.3326797385620915,225.31855442234064,0.14435090787621438,5.774036315048575,0.9026262013590137,0.9151129313561481,0,0.975,2,0.2246616999618709
m,1000.0,3,15,4277320060618275081,200,1000,8,1021,3.19,8.0,cached,float32,1,0.3326797385620915,225.31855442234064,0.14435090787621438,5.774036315048575,0.9026262013590137,0.9151129313561481,0,0.985,7,0.21593710000161082
m,1000.0,3,16,7424655437871121388,200,1000,8,1021,3.19,8.0,cached,float32,1,0.3326797385620915,225.31855442234064,0.14435090787621438,5.774036315048575,0.9026262013590137,0.9151129313561481,1,1.0,0,0.21942290000151843
m,1000.0,3,17,13346596042140852845,200,1000,8,1021,3.19,8.0,cached,float32,1,0.3326797385620915,225.31855442234064,0.14435090787621438,5.774036315048575,0.9026262013590137,0.9151129313561481,0,0.995,10,0.2269924000138417
m,1000.0,3,18,782870504561343389,200,1000,8,1021,3.19,8.0,cached,float32,1,0.3326797385620915,225.31855442234064,0.14435090787621438,5.774036315048575,0.9026262013590137,0.9151129313561481,0,0.985,3,0.22440629999618977
m,1000.0,3,19,13930097007379012124,200,1000,8,1021,3.19,8.0,cached,float32,1,0.3326797385620915,225.31855442234064,0.14435090787621438,5.774036315048575,0.9026262013590137,0.9151129313561481,0,0.97,1,0.21517709991894662
m,1000.0,3,20,2298160149679050881,200,1000,8,1021,3.19,8.0,cached,float32,1,0.3326797385620915,225.31855442234064,0.14435090787621438,5.774036315048575,0.9026262013590137,0.9151129313561481,0,0.995,11,0.21606830006930977
m,1000.0,3,21,11687993157282334806,200,1000,8,1021,3.19,8.0,cached,float32,1,0.3326797385620915,225.31855442234064,0.14435090787621438,5.774036315048575,0.9026262013590137,0.9151129313561481,0,0.995,17,0.21742510003969073
m,1000.0,3,22,14431964194955500574,200,1000,8,1021,3.19,8.0,cached,float32,1,0.3326797385620915,225.31855442234064,0.14435090787621438,5.774036315048575,0.9026262013590137,0.9151129313561481,1,1.0,0,0.22125940001569688
m,1000.0,3,23,4707299922606564272,200,1000,8,1021,3.19,8.0,cached,float32,1,0.3326797385620915,225.31855442234064,0.14435090787621438,5.774036315048575,0.9026262013590137,0.9151129313561481,0,0.97,6,0.21617629996035248
m,1000.0,3,24,3267789684217513112,200,1000,8,1021,3.19,8.0,cached,float32,1,0.3326797385620915,225.31855442234064,0.14435090787621438,5.774036315048575,0.9026262013590137,0.9151129313561481,0,0.995,8,0.21234980004373938
m,1000.0,3,25,10659996828071487237,200,1000,8,1021,3.19,8.0,cached,float32,1,0.3326797385620915,225.31855442234064,0.14435090787621438,5.774036315048575,0.9026262013590137,0.9151129313561481,0,0.965,1,0.20741909998469055
m,1000.0,3,26,2731112762338414582,200,1000,8,1021,3.19,8.0,cached,float32,1,0.3326797385620915,225.31855442234064,0.14435090787621438,5.774036315048575,0.9026262013590137,0.9151129313561481,0,0.99,7,0.20930420001968741
m,1000.0,3,27,16552179958464391524,200,1000,8,1021,3.19,8.0,cached,float32,1,0.3326797385620915,225.31855442234064,0.14435090787621438,5.774036315048575,0.9026262013590137,0.9151129313561481,0,0.995,29,0.21824479999486357
m,1000.0,3,28,518946219205698215,200,1000,8,1021,3.19,8.0,cached,float32,1,0.3326797385620915,225.31855442234064,0.14435090787621438,5.774036315048575,0.9026262013590137,0.9151129313561481,0,0.99,2,0.21448409999720752
m,1000.0,3,29,9821157999054736748,200,1000,8,1021,3.19,8.0,cached,float32,1,0.3326797385620915,225.31855442234064,0.14435090787621438,5.774036315048575,0.9026262013590137,0.9151129313561481,0,0.99,5,0.20778459997382015
m,1000.0,3,30,14859170265117301582,200,1000,8,1021,3.19,8.0,cached,float32,1,0.3326797385620915,225.31855442234064,0.14435090787621438,5.774036315048575,0.9026262013590137,0.9151129313561481,1,1.0,0,0.21014420001301914
m,1000.0,3,31,8046105499607440021,200,1000,8,1021,3.19,8.0,cached,float32,1,0.3326797385620915,225.31855442234064,0.14435090787621438,5.774036315048575,0.9026262013590137,0.9151129313561481,0,0.995,20,0.2079296000301838
m,1000.0,3,32,7298174498484340525,200,1000,8,1021,3.19,8.0,cached,float32,1,0.3326797385620915,225.31855442234064,0.14435090787621438,5.774036315048575,0.9026262013590137,0.9151129313561481,0,0.99,2,0.20966100005898625
m,1000.0,3,33,5727898981341694156,200,1000,8,1021,3.19,8.0,cached,float32,1,0.3326797385620915,225.31855442234064,0.14435090787621438,5.774036315048575,0.9026262013590137,0.9151129313561481,1,1.0,0,0.25384669995401055
m,1000.0,3,34,5678682741981000670,200,1000,8,1021,3.19,8.0,cached,float32,1,0.3326797385620915,225.31855442234064,0.14435090787621438,5.774036315048575,0.9026262013590137,0.9151129313561481,0,0.98,1,0.21087219996843487
m,1000.0,3,35,11416207128376525576,200,1000,8,1021,3.19,8.0,cached,float32,1,0.3326797385620915,225.31855442234064,0.14435090787621438,5.774036315048575,0.9026262013590137,0.9151129313561481,1,1.0,0,0.21350319997873157
m,1000.0,3,36,260430383571253051,200,1000,8,1021,3.19,8.0,cached,float32,1,0.3326797385620915,225.31855442234064,0.14435090787621438,5.774036315048575,0.9026262013590137,0.9151129313561481,0,0.99,22,0.2109139000531286
m,1000.0,3,37,4562550148895440166,200,1000,8,1021,3.19,8.0,cached,float32,1,0.3326797385620915,225.31855442234064,0.14435090787621438,5.774036315048575,0.9026262013590137,0.9151129313561481,0,0.97,2,0.20924980007112026
m,1000.0,3,38,7612073439200836906,200,1000,8,1021,3.19,8.0,cached,float32,1,0.3326797385620915,225.31855442234064,0.14435090787621438,5.774036315048575,0.9026262013590137,0.9151129313561481,1,1.0,0,0.2068750000325963
m,1000.0,3,39,2485082887638549094,200,1000,8,1021,3.19,8.0,cached,float32,1,0.3326797385620915,225.31855442234064,0.14435090787621438,5.774036315048575,0.9026262013590137,0.9151129313561481,0,0.965,2,0.2892439999850467
m,1000.0,3,40,12146711266059152866,200,1000,8,1021,3.19,8.0,cached,float32,1,0.3326797385620915,225.31855442234064,0.14435090787621438,5.774036315048575,0.9026262013590137,0.9151129313561481,1,1.0,0,0.21197689999826252
m,1000.0,3,41,14724287974859087067,200,1000,8,1021,3.19,8.0,cached,float32,1,0.3326797385620915,225.31855442234064,0.14435090787621438,5.774036315048575,0.9026262013590137,0.9151129313561481,0,0.99,11,0.2100601999554783
m,1000.0,3,42,17455911409254244083,200,1000,8,1021,3.19,8.0,cached,float32,1,0.3326797385620915,225.31855442234064,0.14435090787621438,5.774036315048575,0.9026262013590137,0.9151129313561481,0,0.995,1,0.21188399998936802
m,1000.0,3,43,7778264426154834537,200,1000,8,1021,3.19,8.0,cached,float32,1,0.3326797385620915,225.31855442234064,0.14435090787621438,5.774036315048575,0.9026262013590137,0.9151129313561481,0,0.995,1,0.20852059999015182
m,1000.0,3,44,12004980876231461840,200,1000,8,1021,3.19,8.0,cached,float32,1,0.3326797385620915,225.31855442234064,0.14435090787621438,5.774036315048575,0.9026262013590137,0.9151129313561481,1,1.0,0,0.21539479994680732
m,1000.0,3,45,12868746372567914872,200,1000,8,1021,3.19,8.0,cached,float32,1,0.3326797385620915,225.31855442234064,0.14435090787621438,5.774036315048575,0.9026262013590137,0.9151129313561481,0,0.995,6,0.21393960004206747
m,1000.0,3,46,11112951234132364106,200,1000,8,1021,3.19,8.0,cached,float32,1,0.3326797385620915,225.31855442234064,0.14435090787621438,5.774036315048575,0.9026262013590137,0.9151129313561481,0,0.975,1,0.2080945000052452
m,1000.0,3,47,6298147716794759945,200,1000,8,1021,3.19,8.0,cached,float32,1,0.3326797385620915,225.31855442234064,0.14435090787621438,5.774036315048575,0.9026262013590137,0.9151129313561481,0,0.995,19,0.2096582999220118
m,1000.0,3,48,3571320052896799939,200,1000,8,1021,3.19,8.0,cached,float32,1,0.3326797385620915,225.31855442234064,0.14435090787621438,5.774036315048575,0.9026262013590137,0.9151129313561481,1,1.0,0,0.2106248999480158
m,1000.0,3,49,5053553925052863233,200,1000,8,1021,3.19,8.0,cached,float32,1,0.3326797385620915,225.31855442234064,0.14435090787621438,5.774036315048575,0.9026262013590137,0.9151129313561481,0,0.995,18,0.21185189997777343
m,1000.0,3,50,3625599086781478533,200,1000,8,1021,3.19,8.0,cached,float32,1,0.3326797385620915,225.31855442234064,0.14435090787621438,5.774036315048575,0.9026262013590137,0.9151129313561481,0,0.995,3,0.2070700000040233
m,1000.0,3,51,11582819330013695233,200,1000,8,1021,3.19,8.0,cached,float32,1,0.3326797385620915,225.31855442234064,0.14435090787621438,5.774036315048575,0.9026262013590137,0.9151129313561481,0,0.99,6,0.2112025999231264
m,1000.0,3,52,6053344916372156676,200,1000,8,1021,3.19,8.0,cached,float32,1,0.3326797385620915,225.31855442234064,0.14435090787621438,5.774036315048575,0.9026262013590137,0.9151129313561481,0,0.995,4,0.2089224000228569
m,1000.0,3,53,4337918841954163252,200,1000,8,1021,3.19,8.0,cached,float32,1,0.3326797385620915,225.31855442234064,0.14435090787621438,5.774036315048575,0.9026262013590137,0.9151129313561481,0,0.995,3,0.20953830005601048
m,1000.0,3,54,6281999904225035353,200,1000,8,1021,3.19,8.0,cached,float32,1,0.3326797385620915,225.31855442234064,0.14435090787621438,5.774036315048575,0.9026262013590137,0.9151129313561481,0,0.975,1,0.21385990001726896
m,1000.0,3,55,6793816947173912727,200,1000,8,1021,3.19,8.0,cached,float32,1,0.3326797385620915,225.31855442234064,0.14435090787621438,5.774036315048575,0.9026262013590137,0.9151129313561481,0,0.96,4,0.2092007000464946
m,1000.0,3,56,4004151133565788820,200,1000,8,1021,3.19,8.0,cached,float32,1,0.3326797385620915,225.31855442234064,0.14435090787621438,5.774036315048575,0.9026262013590137,0.9151129313561481,1,1.0,0,0.21285940008237958
m,1000.0,3,57,9498410129598624768,200,1000,8,1021,3.19,8.0,cached,float32,1,0.3326797385620915,225.31855442234064,0.14435090787621438,5.774036315048575,0.9026262013590137,0.9151129313561481,0,0.99,2,0.2090201999526471
m,1000.0,3,58,17562092405840374296,200,1000,8,1021,3.19,8.0,cached,float32,1,0.3326797385620915,225.31855442234064,0.14435090787621438,5.774036315048575,0.9026262013590137,0.9151129313561481,0,0.975,8,0.2095969000365585
m,1000.0,3,59,93806447688945662,200,1000,8,1021,3.19,8.0,cached,float32,1,0.3326797385620915,225.31855442234064,0.14435090787621438,5.774036315048575,0.9026262013590137,0.9151129313561481,0,0.97,1,0.20716890005860478
m,1000.0,3,60,17703924733633587726,200,1000,8,1021,3.19,8.0,cached,float32,1,0.3326797385620915,225.31855442234064,0.14435090787621438,5.774036315048575,0.9026262013590137,0.9151129313561481,0,0.99,3,0.2054758999729529
m,1000.0,3,61,11157512491703823246,200,1000,8,1021,3.19,8.0,cached,float32,1,0.3326797385620915,225.31855442234064,0.14435090787621438,5.774036315048575,0.9026262013590137,0.9151129313561481,0,0.995,2,0.21259249991271645
m,1000.0,3,62,6843009345494581004,200,1000,8,1021,3.19,8.0,cached,float32,1,0.3326797385620915,225.31855442234064,0.14435090787621438,5.774036315048575,0.9026262013590137,0.9151129313561481,1,1.0,0,0.20850930002052337
m,1000.0,3,63,9981000416201792663,200,1000,8,1021,3.19,8.0,cached,float32,1,0.3326797385620915,225.31855442234064,0.14435090787621438,5.774036315048575,0.9026262013590137,0.9151129313561481,1,1.0,0,0.20750140002928674
m,1000.0,3,64,11148313607121922158,200,1000,8,1021,3.19,8.0,cached,float32,1,0.3326797385620915,225.31855442234064,0.14435090787621438,5.774036315048575,0.9026262013590137,0.9151129313561481,1,1.0,0,0.20953140000347048
m,1000.0,3,65,13247564746275778112,200,1000,8,1021,3.19,8.0,cached,float32,1,0.3326797385620915,225.31855442234064,0.14435090787621438,5.774036315048575,0.9026262013590137,0.9151129313561481,0,0.995,8,0.20614999998360872
m,1000.0,3,66,4952823361068920037,200,1000,8,1021,3.19,8.0,cached,float32,1,0.3326797385620915,225.31855442234064,0.14435090787621438,5.774036315048575,0.9026262013590137,0.9151129313561481,1,1.0,0,0.20887500001117587
m,1000.0,3,67,3440581979956223651,200,1000,8,1021,3.19,8.0,cached,float32,1,0.3326797385620915,225.31855442234064,0.14435090787621438,5.774036315048575,0.9026262013590137,0.9151129313561481,0,0.995,2,0.20718679996207356
m,1000.0,3,68,13463786037432168307,200,1000,8,1021,3.19,8.0,cached,float32,1,0.3326797385620915,225.31855442234064,0.14435090787621438,5.774036315048575,0.9026262013590137,0.9151129313561481,1,1.0,0,0.2108577999752015
m,1000.0,3,69,16070081951252635144,200,1000,8,1021,3.19,8.0,cached,float32,1,0.3326797385620915,225.31855442234064,0.14435090787621438,5.774036315048575,0.9026262013590137,0.9151129313561481,0,0.995,2,0.2070233999984339
m,1000.0,3,70,6883564092753624258,200,1000,8,1021,3.19,8.0,cached,float32,1,0.3326797385620915,225.31855442234064,0.14435090787621438,5.774036315048575,0.9026262013590137,0.9151129313561481,1,1.0,0,0.21212100004777312
m,1000.0,3,71,16162322965552953280,200,1000,8,1021,3.19,8.0,cached,float32,1,0.3326797385620915,225.31855442234064,0.14435090787621438,5.774036315048575,0.9026262013590137,0.9151129313561481,0,0.96,3,0.2101000000257045
m,1000.0,3,72,14524641663814382194,200,1000,8,1021,3.19,8.0,cached,float32,1,0.3326797385620915,225.31855442234064,0.14435090787621438,5.774036315048575,0.9026262013590137,0.9151129313561481,0,0.995,4,0.21493640006519854
m,1000.0,3,73,9443756548299468122,200,1000,8,1021,3.19,8.0,cached,float32,1,0.3326797385620915,225.31855442234064,0.14435090787621438,5.774036315048575,0.9026262013590137,0.9151129313561481,0,0.985,2,0.21399950003251433
m,1000.0,3,74,16176721361019972846,200,1000,8,1021,3.19,8.0,cached,float32,1,0.3326797385620915,225.31855442234064,0.14435090787621438,5.774036315048575,0.9026262013590137,0.9151129313561481,0,0.995,7,0.21284860000014305
m,1000.0,3,75,2405969423265323289,200,1000,8,1021,3.19,8.0,cached,float32,1,0.3326797385620915,225.31855442234064,0.14435090787621438,5.774036315048575,0.9026262013590137,0.9151129313561481,1,1.0,0,0.20848770008888096
m,1000.0,3,76,15389066440660940713,200,1000,8,1021,3.19,8.0,cached,float32,1,0.3326797385620915,225.31855442234064,0.14435090787621438,5.774036315048575,0.9026262013590137,0.9151129313561481,0,0.985,5,0.23037589993327856
m,1000.0,3,77,11159879639134690027,200,1000,8,1021,3.19,8.0,cached,float32,1,0.3326797385620915,225.31855442234064,0.14435090787621438,5.774036315048575,0.9026262013590137,0.9151129313561481,0,0.985,8,0.21095330000389367
m,1000.0,3,78,2636649493647222429,200,1000,8,1021,3.19,8.0,cached,float32,1,0.3326797385620915,225.31855442234064,0.14435090787621438,5.774036315048575,0.9026262013590137,0.9151129313561481,1,1.0,0,0.21150969993323088
m,1000.0,3,79,8912213194156987172,200,1000,8,1021,3.19,8.0,cached,float32,1,0.3326797385620915,225.31855442234064,0.14435090787621438,5.774036315048575,0.9026262013590137,0.9151129313561481,1,1.0,0,0.2111326000886038
m,1000.0,3,80,12921967567125362020,200,1000,8,1021,3.19,8.0,cached,float32,1,0.3326797385620915,225.31855442234064,0.14435090787621438,5.774036315048575,0.9026262013590137,0.9151129313561481,0,0.995,6,0.20682620001025498
m,1000.0,3,81,10030288758919387053,200,1000,8,1021,3.19,8.0,cached,float32,1,0.3326797385620915,225.31855442234064,0.14435090787621438,5.774036315048575,0.9026262013590137,0.9151129313561481,1,1.0,0,0.20982160000130534
m,1000.0,3,82,3111308644797611066,200,1000,8,1021,3.19,8.0,cached,float32,1,0.3326797385620915,225.31855442234064,0.14435090787621438,5.774036315048575,0.9026262013590137,0.9151129313561481,0,0.995,3,0.20961330004502088
m,1000.0,3,83,5650332637567209355,200,1000,8,1021,3.19,8.0,cached,float32,1,0.3326797385620915,225.31855442234064,0.14435090787621438,5.774036315048575,0.9026262013590137,0.9151129313561481,0,0.975,2,0.20582749997265637
m,1000.0,3,84,10717738139783580830,200,1000,8,1021,3.19,8.0,cached,float32,1,0.3326797385620915,225.31855442234064,0.14435090787621438,5.774036315048575,0.9026262013590137,0.9151129313561481,0,0.985,4,0.2130660000257194
m,1000.0,3,85,3823622100058835673,200,1000,8,1021,3.19,8.0,cached,float32,1,0.3326797385620915,225.31855442234064,0.14435090787621438,5.774036315048575,0.9026262013590137,0.9151129313561481,0,0.97,2,0.21061010006815195
m,1000.0,3,86,1243756262384219797,200,1000,8,1021,3.19,8.0,cached,float32,1,0.3326797385620915,225.31855442234064,0.14435090787621438,5.774036315048575,0.9026262013590137,0.9151129313561481,0,0.985,9,0.20896049996372312
m,1000.0,3,87,8761070619936945169,200,1000,8,1021,3.19,8.0,cached,float32,1,0.3326797385620915,225.31855442234064,0.14435090787621438,5.774036315048575,0.9026262013590137,0.9151129313561481,0,0.99,7,0.21232859999872744
m,1000.0,3,88,12713703464305278383,200,1000,8,1021,3.19,8.0,cached,float32,1,0.3326797385620915,225.31855442234064,0.14435090787621438,5.774036315048575,0.9026262013590137,0.9151129313561481,0,0.98,5,0.208443499985151
m,1000.0,3,89,12777971432443561413,200,1000,8,1021,3.19,8.0,cached,float32,1,0.3326797385620915,225.31855442234064,0.14435090787621438,5.774036315048575,0.9026262013590137,0.9151129313561481,0,0.985,2,0.2067900999682024
m,1000.0,3,90,3782087805066675729,200,1000,8,1021,3.19,8.0,cached,float32,1,0.3326797385620915,225.31855442234064,0.14435090787621438,5.774036315048575,0.9026262013590137,0.9151129313561481,0,0.99,1,0.20935570006258786
m,1000.0,3,91,9791472069230072671,200,1000,8,1021,3.19,8.0,cached,float32,1,0.3326797385620915,225.31855442234064,0.14435090787621438,5.774036315048575,0.9026262013590137,0.9151129313561481,0,0.995,13,0.2135865999152884
m,1000.0,3,92,18394924380558014886,200,1000,8,1021,3.19,8.0,cached,float32,1,0.3326797385620915,225.31855442234064,0.14435090787621438,5.774036315048575,0.9026262013590137,0.9151129313561481,0,0.995,5,0.2073700000764802
m,1000.0,3,93,2522203771798768636,200,1000,8,1021,3.19,8.0,cached,float32,1,0.3326797385620915,225.31855442234064,0.14435090787621438,5.774036315048575,0.9026262013590137,0.9151129313561481,0,0.985,4,0.20690440002363175
m,1000.0,3,94,12328256014117114366,200,1000,8,1021,3.19,8.0,cached,float32,1,0.3326797385620915,225.31855442234064,0.14435090787621438,5.774036315048575,0.9026262013590137,0.9151129313561481,1,1.0,0,0.21086160000413656
m,1000.0,3,95,10438928141852618138,200,1000,8,1021,3.19,8.0,cached,float32,1,0.3326797385620915,225.31855442234064,0.14435090787621438,5.774036315048575,0.9026262013590137,0.9151129313561481,0,0.97,2,0.21015340008307248
m,1000.0,3,96,13738200249707183553,200,1000,8,1021,3.19,8.0,cached,float32,1,0.3326797385620915,225.31855442234064,0.14435090787621438,5.774036315048575,0.9026262013590137,0.9151129313561481,1,1.0,0,0.21038189996033907
m,1000.0,3,97,17737210581390882637,200,1000,8,1021,3.19,8.0,cached,float32,1,0.3326797385620915,225.31855442234064,0.14435090787621438,5.774036315048575,0.9026262013590137,0.9151129313561481,0,0.99,1,0.2081387999933213
m,1000.0,3,98,13668149311752872727,200,1000,8,1021,3.19,8.0,cached,float32,1,0.3326797385620915,225.31855442234064,0.14435090787621438,5.774036315048575,0.9026262013590137,0.9151129313561481,0,0.995,6,0.21440289996098727
m,1000.0,3,99,5017108813824283591,200,1000,8,1021,3.19,8.0,cached,float32,1,0.3326797385620915,225.31855442234064,0.14435090787621438,5.774036315048575,0.9026262013590137,0.9151129313561481,1,1.0,0,0.20532530010677874
m,1200.0,4,0,1109638078740304455,200,1200,8,1021,3.19,8.0,cached,float32,1,0.3326797385620915,225.31855442234064,0.14435090787621438,6.92884357805829,1.0831514416308163,1.0981355176273777,0,0.995,9,0.24900549999438226
m,1200.0,4,1,4433989013911649776,200,1200,8,1021,3.19,8.0,cached,float32,1,0.3326797385620915,225.31855442234064,0.14435090787621438,6.92884357805829,1.0831514416308163,1.0981355176273777,0,0.995,17,0.25113320001401007
m,1200.0,4,2,17877911437627001852,200,1200,8,1021,3.19,8.0,cached,float32,1,0.3326797385620915,225.31855442234064,0.14435090787621438,6.92884357805829,1.0831514416308163,1.0981355176273777,1,1.0,0,0.2472315999912098
m,1200.0,4,3,10417137501142500149,200,1200,8,1021,3.19,8.0,cached,float32,1,0.3326797385620915,225.31855442234064,0.14435090787621438,6.92884357805829,1.0831514416308163,1.0981355176273777,1,1.0,0,0.2471994999796152
m,1200.0,4,4,17661083032682199831,200,1200,8,1021,3.19,8.0,cached,float32,1,0.3326797385620915,225.31855442234064,0.14435090787621438,6.92884357805829,1.0831514416308163,1.0981355176273777,1,1.0,0,0.25018770003225654
m,1200.0,4,5,15150101066770350800,200,1200,8,1021,3.19,8.0,cached,float32,1,0.3326797385620915,225.31855442234064,0.14435090787621438,6.92884357805829,1.0831514416308163,1.0981355176273777,0,0.985,3,0.2628313999157399
m,1200.0,4,6,1327942807886748807,200,1200,8,1021,3.19,8.0,cached,float32,1,0.3326797385620915,225.31855442234064,0.14435090787621438,6.92884357805829,1.0831514416308163,1.0981355176273777,1,1.0,0,0.2497589000267908
m,1200.0,4,7,3271601799138855572,200,1200,8,1021,3.19,8.0,cached,float32,1,0.3326797385620915,225.31855442234064,0.14435090787621438,6.92884357805829,1.0831514416308163,1.0981355176273777,0,0.985,2,0.25075080001261085
m,1200.0,4,8,4688253573956419184,200,1200,8,1021,3.19,8.0,cached,float32,1,0.3326797385620915,225.31855442234064,0.14435090787621438,6.92884357805829,1.0831514416308163,1.0981355176273777,1,1.0,0,0.25086749996989965
m,1200.0,4,9,6370154333433436246,200,1200,8,1021,3.19,8.0,cached,float32,1,0.3326797385620915,225.31855442234064,0.14435090787621438,6.92884357805829,1.0831514416308163,1.0981355176273777,0,0.985,3,0.24461110006086528
m,1200.0,4,10,7406993388680864853,200,1200,8,1021,3.19,8.0,cached,float32,1,0.3326797385620915,225.31855442234064,0.14435090787621438,6.92884357805829,1.0831514416308163,1.0981355176273777,0,0.99,3,0.25549810007214546
m,1200.0,4,11,5011574366262945775,200,1200,8,1021,3.19,8.0,cached,float32,1,0.3326797385620915,225.31855442234064,0.14435090787621438,6.92884357805829,1.0831514416308163,1.0981355176273777,1,1.0,0,0.24944759998470545
m,1200.0,4,12,894770104026566619,200,1200,8,1021,3.19,8.0,cached,float32,1,0.3326797385620915,225.31855442234064,0.14435090787621438,6.92884357805829,1.0831514416308163,1.0981355176273777,0,0.995,13,0.24662009999155998
m,1200.0,4,13,7831339371095539803,200,1200,8,1021,3.19,8.0,cached,float32,1,0.3326797385620915,225.31855442234064,0.14435090787621438,6.92884357805829,1.0831514416308163,1.0981355176273777,0,0.995,9,0.24986039998475462
m,1200.0,4,14,4936384613734286592,200,1200,8,1021,3.19,8.0,cached,float32,1,0.3326797385620915,225.31855442234064,0.14435090787621438,6.92884357805829,1.0831514416308163,1.0981355176273777,1,1.0,0,0.2487096000695601
m,1200.0,4,15,5485533322120966326,200,1200,8,1021,3.19,8.0,cached,float32,1,0.3326797385620915,225.31855442234064,0.14435090787621438,6.92884357805829,1.0831514416308163,1.0981355176273777,0,0.985,1,0.25066340004559606
m,1200.0,4,16,3158256163983966503,200,1200,8,1021,3.19,8.0,cached,float32,1,0.3326797385620915,225.31855442234064,0.14435090787621438,6.92884357805829,1.0831514416308163,1.0981355176273777,1,1.0,0,0.2502785000251606
m,1200.0,4,17,9659261491822089872,200,1200,8,1021,3.19,8.0,cached,float32,1,0.3326797385620915,225.31855442234064,0.14435090787621438,6.92884357805829,1.0831514416308163,1.0981355176273777,0,0.975,1,0.2489962000399828
m,1200.0,4,18,16945033039191614797,200,1200,8,1021,3.19,8.0,cached,float32,1,0.3326797385620915,225.31855442234064,0.14435090787621438,6.92884357805829,1.0831514416308163,1.0981355176273777,1,1.0,0,0.24749059998430312
m,1200.0,4,19,335916183780721081,200,1200,8,1021,3.19,8.0,cached,float32,1,0.3326797385620915,225.31855442234064,0.14435090787621438,6.92884357805829,1.0831514416308163,1.0981355176273777,0,0.995,7,0.24701849999837577
m,1200.0,4,20,7045741862271294686,200,1200,8,1021,3.19,8.0,cached,float32,1,0.3326797385620915,225.31855442234064,0.14435090787621438,6.92884357805829,1.0831514416308163,1.0981355176273777,1,1.0,0,0.24804069998208433
m,1200.0,4,21,6629290346997151362,200,1200,8,1021,3.19,8.0,cached,float32,1,0.3326797385620915,225.31855442234064,0.14435090787621438,6.92884357805829,1.0831514416308163,1.0981355176273777,0,0.995,11,0.2459971000207588
m,1200.0,4,22,16596255351855142277,200,1200,8,1021,3.19,8.0,cached,float32,1,0.3326797385620915,225.31855442234064,0.14435090787621438,6.92884357805829,1.0831514416308163,1.0981355176273777,1,1.0,0,0.2494724999414757
m,1200.0,4,23,5111067631254797551,200,1200,8,1021,3.19,8.0,cached,float32,1,0.3326797385620915,225.31855442234064,0.14435090787621438,6.92884357805829,1.0831514416308163,1.0981355176273777,0,0.99,2,0.2522501000203192
m,1200.0,4,24,7932227501974288125,200,1200,8,1021,3.19,8.0,cached,float32,1,0.3326797385620915,225.31855442234064,0.14435090787621438,6.92884357805829,1.0831514416308163,1.0981355176273777,0,0.995,6,0.2518272999441251
m,1200.0,4,25,6029664285681508958,200,1200,8,1021,3.19,8.0,cached,float32,1,0.3326797385620915,225.31855442234064,0.14435090787621438,6.92884357805829,1.0831514416308163,1.0981355176273777,1,1.0,0,0.24804820003919303
m,1200.0,4,26,192570751862740534,200,1200,8,1021,3.19,8.0,cached,float32,1,0.3326797385620915,225.31855442234064,0.14435090787621438,6.92884357805829,1.0831514416308163,1.0981355176273777,1,1.0,0,0.24939610005822033
m,1200.0,4,27,17865210039918842023,200,1200,8,1021,3.19,8.0,cached,float32,1,0.3326797385620915,225.31855442234064,0.14435090787621438,6.92884357805829,1.0831514416308163,1.0981355176273777,0,0.995,1,0.24715100007597357
m,1200.0,4,28,6251351492400749133,200,1200,8,1021,3.19,8.0,cached,float32,1,0.3326797385620915,225.31855442234064,0.14435090787621438,6.92884357805829,1.0831514416308163,1.0981355176273777,0,0.995,12,0.2510245000012219
m,1200.0,4,29,797134827352744386,200,1200,8,1021,3.19,8.0,cached,float32,1,0.3326797385620915,225.31855442234064,0.14435090787621438,6.92884357805829,1.0831514416308163,1.0981355176273777,0,0.995,9,0.2562813999829814
m,1200.0,4,30,17635304896988982665,200,1200,8,1021,3.19,8.0,cached,float32,1,0.3326797385620915,225.31855442234064,0.14435090787621438,6.92884357805829,1.0831514416308163,1.0981355176273777,1,1.0,0,0.2489866999676451
m,1200.0,4,31,6632960955917116128,200,1200,8,1021,3.19,8.0,cached,float32,1,0.3326797385620915,225.31855442234064,0.14435090787621438,6.92884357805829,1.0831514416308163,1.0981355176273777,0,0.995,7,0.247846300015226
m,1200.0,4,32,4041008603423633295,200,1200,8,1021,3.19,8.0,cached,float32,1,0.3326797385620915,225.31855442234064,0.14435090787621438,6.92884357805829,1.0831514416308163,1.0981355176273777,1,1.0,0,0.247689799987711
m,1200.0,4,33,6061461545291874199,200,1200,8,1021,3.19,8.0,cached,float32,1,0.3326797385620915,225.31855442234064,0.14435090787621438,6.92884357805829,1.0831514416308163,1.0981355176273777,0,0.99,3,0.247349499957636
m,1200.0,4,34,8863739893698633028,200,1200,8,1021,3.19,8.0,cached,float32,1,0.3326797385620915,225.31855442234064,0.14435090787621438,6.92884357805829,1.0831514416308163,1.0981355176273777,0,0.995,10,0.25257210002746433
m,1200.0,4,35,17391508198621529087,200,1200,8,1021,3.19,8.0,cached,float32,1,0.3326797385620915,225.31855442234064,0.14435090787621438,6.92884357805829,1.0831514416308163,1.0981355176273777,1,1.0,0,0.2515451000072062
m,1200.0,4,36,6225711995110410792,200,1200,8,1021,3.19,8.0,cached,float32,1,0.3326797385620915,225.31855442234064,0.14435090787621438,6.92884357805829,1.0831514416308163,1.0981355176273777,0,0.985,1,0.2510706000030041
m,1200.0,4,37,2506477040895353877,200,1200,8,1021,3.19,8.0,cached,float32,1,0.3326797385620915,225.31855442234064,0.14435090787621438,6.92884357805829,1.0831514416308163,1.0981355176273777,1,1.0,0,0.2521699999924749
m,1200.0,4,38,568498269460739698,200,1200,8,1021,3.19,8.0,cached,float32,1,0.3326797385620915,225.31855442234064,0.14435090787621438,6.92884357805829,1.0831514416308163,1.0981355176273777,1,1.0,0,0.2510141000384465
m,1200.0,4,39,6218690127394464423,200,1200,8,1021,3.19,8.0,cached,float32,1,0.3326797385620915,225.31855442234064,0.14435090787621438,6.92884357805829,1.0831514416308163,1.0981355176273777,0,0.995,13,0.2515136000001803
m,1200.0,4,40,9555740950521880,200,1200,8,1021,3.19,8.0,cached,float32,1,0.3326797385620915,225.31855442234064,0.14435090787621438,6.92884357805829,1.0831514416308163,1.0981355176273777,0,0.995,4,0.24822229996789247
m,1200.0,4,41,17560387263915835758,200,1200,8,1021,3.19,8.0,cached,float32,1,0.3326797385620915,225.31855442234064,0.14435090787621438,6.92884357805829,1.0831514416308163,1.0981355176273777,1,1.0,0,0.24737100000493228
m,1200.0,4,42,5860115488084459521,200,1200,8,1021,3.19,8.0,cached,float32,1,0.3326797385620915,225.31855442234064,0.14435090787621438,6.92884357805829,1.0831514416308163,1.0981355176273777,0,0.995,15,0.24676600005477667
m,1200.0,4,43,4932931305084044481,200,1200,8,1021,3.19,8.0,cached,float32,1,0.3326797385620915,225.31855442234064,0.14435090787621438,6.92884357805829,1.0831514416308163,1.0981355176273777,0,0.99,6,0.2527285000542179
m,1200.0,4,44,14158660713229313606,200,1200,8,1021,3.19,8.0,cached,float32,1,0.3326797385620915,225.31855442234064,0.14435090787621438,6.92884357805829,1.0831514416308163,1.0981355176273777,1,1.0,0,0.2480648000491783
m,1200.0,4,45,11353735518223042650,200,1200,8,1021,3.19,8.0,cached,float32,1,0.3326797385620915,225.31855442234064,0.14435090787621438,6.92884357805829,1.0831514416308163,1.0981355176273777,1,1.0,0,0.2505736999446526
m,1200.0,4,46,18410058554254774086,200,1200,8,1021,3.19,8.0,cached,float32,1,0.3326797385620915,225.31855442234064,0.14435090787621438,6.92884357805829,1.0831514416308163,1.0981355176273777,0,0.995,28,0.251417399966158
m,1200.0,4,47,1031912276058027532,200,1200,8,1021,3.19,8.0,cached,float32,1,0.3326797385620915,225.31855442234064,0.14435090787621438,6.92884357805829,1.0831514416308163,1.0981355176273777,0,0.99,10,0.2501116000348702
m,1200.0,4,48,16971240895001019598,200,1200,8,1021,3.19,8.0,cached,float32,1,0.3326797385620915,225.31855442234064,0.14435090787621438,6.92884357805829,1.0831514416308163,1.0981355176273777,0,0.97,3,0.24741650000214577
m,1200.0,4,49,16868484840073975965,200,1200,8,1021,3.19,8.0,cached,float32,1,0.3326797385620915,225.31855442234064,0.14435090787621438,6.92884357805829,1.0831514416308163,1.0981355176273777,0,0.995,9,0.2450809000292793
m,1200.0,4,50,2022303596352624158,200,1200,8,1021,3.19,8.0,cached,float32,1,0.3326797385620915,225.31855442234064,0.14435090787621438,6.92884357805829,1.0831514416308163,1.0981355176273777,0,0.98,5,0.24556479998864233
m,1200.0,4,51,2367469161944701521,200,1200,8,1021,3.19,8.0,cached,float32,1,0.3326797385620915,225.31855442234064,0.14435090787621438,6.92884357805829,1.0831514416308163,1.0981355176273777,1,1.0,0,0.24789739993866533
m,1200.0,4,52,4149234110988661477,200,1200,8,1021,3.19,8.0,cached,float32,1,0.3326797385620915,225.31855442234064,0.14435090787621438,6.92884357805829,1.0831514416308163,1.0981355176273777,0,0.99,8,0.25096320000011474
m,1200.0,4,53,856585068245796835,200,1200,8,1021,3.19,8.0,cached,float32,1,0.3326797385620915,225.31855442234064,0.14435090787621438,6.92884357805829,1.0831514416308163,1.0981355176273777,0,0.99,1,0.24979819997679442
m,1200.0,4,54,13332052325307570724,200,1200,8,1021,3.19,8.0,cached,float32,1,0.3326797385620915,225.31855442234064,0.14435090787621438,6.92884357805829,1.0831514416308163,1.0981355176273777,1,1.0,0,0.25658809999004006
m,1200.0,4,55,6183581576657105025,200,1200,8,1021,3.19,8.0,cached,float32,1,0.3326797385620915,225.31855442234064,0.14435090787621438,6.92884357805829,1.0831514416308163,1.0981355176273777,1,1.0,0,0.24940099997911602
m,1200.0,4,56,6553114474393798207,200,1200,8,1021,3.19,8.0,cached,float32,1,0.3326797385620915,225.31855442234064,0.14435090787621438,6.92884357805829,1.0831514416308163,1.0981355176273777,1,1.0,0,0.24728779995348305
m,1200.0,4,57,3670588103960841751,200,1200,8,1021,3.19,8.0,cached,float32,1,0.3326797385620915,225.31855442234064,0.14435090787621438,6.92884357805829,1.0831514416308163,1.0981355176273777,0,0.995,3,0.2496706999372691
m,1200.0,4,58,2949913631944692316,200,1200,8,1021,3.19,8.0,cached,float32,1,0.3326797385620915,225.31855442234064,0.14435090787621438,6.92884357805829,1.0831514416308163,1.0981355176273777,0,0.995,24,0.25392519996967167
m,1200.0,4,59,8326739895139573223,200,1200,8,1021,3.19,8.0,cached,float32,1,0.3326797385620915,225.31855442234064,0.14435090787621438,6.92884357805829,1.0831514416308163,1.0981355176273777,0,0.99,1,0.24807810003403574
m,1200.0,4,60,8935291130481599959,200,1200,8,1021,3.19,8.0,cached,float32,1,0.3326797385620915,225.31855442234064,0.14435090787621438,6.92884357805829,1.0831514416308163,1.0981355176273777,0,0.995,12,0.24895979999564588
m,1200.0,4,61,9895995476490959013,200,1200,8,1021,3.19,8.0,cached,float32,1,0.3326797385620915,225.31855442234064,0.14435090787621438,6.92884357805829,1.0831514416308163,1.0981355176273777,0,0.995,2,0.24848059995565563
m,1200.0,4,62,4184132419297475979,200,1200,8,1021,3.19,8.0,cached,float32,1,0.3326797385620915,225.31855442234064,0.14435090787621438,6.92884357805829,1.0831514416308163,1.0981355176273777,1,1.0,0,0.2470309000927955
m,1200.0,4,63,14792893791054264910,200,1200,8,1021,3.19,8.0,cached,float32,1,0.3326797385620915,225.31855442234064,0.14435090787621438,6.92884357805829,1.0831514416308163,1.0981355176273777,1,1.0,0,0.24949319998268038
m,1200.0,4,64,8346333711472795186,200,1200,8,1021,3.19,8.0,cached,float32,1,0.3326797385620915,225.31855442234064,0.14435090787621438,6.92884357805829,1.0831514416308163,1.0981355176273777,0,0.995,4,0.24582479998935014
m,1200.0,4,65,10064547510055516774,200,1200,8,1021,3.19,8.0,cached,float32,1,0.3326797385620915,225.31855442234064,0.14435090787621438,6.92884357805829,1.0831514416308163,1.0981355176273777,0,0.965,3,0.2488193999743089
m,1200.0,4,66,10598108428135988977,200,1200,8,1021,3.19,8.0,cached,float32,1,0.3326797385620915,225.31855442234064,0.14435090787621438,6.92884357805829,1.0831514416308163,1.0981355176273777,0,0.995,9,0.24796549999155104
m,1200.0,4,67,5879838024986397095,200,1200,8,1021,3.19,8.0,cached,float32,1,0.3326797385620915,225.31855442234064,0.14435090787621438,6.92884357805829,1.0831514416308163,1.0981355176273777,0,0.98,6,0.24594779999461025
m,1200.0,4,68,13312528554414693190,200,1200,8,1021,3.19,8.0,cached,float32,1,0.3326797385620915,225.31855442234064,0.14435090787621438,6.92884357805829,1.0831514416308163,1.0981355176273777,0,0.99,12,0.2545938999392092
m,1200.0,4,69,1144264741774626402,200,1200,8,1021,3.19,8.0,cached,float32,1,0.3326797385620915,225.31855442234064,0.14435090787621438,6.92884357805829,1.0831514416308163,1.0981355176273777,0,0.99,7,0.2465069000609219
m,1200.0,4,70,11992832734281771951,200,1200,8,1021,3.19,8.0,cached,float32,1,0.3326797385620915,225.31855442234064,0.14435090787621438,6.92884357805829,1.0831514416308163,1.0981355176273777,0,0.98,8,0.25927109993062913
m,1200.0,4,71,6719354608192194006,200,1200,8,1021,3.19,8.0,cached,float32,1,0.3326797385620915,225.31855442234064,0.14435090787621438,6.92884357805829,1.0831514416308163,1.0981355176273777,0,0.98,1,0.2487639000173658
m,1200.0,4,72,15949536326546357823,200,1200,8,1021,3.19,8.0,cached,float32,1,0.3326797385620915,225.31855442234064,0.14435090787621438,6.92884357805829,1.0831514416308163,1.0981355176273777,0,0.995,1,0.25064019998535514
m,1200.0,4,73,17813422639248535137,200,1200,8,1021,3.19,8.0,cached,float32,1,0.3326797385620915,225.31855442234064,0.14435090787621438,6.92884357805829,1.0831514416308163,1.0981355176273777,0,0.99,5,0.2490927999606356
m,1200.0,4,74,15582393870464629180,200,1200,8,1021,3.19,8.0,cached,float32,1,0.3326797385620915,225.31855442234064,0.14435090787621438,6.92884357805829,1.0831514416308163,1.0981355176273777,1,1.0,0,0.24925370002165437
m,1200.0,4,75,1360478849156706501,200,1200,8,1021,3.19,8.0,cached,float32,1,0.3326797385620915,225.31855442234064,0.14435090787621438,6.92884357805829,1.0831514416308163,1.0981355176273777,0,0.99,15,0.24849999998696148
m,1200.0,4,76,1965588850017266392,200,1200,8,1021,3.19,8.0,cached,float32,1,0.3326797385620915,225.31855442234064,0.14435090787621438,6.92884357805829,1.0831514416308163,1.0981355176273777,1,1.0,0,0.2467809000518173
m,1200.0,4,77,15318066496497690589,200,1200,8,1021,3.19,8.0,cached,float32,1,0.3326797385620915,225.31855442234064,0.14435090787621438,6.92884357805829,1.0831514416308163,1.0981355176273777,0,0.995,3,0.27466980007011443
m,1200.0,4,78,17836289487307829801,200,1200,8,1021,3.19,8.0,cached,float32,1,0.3326797385620915,225.31855442234064,0.14435090787621438,6.92884357805829,1.0831514416308163,1.0981355176273777,1,1.0,0,0.24601220001932234
m,1200.0,4,79,1065151164432329626,200,1200,8,1021,3.19,8.0,cached,float32,1,0.3326797385620915,225.31855442234064,0.14435090787621438,6.92884357805829,1.0831514416308163,1.0981355176273777,1,1.0,0,0.24723719991743565
m,1200.0,4,80,2442922022265258899,200,1200,8,1021,3.19,8.0,cached,float32,1,0.3326797385620915,225.31855442234064,0.14435090787621438,6.92884357805829,1.0831514416308163,1.0981355176273777,0,0.995,10,0.2480582999996841
m,1200.0,4,81,5320138659791776665,200,1200,8,1021,3.19,8.0,cached,float32,1,0.3326797385620915,225.31855442234064,0.14435090787621438,6.92884357805829,1.0831514416308163,1.0981355176273777,1,1.0,0,0.24715579999610782
m,1200.0,4,82,552612842978075146,200,1200,8,1021,3.19,8.0,cached,float32,1,0.3326797385620915,225.31855442234064,0.14435090787621438,6.92884357805829,1.0831514416308163,1.0981355176273777,0,0.995,1,0.29812139994464815
m,1200.0,4,83,11766866495818314380,200,1200,8,1021,3.19,8.0,cached,float32,1,0.3326797385620915,225.31855442234064,0.14435090787621438,6.92884357805829,1.0831514416308163,1.0981355176273777,0,0.985,2,0.24972269998397678
m,1200.0,4,84,1335340997569317573,200,1200,8,1021,3.19,8.0,cached,float32,1,0.3326797385620915,225.31855442234064,0.14435090787621438,6.92884357805829,1.0831514416308163,1.0981355176273777,1,1.0,0,0.24692089995369315
m,1200.0,4,85,15511371083654325028,200,1200,8,1021,3.19,8.0,cached,float32,1,0.3326797385620915,225.31855442234064,0.14435090787621438,6.92884357805829,1.0831514416308163,1.0981355176273777,1,1.0,0,0.25355290004517883
m,1200.0,4,86,1389855531052448838,200,1200,8,1021,3.19,8.0,cached,float32,1,0.3326797385620915,225.31855442234064,0.14435090787621438,6.92884357805829,1.0831514416308163,1.0981355176273777,1,1.0,0,0.25153889995999634
m,1200.0,4,87,11055817210895852534,200,1200,8,1021,3.19,8.0,cached,float32,1,0.3326797385620915,225.31855442234064,0.14435090787621438,6.92884357805829,1.0831514416308163,1.0981355176273777,0,0.985,7,0.24960660003125668
m,1200.0,4,88,16119487605515806544,200,1200,8,1021,3.19,8.0,cached,float32,1,0.3326797385620915,225.31855442234064,0.14435090787621438,6.92884357805829,1.0831514416308163,1.0981355176273777,0,0.995,3,0.2447211000835523
m,1200.0,4,89,166400712604097719,200,1200,8,1021,3.19,8.0,cached,float32,1,0.3326797385620915,225.31855442234064,0.14435090787621438,6.92884357805829,1.0831514416308163,1.0981355176273777,0,0.995,8,0.25070139998570085
m,1200.0,4,90,7068831381430602398,200,1200,8,1021,3.19,8.0,cached,float32,1,0.3326797385620915,225.31855442234064,0.14435090787621438,6.92884357805829,1.0831514416308163,1.0981355176273777,0,0.995,7,0.24824680003803223
m,1200.0,4,91,15619720456981844428,200,1200,8,1021,3.19,8.0,cached,float32,1,0.3326797385620915,225.31855442234064,0.14435090787621438,6.92884357805829,1.0831514416308163,1.0981355176273777,1,1.0,0,0.246018800069578
m,1200.0,4,92,7034747002428611728,200,1200,8,1021,3.19,8.0,cached,float32,1,0.3326797385620915,225.31855442234064,0.14435090787621438,6.92884357805829,1.0831514416308163,1.0981355176273777,0,0.985,2,0.2489693999523297
m,1200.0,4,93,1948497939924880012,200,1200,8,1021,3.19,8.0,cached,float32,1,0.3326797385620915,225.31855442234064,0.14435090787621438,6.92884357805829,1.0831514416308163,1.0981355176273777,0,0.995,3,0.2494345000013709
m,1200.0,4,94,10566004020007367785,200,1200,8,1021,3.19,8.0,cached,float32,1,0.3326797385620915,225.31855442234064,0.14435090787621438,6.92884357805829,1.0831514416308163,1.0981355176273777,1,1.0,0,0.2503943999763578
m,1200.0,4,95,2694871131259021713,200,1200,8,1021,3.19,8.0,cached,float32,1,0.3326797385620915,225.31855442234064,0.14435090787621438,6.92884357805829,1.0831514416308163,1.0981355176273777,1,1.0,0,0.24591900000814348
m,1200.0,4,96,15684830941232479477,200,1200,8,1021,3.19,8.0,cached,float32,1,0.3326797385620915,225.31855442234064,0.14435090787621438,6.92884357805829,1.0831514416308163,1.0981355176273777,0,0.995,6,0.24721930001396686
m,1200.0,4,97,10314633074558910653,200,1200,8,1021,3.19,8.0,cached,float32,1,0.3326797385620915,225.31855442234064,0.14435090787621438,6.92884357805829,1.0831514416308163,1.0981355176273777,0,0.995,12,0.2506030999356881
m,1200.0,4,98,12164586814705328575,200,1200,8,1021,3.19,8.0,cached,float32,1,0.3326797385620915,225.31855442234064,0.14435090787621438,6.92884357805829,1.0831514416308163,1.0981355176273777,0,0.99,2,0.24484749999828637
m,1200.0,4,99,15215541204227735618,200,1200,8,1021,3.19,8.0,cached,float32,1,0.3326797385620915,225.31855442234064,0.14435090787621438,6.92884357805829,1.0831514416308163,1.0981355176273777,0,0.99,5,0.2715533000882715
m,1600.0,5,0,10949789088471484398,200,1600,8,1021,3.19,8.0,cached,float32,1,0.3326797385620915,225.31855442234064,0.14435090787621438,9.23845810407772,1.4442019221744218,1.4641806901698369,1,1.0,0,0.32983629999216646
m,1600.0,5,1,3923596938172673330,200,1600,8,1021,3.19,8.0,cached,float32,1,0.3326797385620915,225.31855442234064,0.14435090787621438,9.23845810407772,1.4442019221744218,1.4641806901698369,1,1.0,0,0.3352681000251323
m,1600.0,5,2,8664691607761819235,200,1600,8,1021,3.19,8.0,cached,float32,1,0.3326797385620915,225.31855442234064,0.14435090787621438,9.23845810407772,1.4442019221744218,1.4641806901698369,1,1.0,0,0.32629400002770126
m,1600.0,5,3,5510324306923430274,200,1600,8,1021,3.19,8.0,cached,float32,1,0.3326797385620915,225.31855442234064,0.14435090787621438,9.23845810407772,1.4442019221744218,1.4641806901698369,1,1.0,0,0.32511149998754263
m,1600.0,5,4,17614448847275457424,200,1600,8,1021,3.19,8.0,cached,float32,1,0.3326797385620915,225.31855442234064,0.14435090787621438,9.23845810407772,1.4442019221744218,1.4641806901698369,1,1.0,0,0.3329871000023559
m,1600.0,5,5,16600095988962030920,200,1600,8,1021,3.19,8.0,cached,float32,1,0.3326797385620915,225.31855442234064,0.14435090787621438,9.23845810407772,1.4442019221744218,1.4641806901698369,0,0.995,2,0.3260147999972105
m,1600.0,5,6,16361049817486730788,200,1600,8,1021,3.19,8.0,cached,float32,1,0.3326797385620915,225.31855442234064,0.14435090787621438,9.23845810407772,1.4442019221744218,1.4641806901698369,1,1.0,0,0.3254780999850482
m,1600.0,5,7,6966625465821797525,200,1600,8,1021,3.19,8.0,cached,float32,1,0.3326797385620915,225.31855442234064,0.14435090787621438,9.23845810407772,1.4442019221744218,1.4641806901698369,0,0.995,8,0.3268570000072941
m,1600.0,5,8,14171644411426316351,200,1600,8,1021,3.19,8.0,cached,float32,1,0.3326797385620915,225.31855442234064,0.14435090787621438,9.23845810407772,1.4442019221744218,1.4641806901698369,1,1.0,0,0.3264548999723047
m,1600.0,5,9,12137352640051073188,200,1600,8,1021,3.19,8.0,cached,float32,1,0.3326797385620915,225.31855442234064,0.14435090787621438,9.23845810407772,1.4442019221744218,1.4641806901698369,1,1.0,0,0.3264548999723047
m,1600.0,5,10,14545654233745581744,200,1600,8,1021,3.19,8.0,cached,float32,1,0.3326797385620915,225.31855442234064,0.14435090787621438,9.23845810407772,1.4442019221744218,1.4641806901698369,1,1.0,0,0.3268008000450209
m,1600.0,5,11,18359145880657313555,200,1600,8,1021,3.19,8.0,cached,float32,1,0.3326797385620915,225.31855442234064,0.14435090787621438,9.23845810407772,1.4442019221744218,1.4641806901698369,1,1.0,0,0.32542580005247146
m,1600.0,5,12,16683761971637310386,200,1600,8,1021,3.19,8.0,cached,float32,1,0.3326797385620915,225.31855442234064,0.14435090787621438,9.23845810407772,1.4442019221744218,1.4641806901698369,1,1.0,0,0.328158300020732
m,1600.0,5,13,14456993609313669095,200,1600,8,1021,3.19,8.0,cached,float32,1,0.3326797385620915,225.31855442234064,0.14435090787621438,9.23845810407772,1.4442019221744218,1.4641806901698369,1,1.0,0,0.3288392999675125
m,1600.0,5,14,14393177858773964141,200,1600,8,1021,3.19,8.0,cached,float32,1,0.3326797385620915,225.31855442234064,0.14435090787621438,9.23845810407772,1.4442019221744218,1.4641806901698369,1,1.0,0,0.3277078999672085
m,1600.0,5,15,16807248487973386592,200,1600,8,1021,3.19,8.0,cached,float32,1,0.3326797385620915,225.31855442234064,0.14435090787621438,9.23845810407772,1.4442019221744218,1.4641806901698369,1,1.0,0,0.3235929000657052
m,1600.0,5,16,17412981564092484593,200,1600,8,1021,3.19,8.0,cached,float32,1,0.3326797385620915,225.31855442234064,0.14435090787621438,9.23845810407772,1.4442019221744218,1.4641806901698369,0,0.995,6,0.3329025999410078
m,1600.0,5,17,9551108234055084759,200,1600,8,1021,3.19,8.0,cached,float32,1,0.3326797385620915,225.31855442234064,0.14435090787621438,9.23845810407772,1.4442019221744218,1.4641806901698369,0,0.995,1,0.32503690000157803
m,1600.0,5,18,138997653718387904,200,1600,8,1021,3.19,8.0,cached,float32,1,0.3326797385620915,225.31855442234064,0.14435090787621438,9.23845810407772,1.4442019221744218,1.4641806901698369,1,1.0,0,0.32716620003338903
m,1600.0,5,19,46281022999900833,200,1600,8,1021,3.19,8.0,cached,float32,1,0.3326797385620915,225.31855442234064,0.14435090787621438,9.23845810407772,1.4442019221744218,1.4641806901698369,0,0.995,1,0.3316026000538841
m,1600.0,5,20,11837643074221226592,200,1600,8,1021,3.19,8.0,cached,float32,1,0.3326797385620915,225.31855442234064,0.14435090787621438,9.23845810407772,1.4442019221744218,1.4641806901698369,1,1.0,0,0.32518449996132404
m,1600.0,5,21,4973673740732929341,200,1600,8,1021,3.19,8.0,cached,float32,1,0.3326797385620915,225.31855442234064,0.14435090787621438,9.23845810407772,1.4442019221744218,1.4641806901698369,1,1.0,0,0.3298870000289753
m,1600.0,5,22,13265362137993542862,200,1600,8,1021,3.19,8.0,cached,float32,1,0.3326797385620915,225.31855442234064,0.14435090787621438,9.23845810407772,1.4442019221744218,1.4641806901698369,1,1.0,0,0.33032900001853704
m,1600.0,5,23,10171116945527400233,200,1600,8,1021,3.19,8.0,cached,float32,1,0.3326797385620915,225.31855442234064,0.14435090787621438,9.23845810407772,1.4442019221744218,1.4641806901698369,0,0.995,7,0.32934310007840395
m,1600.0,5,24,6166318294719139940,200,1600,8,1021,3.19,8.0,cached,float32,1,0.3326797385620915,225.31855442234064,0.14435090787621438,9.23845810407772,1.4442019221744218,1.4641806901698369,1,1.0,0,0.34128920000512153
m,1600.0,5,25,2973833048299883257,200,1600,8,1021,3.19,8.0,cached,float32,1,0.3326797385620915,225.31855442234064,0.14435090787621438,9.23845810407772,1.4442019221744218,1.4641806901698369,1,1.0,0,0.3430758999893442
m,1600.0,5,26,1895781282550463580,200,1600,8,1021,3.19,8.0,cached,float32,1,0.3326797385620915,225.31855442234064,0.14435090787621438,9.23845810407772,1.4442019221744218,1.4641806901698369,0,0.995,1,0.3573294000234455
m,1600.0,5,27,3675973252118043438,200,1600,8,1021,3.19,8.0,cached,float32,1,0.3326797385620915,225.31855442234064,0.14435090787621438,9.23845810407772,1.4442019221744218,1.4641806901698369,1,1.0,0,0.3534716999856755
m,1600.0,5,28,3132435446708687597,200,1600,8,1021,3.19,8.0,cached,float32,1,0.3326797385620915,225.31855442234064,0.14435090787621438,9.23845810407772,1.4442019221744218,1.4641806901698369,0,0.99,6,0.3442209999775514
m,1600.0,5,29,6652286529601367410,200,1600,8,1021,3.19,8.0,cached,float32,1,0.3326797385620915,225.31855442234064,0.14435090787621438,9.23845810407772,1.4442019221744218,1.4641806901698369,0,0.995,7,0.3533229000167921
m,1600.0,5,30,982973044339087357,200,1600,8,1021,3.19,8.0,cached,float32,1,0.3326797385620915,225.31855442234064,0.14435090787621438,9.23845810407772,1.4442019221744218,1.4641806901698369,1,1.0,0,0.3435374000109732
m,1600.0,5,31,7987082457988460581,200,1600,8,1021,3.19,8.0,cached,float32,1,0.3326797385620915,225.31855442234064,0.14435090787621438,9.23845810407772,1.4442019221744218,1.4641806901698369,1,1.0,0,0.35686160007026047
m,1600.0,5,32,12446261790592814760,200,1600,8,1021,3.19,8.0,cached,float32,1,0.3326797385620915,225.31855442234064,0.14435090787621438,9.23845810407772,1.4442019221744218,1.4641806901698369,0,0.995,6,0.3457369999960065
m,1600.0,5,33,12060640169420714639,200,1600,8,1021,3.19,8.0,cached,float32,1,0.3326797385620915,225.31855442234064,0.14435090787621438,9.23845810407772,1.4442019221744218,1.4641806901698369,1,1.0,0,0.343034700024873
m,1600.0,5,34,12684942043915009502,200,1600,8,1021,3.19,8.0,cached,float32,1,0.3326797385620915,225.31855442234064,0.14435090787621438,9.23845810407772,1.4442019221744218,1.4641806901698369,1,1.0,0,0.3468617999460548
m,1600.0,5,35,714591139243018918,200,1600,8,1021,3.19,8.0,cached,float32,1,0.3326797385620915,225.31855442234064,0.14435090787621438,9.23845810407772,1.4442019221744218,1.4641806901698369,1,1.0,0,0.3425522999605164
m,1600.0,5,36,8287360869296404264,200,1600,8,1021,3.19,8.0,cached,float32,1,0.3326797385620915,225.31855442234064,0.14435090787621438,9.23845810407772,1.4442019221744218,1.4641806901698369,1,1.0,0,0.3396787999663502
m,1600.0,5,37,8991547725992363720,200,1600,8,1021,3.19,8.0,cached,float32,1,0.3326797385620915,225.31855442234064,0.14435090787621438,9.23845810407772,1.4442019221744218,1.4641806901698369,1,1.0,0,0.33313829998951405
m,1600.0,5,38,15247651219603110138,200,1600,8,1021,3.19,8.0,cached,float32,1,0.3326797385620915,225.31855442234064,0.14435090787621438,9.23845810407772,1.4442019221744218,1.4641806901698369,1,1.0,0,0.33217210008297116
m,1600.0,5,39,12254049961036088265,200,1600,8,1021,3.19,8.0,cached,float32,1,0.3326797385620915,225.31855442234064,0.14435090787621438,9.23845810407772,1.4442019221744218,1.4641806901698369,1,1.0,0,0.327743100002408
m,1600.0,5,40,5267705092016499157,200,1600,8,1021,3.19,8.0,cached,float32,1,0.3326797385620915,225.31855442234064,0.14435090787621438,9.23845810407772,1.4442019221744218,1.4641806901698369,0,0.995,2,0.3288003000197932
m,1600.0,5,41,16982623932929679588,200,1600,8,1021,3.19,8.0,cached,float32,1,0.3326797385620915,225.31855442234064,0.14435090787621438,9.23845810407772,1.4442019221744218,1.4641806901698369,1,1.0,0,0.32488550001289696
m,1600.0,5,42,16712678168387521917,200,1600,8,1021,3.19,8.0,cached,float32,1,0.3326797385620915,225.31855442234064,0.14435090787621438,9.23845810407772,1.4442019221744218,1.4641806901698369,1,1.0,0,0.3308084999443963
m,1600.0,5,43,7796055070296111127,200,1600,8,1021,3.19,8.0,cached,float32,1,0.3326797385620915,225.31855442234064,0.14435090787621438,9.23845810407772,1.4442019221744218,1.4641806901698369,1,1.0,0,0.32802879996597767
m,1600.0,5,44,203593737623360202,200,1600,8,1021,3.19,8.0,cached,float32,1,0.3326797385620915,225.31855442234064,0.14435090787621438,9.23845810407772,1.4442019221744218,1.4641806901698369,1,1.0,0,0.32533210003748536
m,1600.0,5,45,11418456787075356204,200,1600,8,1021,3.19,8.0,cached,float32,1,0.3326797385620915,225.31855442234064,0.14435090787621438,9.23845810407772,1.4442019221744218,1.4641806901698369,0,0.995,4,0.32938340003602207
m,1600.0,5,46,13387036721663414034,200,1600,8,1021,3.19,8.0,cached,float32,1,0.3326797385620915,225.31855442234064,0.14435090787621438,9.23845810407772,1.4442019221744218,1.4641806901698369,1,1.0,0,0.32725349999964237
m,1600.0,5,47,9726205645068164532,200,1600,8,1021,3.19,8.0,cached,float32,1,0.3326797385620915,225.31855442234064,0.14435090787621438,9.23845810407772,1.4442019221744218,1.4641806901698369,0,0.995,2,0.3314515999518335
m,1600.0,5,48,3229509952334281633,200,1600,8,1021,3.19,8.0,cached,float32,1,0.3326797385620915,225.31855442234064,0.14435090787621438,9.23845810407772,1.4442019221744218,1.4641806901698369,1,1.0,0,0.3275960999308154
m,1600.0,5,49,11080175987945074819,200,1600,8,1021,3.19,8.0,cached,float32,1,0.3326797385620915,225.31855442234064,0.14435090787621438,9.23845810407772,1.4442019221744218,1.4641806901698369,1,1.0,0,0.33174589998088777
m,1600.0,5,50,12184064404694398841,200,1600,8,1021,3.19,8.0,cached,float32,1,0.3326797385620915,225.31855442234064,0.14435090787621438,9.23845810407772,1.4442019221744218,1.4641806901698369,0,0.995,9,0.3296023999573663
m,1600.0,5,51,6889808283105448468,200,1600,8,1021,3.19,8.0,cached,float32,1,0.3326797385620915,225.31855442234064,0.14435090787621438,9.23845810407772,1.4442019221744218,1.4641806901698369,0,0.995,8,0.32407319999765605
m,1600.0,5,52,287504752849095221,200,1600,8,1021,3.19,8.0,cached,float32,1,0.3326797385620915,225.31855442234064,0.14435090787621438,9.23845810407772,1.4442019221744218,1.4641806901698369,1,1.0,0,0.3405723999021575
m,1600.0,5,53,8640320042954177965,200,1600,8,1021,3.19,8.0,cached,float32,1,0.3326797385620915,225.31855442234064,0.14435090787621438,9.23845810407772,1.4442019221744218,1.4641806901698369,0,0.995,3,0.3271330000134185
m,1600.0,5,54,16562228359397816451,200,1600,8,1021,3.19,8.0,cached,float32,1,0.3326797385620915,225.31855442234064,0.14435090787621438,9.23845810407772,1.4442019221744218,1.4641806901698369,0,0.995,9,0.3259847000008449
m,1600.0,5,55,60491118840283261,200,1600,8,1021,3.19,8.0,cached,float32,1,0.3326797385620915,225.31855442234064,0.14435090787621438,9.23845810407772,1.4442019221744218,1.4641806901698369,1,1.0,0,0.3254734000656754
m,1600.0,5,56,6144865374276978924,200,1600,8,1021,3.19,8.0,cached,float32,1,0.3326797385620915,225.31855442234064,0.14435090787621438,9.23845810407772,1.4442019221744218,1.4641806901698369,1,1.0,0,0.3220578000182286
m,1600.0,5,57,5957362132990069049,200,1600,8,1021,3.19,8.0,cached,float32,1,0.3326797385620915,225.31855442234064,0.14435090787621438,9.23845810407772,1.4442019221744218,1.4641806901698369,1,1.0,0,0.332146400003694
m,1600.0,5,58,12519390255271609662,200,1600,8,1021,3.19,8.0,cached,float32,1,0.3326797385620915,225.31855442234064,0.14435090787621438,9.23845810407772,1.4442019221744218,1.4641806901698369,0,0.995,4,0.3313962999964133
m,1600.0,5,59,10557096341547672766,200,1600,8,1021,3.19,8.0,cached,float32,1,0.3326797385620915,225.31855442234064,0.14435090787621438,9.23845810407772,1.4442019221744218,1.4641806901698369,1,1.0,0,0.3324572000419721
m,1600.0,5,60,13771102688085490793,200,1600,8,1021,3.19,8.0,cached,float32,1,0.3326797385620915,225.31855442234064,0.14435090787621438,9.23845810407772,1.4442019221744218,1.4641806901698369,1,1.0,0,0.33244149992242455
m,1600.0,5,61,15177222042221137811,200,1600,8,1021,3.19,8.0,cached,float32,1,0.3326797385620915,225.31855442234064,0.14435090787621438,9.23845810407772,1.4442019221744218,1.4641806901698369,1,1.0,0,0.32892419991549104
m,1600.0,5,62,7959151366723313250,200,1600,8,1021,3.19,8.0,cached,float32,1,0.3326797385620915,225.31855442234064,0.14435090787621438,9.23845810407772,1.4442019221744218,1.4641806901698369,1,1.0,0,0.32970799994654953
m,1600.0,5,63,7129432431719030246,200,1600,8,1021,3.19,8.0,cached,float32,1,0.3326797385620915,225.31855442234064,0.14435090787621438,9.23845810407772,1.4442019221744218,1.4641806901698369,1,1.0,0,0.32579049991909415
m,1600.0,5,64,10161025812139750783,200,1600,8,1021,3.19,8.0,cached,float32,1,0.3326797385620915,225.31855442234064,0.14435090787621438,9.23845810407772,1.4442019221744218,1.4641806901698369,1,1.0,0,0.32953139999881387
m,1600.0,5,65,16118169298169069439,200,1600,8,1021,3.19,8.0,cached,float32,1,0.3326797385620915,225.31855442234064,0.14435090787621438,9.23845810407772,1.4442019221744218,1.4641806901698369,1,1.0,0,0.3264528000727296
m,1600.0,5,66,11358055911163514776,200,1600,8,1021,3.19,8.0,cached,float32,1,0.3326797385620915,225.31855442234064,0.14435090787621438,9.23845810407772,1.4442019221744218,1.4641806901698369,1,1.0,0,0.3260032000252977
m,1600.0,5,67,12345318059323233130,200,1600,8,1021,3.19,8.0,cached,float32,1,0.3326797385620915,225.31855442234064,0.14435090787621438,9.23845810407772,1.4442019221744218,1.4641806901698369,1,1.0,0,0.32740220008417964
m,1600.0,5,68,17924323483670434311,200,1600,8,1021,3.19,8.0,cached,float32,1,0.3326797385620915,225.31855442234064,0.14435090787621438,9.23845810407772,1.4442019221744218,1.4641806901698369,1,1.0,0,0.32517929992172867
m,1600.0,5,69,373872900184146261,200,1600,8,1021,3.19,8.0,cached,float32,1,0.3326797385620915,225.31855442234064,0.14435090787621438,9.23845810407772,1.4442019221744218,1.4641806901698369,1,1.0,0,0.354966799961403
m,1600.0,5,70,13163931366225606515,200,1600,8,1021,3.19,8.0,cached,float32,1,0.3326797385620915,225.31855442234064,0.14435090787621438,9.23845810407772,1.4442019221744218,1.4641806901698369,0,0.995,1,0.32823919993825257
m,1600.0,5,71,17915917497618761476,200,1600,8,1021,3.19,8.0,cached,float32,1,0.3326797385620915,225.31855442234064,0.14435090787621438,9.23845810407772,1.4442019221744218,1.4641806901698369,0,0.995,1,0.3295046999119222
m,1600.0,5,72,16177934427320092650,200,1600,8,1021,3.19,8.0,cached,float32,1,0.3326797385620915,225.31855442234064,0.14435090787621438,9.23845810407772,1.4442019221744218,1.4641806901698369,1,1.0,0,0.32925429998431355
m,1600.0,5,73,18430077094953944022,200,1600,8,1021,3.19,8.0,cached,float32,1,0.3326797385620915,225.31855442234064,0.14435090787621438,9.23845810407772,1.4442019221744218,1.4641806901698369,0,0.995,4,0.32946830010041595
m,1600.0,5,74,3354126191481226361,200,1600,8,1021,3.19,8.0,cached,float32,1,0.3326797385620915,225.31855442234064,0.14435090787621438,9.23845810407772,1.4442019221744218,1.4641806901698369,1,1.0,0,0.33282990008592606
m,1600.0,5,75,13086090685381554800,200,1600,8,1021,3.19,8.0,cached,float32,1,0.3326797385620915,225.31855442234064,0.14435090787621438,9.23845810407772,1.4442019221744218,1.4641806901698369,1,1.0,0,0.32572620001155883
m,1600.0,5,76,11107346132594656388,200,1600,8,1021,3.19,8.0,cached,float32,1,0.3326797385620915,225.31855442234064,0.14435090787621438,9.23845810407772,1.4442019221744218,1.4641806901698369,1,1.0,0,0.3344523999840021
m,1600.0,5,77,7962328069413247746,200,1600,8,1021,3.19,8.0,cached,float32,1,0.3326797385620915,225.31855442234064,0.14435090787621438,9.23845810407772,1.4442019221744218,1.4641806901698369,1,1.0,0,0.32779110001865774
m,1600.0,5,78,2622666421573591545,200,1600,8,1021,3.19,8.0,cached,float32,1,0.3326797385620915,225.31855442234064,0.14435090787621438,9.23845810407772,1.4442019221744218,1.4641806901698369,1,1.0,0,0.3343978999182582
m,1600.0,5,79,10211448519413827232,200,1600,8,1021,3.19,8.0,cached,float32,1,0.3326797385620915,225.31855442234064,0.14435090787621438,9.23845810407772,1.4442019221744218,1.4641806901698369,1,1.0,0,0.3258889999706298
m,1600.0,5,80,16486966231509018197,200,1600,8,1021,3.19,8.0,cached,float32,1,0.3326797385620915,225.31855442234064,0.14435090787621438,9.23845810407772,1.4442019221744218,1.4641806901698369,1,1.0,0,0.32895060000009835
m,1600.0,5,81,13233766714100994010,200,1600,8,1021,3.19,8.0,cached,float32,1,0.3326797385620915,225.31855442234064,0.14435090787621438,9.23845810407772,1.4442019221744218,1.4641806901698369,0,0.995,3,0.3259863998973742
m,1600.0,5,82,152121216012469003,200,1600,8,1021,3.19,8.0,cached,float32,1,0.3326797385620915,225.31855442234064,0.14435090787621438,9.23845810407772,1.4442019221744218,1.4641806901698369,0,0.995,7,0.3264481999212876
m,1600.0,5,83,6249371225741481656,200,1600,8,1021,3.19,8.0,cached,float32,1,0.3326797385620915,225.31855442234064,0.14435090787621438,9.23845810407772,1.4442019221744218,1.4641806901698369,0,0.99,5,0.3266299000242725
m,1600.0,5,84,13184886466991822542,200,1600,8,1021,3.19,8.0,cached,float32,1,0.3326797385620915,225.31855442234064,0.14435090787621438,9.23845810407772,1.4442019221744218,1.4641806901698369,1,1.0,0,0.3297689000610262
m,1600.0,5,85,3626499896913616231,200,1600,8,1021,3.19,8.0,cached,float32,1,0.3326797385620915,225.31855442234064,0.14435090787621438,9.23845810407772,1.4442019221744218,1.4641806901698369,0,0.99,3,0.3298141999403015
m,1600.0,5,86,6108096923540151765,200,1600,8,1021,3.19,8.0,cached,float32,1,0.3326797385620915,225.31855442234064,0.14435090787621438,9.23845810407772,1.4442019221744218,1.4641806901698369,0,0.995,1,0.3342328999424353
m,1600.0,5,87,10294426347488379840,200,1600,8,1021,3.19,8.0,cached,float32,1,0.3326797385620915,225.31855442234064,0.14435090787621438,9.23845810407772,1.4442019221744218,1.4641806901698369,0,0.99,3,0.337733400054276
m,1600.0,5,88,1508752622714623810,200,1600,8,1021,3.19,8.0,cached,float32,1,0.3326797385620915,225.31855442234064,0.14435090787621438,9.23845810407772,1.4442019221744218,1.4641806901698369,0,0.995,3,0.3318536999868229
m,1600.0,5,89,1555445002960773355,200,1600,8,1021,3.19,8.0,cached,float32,1,0.3326797385620915,225.31855442234064,0.14435090787621438,9.23845810407772,1.4442019221744218,1.4641806901698369,1,1.0,0,0.3271788000129163
m,1600.0,5,90,5161160558424660022,200,1600,8,1021,3.19,8.0,cached,float32,1,0.3326797385620915,225.31855442234064,0.14435090787621438,9.23845810407772,1.4442019221744218,1.4641806901698369,1,1.0,0,0.3293866999447346
m,1600.0,5,91,7620376906539723583,200,1600,8,1021,3.19,8.0,cached,float32,1,0.3326797385620915,225.31855442234064,0.14435090787621438,9.23845810407772,1.4442019221744218,1.4641806901698369,0,0.995,5,0.3293297999771312
m,1600.0,5,92,8251743980431713831,200,1600,8,1021,3.19,8.0,cached,float32,1,0.3326797385620915,225.31855442234064,0.14435090787621438,9.23845810407772,1.4442019221744218,1.4641806901698369,1,1.0,0,0.3317738000769168
m,1600.0,5,93,10440629424039942359,200,1600,8,1021,3.19,8.0,cached,float32,1,0.3326797385620915,225.31855442234064,0.14435090787621438,9.23845810407772,1.4442019221744218,1.4641806901698369,1,1.0,0,0.32407830003648996
m,1600.0,5,94,2936887314722531699,200,1600,8,1021,3.19,8.0,cached,float32,1,0.3326797385620915,225.31855442234064,0.14435090787621438,9.23845810407772,1.4442019221744218,1.4641806901698369,1,1.0,0,0.3268570000072941
m,1600.0,5,95,15147665448200095645,200,1600,8,1021,3.19,8.0,cached,float32,1,0.3326797385620915,225.31855442234064,0.14435090787621438,9.23845810407772,1.4442019221744218,1.4641806901698369,1,1.0,0,0.3365873999428004
m,1600.0,5,96,5451152811626607215,200,1600,8,1021,3.19,8.0,cached,float32,1,0.3326797385620915,225.31855442234064,0.14435090787621438,9.23845810407772,1.4442019221744218,1.4641806901698369,1,1.0,0,0.33299900009296834
m,1600.0,5,97,2341310041601577824,200,1600,8,1021,3.19,8.0,cached,float32,1,0.3326797385620915,225.31855442234064,0.14435090787621438,9.23845810407772,1.4442019221744218,1.4641806901698369,0,0.99,2,0.3886904999380931
m,1600.0,5,98,17804107351009281983,200,1600,8,1021,3.19,8.0,cached,float32,1,0.3326797385620915,225.31855442234064,0.14435090787621438,9.23845810407772,1.4442019221744218,1.4641806901698369,1,1.0,0,0.35115669993683696
m,1600.0,5,99,13432734117575428648,200,1600,8,1021,3.19,8.0,cached,float32,1,0.3326797385620915,225.31855442234064,0.14435090787621438,9.23845810407772,1.4442019221744218,1.4641806901698369,0,0.995,6,0.3183992999838665
m,2000.0,6,0,13979323136253663282,200,2000,8,1021,3.19,8.0,cached,float32,1,0.3326797385620915,225.31855442234064,0.14435090787621438,11.54807263009715,1.8052524027180274,1.8302258627122963,1,1.0,0,0.42520619998686016
m,2000.0,6,1,16774653090883419821,200,2000,8,1021,3.19,8.0,cached,float32,1,0.3326797385620915,225.31855442234064,0.14435090787621438,11.54807263009715,1.8052524027180274,1.8302258627122963,1,1.0,0,0.42935810005292296
m,2000.0,6,2,14871938945922494256,200,2000,8,1021,3.19,8.0,cached,float32,1,0.3326797385620915,225.31855442234064,0.14435090787621438,11.54807263009715,1.8052524027180274,1.8302258627122963,0,0.995,7,0.40880810003727674
m,2000.0,6,3,6988772302065303208,200,2000,8,1021,3.19,8.0,cached,float32,1,0.3326797385620915,225.31855442234064,0.14435090787621438,11.54807263009715,1.8052524027180274,1.8302258627122963,1,1.0,0,0.42384850000962615
m,2000.0,6,4,13875438001626986467,200,2000,8,1021,3.19,8.0,cached,float32,1,0.3326797385620915,225.31855442234064,0.14435090787621438,11.54807263009715,1.8052524027180274,1.8302258627122963,0,0.995,1,0.41029200004413724
m,2000.0,6,5,17532520549061434766,200,2000,8,1021,3.19,8.0,cached,float32,1,0.3326797385620915,225.31855442234064,0.14435090787621438,11.54807263009715,1.8052524027180274,1.8302258627122963,1,1.0,0,0.4641061999136582
m,2000.0,6,6,15548092895120547272,200,2000,8,1021,3.19,8.0,cached,float32,1,0.3326797385620915,225.31855442234064,0.14435090787621438,11.54807263009715,1.8052524027180274,1.8302258627122963,0,0.995,3,0.42157729994505644
m,2000.0,6,7,15936635608645807956,200,2000,8,1021,3.19,8.0,cached,float32,1,0.3326797385620915,225.31855442234064,0.14435090787621438,11.54807263009715,1.8052524027180274,1.8302258627122963,1,1.0,0,0.4179644000250846
m,2000.0,6,8,14806158203517065999,200,2000,8,1021,3.19,8.0,cached,float32,1,0.3326797385620915,225.31855442234064,0.14435090787621438,11.54807263009715,1.8052524027180274,1.8302258627122963,1,1.0,0,0.407202500035055
m,2000.0,6,9,11251111677230290614,200,2000,8,1021,3.19,8.0,cached,float32,1,0.3326797385620915,225.31855442234064,0.14435090787621438,11.54807263009715,1.8052524027180274,1.8302258627122963,1,1.0,0,0.40507639991119504
m,2000.0,6,10,15131605914744895164,200,2000,8,1021,3.19,8.0,cached,float32,1,0.3326797385620915,225.31855442234064,0.14435090787621438,11.54807263009715,1.8052524027180274,1.8302258627122963,1,1.0,0,0.4203378999372944
m,2000.0,6,11,17375018962140295203,200,2000,8,1021,3.19,8.0,cached,float32,1,0.3326797385620915,225.31855442234064,0.14435090787621438,11.54807263009715,1.8052524027180274,1.8302258627122963,1,1.0,0,0.4155673000495881
m,2000.0,6,12,12709074031533158511,200,2000,8,1021,3.19,8.0,cached,float32,1,0.3326797385620915,225.31855442234064,0.14435090787621438,11.54807263009715,1.8052524027180274,1.8302258627122963,1,1.0,0,0.41568739991635084
m,2000.0,6,13,13324601259810419798,200,2000,8,1021,3.19,8.0,cached,float32,1,0.3326797385620915,225.31855442234064,0.14435090787621438,11.54807263009715,1.8052524027180274,1.8302258627122963,0,0.995,2,0.4125828000251204
m,2000.0,6,14,2822102465205669583,200,2000,8,1021,3.19,8.0,cached,float32,1,0.3326797385620915,225.31855442234064,0.14435090787621438,11.54807263009715,1.8052524027180274,1.8302258627122963,1,1.0,0,0.421210499946028
m,2000.0,6,15,11938291806218428141,200,2000,8,1021,3.19,8.0,cached,float32,1,0.3326797385620915,225.31855442234064,0.14435090787621438,11.54807263009715,1.8052524027180274,1.8302258627122963,1,1.0,0,0.4188409000635147
m,2000.0,6,16,3132673739009026185,200,2000,8,1021,3.19,8.0,cached,float32,1,0.3326797385620915,225.31855442234064,0.14435090787621438,11.54807263009715,1.8052524027180274,1.8302258627122963,0,0.995,8,0.41228130005765706
m,2000.0,6,17,7334325426137421005,200,2000,8,1021,3.19,8.0,cached,float32,1,0.3326797385620915,225.31855442234064,0.14435090787621438,11.54807263009715,1.8052524027180274,1.8302258627122963,0,0.995,1,0.4322018000530079
m,2000.0,6,18,11210808756931521579,200,2000,8,1021,3.19,8.0,cached,float32,1,0.3326797385620915,225.31855442234064,0.14435090787621438,11.54807263009715,1.8052524027180274,1.8302258627122963,1,1.0,0,0.4176045999629423
m,2000.0,6,19,6395537673405997474,200,2000,8,1021,3.19,8.0,cached,float32,1,0.3326797385620915,225.31855442234064,0.14435090787621438,11.54807263009715,1.8052524027180274,1.8302258627122963,1,1.0,0,0.41726150002796203
m,2000.0,6,20,16398435585073561872,200,2000,8,1021,3.19,8.0,cached,float32,1,0.3326797385620915,225.31855442234064,0.14435090787621438,11.54807263009715,1.8052524027180274,1.8302258627122963,1,1.0,0,0.41956680000294
m,2000.0,6,21,2394952778718693306,200,2000,8,1021,3.19,8.0,cached,float32,1,0.3326797385620915,225.31855442234064,0.14435090787621438,11.54807263009715,1.8052524027180274,1.8302258627122963,1,1.0,0,0.4411591000389308
m,2000.0,6,22,6171274160498448023,200,2000,8,1021,3.19,8.0,cached,float32,1,0.3326797385620915,225.31855442234064,0.14435090787621438,11.54807263009715,1.8052524027180274,1.8302258627122963,1,1.0,0,0.4286939000012353
m,2000.0,6,23,2596817664133286946,200,2000,8,1021,3.19,8.0,cached,float32,1,0.3326797385620915,225.31855442234064,0.14435090787621438,11.54807263009715,1.8052524027180274,1.8302258627122963,1,1.0,0,0.4107734999852255
m,2000.0,6,24,145705035011803675,200,2000,8,1021,3.19,8.0,cached,float32,1,0.3326797385620915,225.31855442234064,0.14435090787621438,11.54807263009715,1.8052524027180274,1.8302258627122963,1,1.0,0,0.4278827999951318
m,2000.0,6,25,5570986935788443021,200,2000,8,1021,3.19,8.0,cached,float32,1,0.3326797385620915,225.31855442234064,0.14435090787621438,11.54807263009715,1.8052524027180274,1.8302258627122963,1,1.0,0,0.41154560004360974
m,2000.0,6,26,15847972435201626649,200,2000,8,1021,3.19,8.0,cached,float32,1,0.3326797385620915,225.31855442234064,0.14435090787621438,11.54807263009715,1.8052524027180274,1.8302258627122963,1,1.0,0,0.4085468000266701
m,2000.0,6,27,2354838926703913953,200,2000,8,1021,3.19,8.0,cached,float32,1,0.3326797385620915,225.31855442234064,0.14435090787621438,11.54807263009715,1.8052524027180274,1.8302258627122963,1,1.0,0,0.4070122000994161
m,2000.0,6,28,8734779688303368588,200,2000,8,1021,3.19,8.0,cached,float32,1,0.3326797385620915,225.31855442234064,0.14435090787621438,11.54807263009715,1.8052524027180274,1.8302258627122963,0,0.985,2,0.4178135000402108
m,2000.0,6,29,9733178374087125198,200,2000,8,1021,3.19,8.0,cached,float32,1,0.3326797385620915,225.31855442234064,0.14435090787621438,11.54807263009715,1.8052524027180274,1.8302258627122963,1,1.0,0,0.4123931999783963
m,2000.0,6,30,1542601368406375822,200,2000,8,1021,3.19,8.0,cached,float32,1,0.3326797385620915,225.31855442234064,0.14435090787621438,11.54807263009715,1.8052524027180274,1.8302258627122963,1,1.0,0,0.44648489996325225
m,2000.0,6,31,290384510910316585,200,2000,8,1021,3.19,8.0,cached,float32,1,0.3326797385620915,225.31855442234064,0.14435090787621438,11.54807263009715,1.8052524027180274,1.8302258627122963,1,1.0,0,0.42534399998839945
m,2000.0,6,32,7282727783011716688,200,2000,8,1021,3.19,8.0,cached,float32,1,0.3326797385620915,225.31855442234064,0.14435090787621438,11.54807263009715,1.8052524027180274,1.8302258627122963,1,1.0,0,0.45445049996487796
m,2000.0,6,33,5929113286030596340,200,2000,8,1021,3.19,8.0,cached,float32,1,0.3326797385620915,225.31855442234064,0.14435090787621438,11.54807263009715,1.8052524027180274,1.8302258627122963,1,1.0,0,0.4277184000238776
m,2000.0,6,34,14752245609884980489,200,2000,8,1021,3.19,8.0,cached,float32,1,0.3326797385620915,225.31855442234064,0.14435090787621438,11.54807263009715,1.8052524027180274,1.8302258627122963,1,1.0,0,0.4329492000397295
m,2000.0,6,35,16964316311717789089,200,2000,8,1021,3.19,8.0,cached,float32,1,0.3326797385620915,225.31855442234064,0.14435090787621438,11.54807263009715,1.8052524027180274,1.8302258627122963,1,1.0,0,0.43127619998995215
m,2000.0,6,36,8153331484151418079,200,2000,8,1021,3.19,8.0,cached,float32,1,0.3326797385620915,225.31855442234064,0.14435090787621438,11.54807263009715,1.8052524027180274,1.8302258627122963,1,1.0,0,0.44160810008179396
m,2000.0,6,37,32464782238112061,200,2000,8,1021,3.19,8.0,cached,float32,1,0.3326797385620915,225.31855442234064,0.14435090787621438,11.54807263009715,1.8052524027180274,1.8302258627122963,1,1.0,0,0.414596899994649
m,2000.0,6,38,15543201266124702937,200,2000,8,1021,3.19,8.0,cached,float32,1,0.3326797385620915,225.31855442234064,0.14435090787621438,11.54807263009715,1.8052524027180274,1.8302258627122963,1,1.0,0,0.433903899975121
m,2000.0,6,39,14131271074517329644,200,2000,8,1021,3.19,8.0,cached,float32,1,0.3326797385620915,225.31855442234064,0.14435090787621438,11.54807263009715,1.8052524027180274,1.8302258627122963,1,1.0,0,0.4186481999931857
m,2000.0,6,40,10508181650503935647,200,2000,8,1021,3.19,8.0,cached,float32,1,0.3326797385620915,225.31855442234064,0.14435090787621438,11.54807263009715,1.8052524027180274,1.8302258627122963,1,1.0,0,0.43445090006571263
m,2000.0,6,41,18114202870089283677,200,2000,8,1021,3.19,8.0,cached,float32,1,0.3326797385620915,225.31855442234064,0.14435090787621438,11.54807263009715,1.8052524027180274,1.8302258627122963,1,1.0,0,0.4106391998939216
m,2000.0,6,42,1166385059441786349,200,2000,8,1021,3.19,8.0,cached,float32,1,0.3326797385620915,225.31855442234064,0.14435090787621438,11.54807263009715,1.8052524027180274,1.8302258627122963,1,1.0,0,0.4211620999267325
m,2000.0,6,43,2940835716057085107,200,2000,8,1021,3.19,8.0,cached,float32,1,0.3326797385620915,225.31855442234064,0.14435090787621438,11.54807263009715,1.8052524027180274,1.8302258627122963,1,1.0,0,0.41694220004137605
m,2000.0,6,44,3871015633175857689,200,2000,8,1021,3.19,8.0,cached,float32,1,0.3326797385620915,225.31855442234064,0.14435090787621438,11.54807263009715,1.8052524027180274,1.8302258627122963,1,1.0,0,0.4891736999852583
m,2000.0,6,45,5114433774474841478,200,2000,8,1021,3.19,8.0,cached,float32,1,0.3326797385620915,225.31855442234064,0.14435090787621438,11.54807263009715,1.8052524027180274,1.8302258627122963,0,0.995,6,0.41164770000614226
m,2000.0,6,46,4534976660191521769,200,2000,8,1021,3.19,8.0,cached,float32,1,0.3326797385620915,225.31855442234064,0.14435090787621438,11.54807263009715,1.8052524027180274,1.8302258627122963,0,0.995,9,0.4039194999495521
m,2000.0,6,47,6076969133481332338,200,2000,8,1021,3.19,8.0,cached,float32,1,0.3326797385620915,225.31855442234064,0.14435090787621438,11.54807263009715,1.8052524027180274,1.8302258627122963,1,1.0,0,0.4114013999933377
m,2000.0,6,48,7167562503798475306,200,2000,8,1021,3.19,8.0,cached,float32,1,0.3326797385620915,225.31855442234064,0.14435090787621438,11.54807263009715,1.8052524027180274,1.8302258627122963,1,1.0,0,0.40734619996510446
m,2000.0,6,49,12063528814045844940,200,2000,8,1021,3.19,8.0,cached,float32,1,0.3326797385620915,225.31855442234064,0.14435090787621438,11.54807263009715,1.8052524027180274,1.8302258627122963,1,1.0,0,0.41189999994821846
m,2000.0,6,50,16324063747287779116,200,2000,8,1021,3.19,8.0,cached,float32,1,0.3326797385620915,225.31855442234064,0.14435090787621438,11.54807263009715,1.8052524027180274,1.8302258627122963,1,1.0,0,0.40789659996517
m,2000.0,6,51,6712014019765780495,200,2000,8,1021,3.19,8.0,cached,float32,1,0.3326797385620915,225.31855442234064,0.14435090787621438,11.54807263009715,1.8052524027180274,1.8302258627122963,1,1.0,0,0.41586810001172125
m,2000.0,6,52,277731121876764455,200,2000,8,1021,3.19,8.0,cached,float32,1,0.3326797385620915,225.31855442234064,0.14435090787621438,11.54807263009715,1.8052524027180274,1.8302258627122963,1,1.0,0,0.41111410001758486
m,2000.0,6,53,989162813483678482,200,2000,8,1021,3.19,8.0,cached,float32,1,0.3326797385620915,225.31855442234064,0.14435090787621438,11.54807263009715,1.8052524027180274,1.8302258627122963,1,1.0,0,0.4192474998999387
m,2000.0,6,54,2413087799032412828,200,2000,8,1021,3.19,8.0,cached,float32,1,0.3326797385620915,225.31855442234064,0.14435090787621438,11.54807263009715,1.8052524027180274,1.8302258627122963,1,1.0,0,0.4195574000477791
m,2000.0,6,55,7912912700463532745,200,2000,8,1021,3.19,8.0,cached,float32,1,0.3326797385620915,225.31855442234064,0.14435090787621438,11.54807263009715,1.8052524027180274,1.8302258627122963,1,1.0,0,0.4242718000896275
m,2000.0,6,56,12065769742044559432,200,2000,8,1021,3.19,8.0,cached,float32,1,0.3326797385620915,225.31855442234064,0.14435090787621438,11.54807263009715,1.8052524027180274,1.8302258627122963,1,1.0,0,0.4311079001054168
m,2000.0,6,57,18207325657050692750,200,2000,8,1021,3.19,8.0,cached,float32,1,0.3326797385620915,225.31855442234064,0.14435090787621438,11.54807263009715,1.8052524027180274,1.8302258627122963,1,1.0,0,0.43922489997930825
m,2000.0,6,58,10315067110711615633,200,2000,8,1021,3.19,8.0,cached,float32,1,0.3326797385620915,225.31855442234064,0.14435090787621438,11.54807263009715,1.8052524027180274,1.8302258627122963,1,1.0,0,0.45789289998356253
m,2000.0,6,59,5492023440237064408,200,2000,8,1021,3.19,8.0,cached,float32,1,0.3326797385620915,225.31855442234064,0.14435090787621438,11.54807263009715,1.8052524027180274,1.8302258627122963,1,1.0,0,0.4448419000254944
m,2000.0,6,60,891970114042037252,200,2000,8,1021,3.19,8.0,cached,float32,1,0.3326797385620915,225.31855442234064,0.14435090787621438,11.54807263009715,1.8052524027180274,1.8302258627122963,0,0.995,1,0.4435217999853194
m,2000.0,6,61,11664886993048148495,200,2000,8,1021,3.19,8.0,cached,float32,1,0.3326797385620915,225.31855442234064,0.14435090787621438,11.54807263009715,1.8052524027180274,1.8302258627122963,1,1.0,0,0.451233199913986
m,2000.0,6,62,6828027161143794013,200,2000,8,1021,3.19,8.0,cached,float32,1,0.3326797385620915,225.31855442234064,0.14435090787621438,11.54807263009715,1.8052524027180274,1.8302258627122963,1,1.0,0,0.4432894999627024
m,2000.0,6,63,14126565803408336109,200,2000,8,1021,3.19,8.0,cached,float32,1,0.3326797385620915,225.31855442234064,0.14435090787621438,11.54807263009715,1.8052524027180274,1.8302258627122963,1,1.0,0,0.42443210002966225
m,2000.0,6,64,5249151558968247491,200,2000,8,1021,3.19,8.0,cached,float32,1,0.3326797385620915,225.31855442234064,0.14435090787621438,11.54807263009715,1.8052524027180274,1.8302258627122963,1,1.0,0,0.431069300044328
m,2000.0,6,65,11459188626044134701,200,2000,8,1021,3.19,8.0,cached,float32,1,0.3326797385620915,225.31855442234064,0.14435090787621438,11.54807263009715,1.8052524027180274,1.8302258627122963,1,1.0,0,0.4194683999521658
m,2000.0,6,66,1303659953782383012,200,2000,8,1021,3.19,8.0,cached,float32,1,0.3326797385620915,225.31855442234064,0.14435090787621438,11.54807263009715,1.8052524027180274,1.8302258627122963,1,1.0,0,0.4234046000055969
m,2000.0,6,67,6088359508966636968,200,2000,8,1021,3.19,8.0,cached,float32,1,0.3326797385620915,225.31855442234064,0.14435090787621438,11.54807263009715,1.8052524027180274,1.8302258627122963,1,1.0,0,0.429392300080508
m,2000.0,6,68,16429431140321416768,200,2000,8,1021,3.19,8.0,cached,float32,1,0.3326797385620915,225.31855442234064,0.14435090787621438,11.54807263009715,1.8052524027180274,1.8302258627122963,1,1.0,0,0.42825370002537966
m,2000.0,6,69,16375992296427962175,200,2000,8,1021,3.19,8.0,cached,float32,1,0.3326797385620915,225.31855442234064,0.14435090787621438,11.54807263009715,1.8052524027180274,1.8302258627122963,1,1.0,0,0.4171511000022292
m,2000.0,6,70,12291136863818220402,200,2000,8,1021,3.19,8.0,cached,float32,1,0.3326797385620915,225.31855442234064,0.14435090787621438,11.54807263009715,1.8052524027180274,1.8302258627122963,1,1.0,0,0.4218438999960199
m,2000.0,6,71,14215929235653654284,200,2000,8,1021,3.19,8.0,cached,float32,1,0.3326797385620915,225.31855442234064,0.14435090787621438,11.54807263009715,1.8052524027180274,1.8302258627122963,1,1.0,0,0.41299300000537187
m,2000.0,6,72,11561108420150841216,200,2000,8,1021,3.19,8.0,cached,float32,1,0.3326797385620915,225.31855442234064,0.14435090787621438,11.54807263009715,1.8052524027180274,1.8302258627122963,0,0.995,1,0.4777410998940468
m,2000.0,6,73,8093854575292814027,200,2000,8,1021,3.19,8.0,cached,float32,1,0.3326797385620915,225.31855442234064,0.14435090787621438,11.54807263009715,1.8052524027180274,1.8302258627122963,0,0.995,1,0.42616340005770326
m,2000.0,6,74,13352081955850249845,200,2000,8,1021,3.19,8.0,cached,float32,1,0.3326797385620915,225.31855442234064,0.14435090787621438,11.54807263009715,1.8052524027180274,1.8302258627122963,0,0.995,11,0.4224819999653846
m,2000.0,6,75,7585646655886021771,200,2000,8,1021,3.19,8.0,cached,float32,1,0.3326797385620915,225.31855442234064,0.14435090787621438,11.54807263009715,1.8052524027180274,1.8302258627122963,0,0.995,16,0.4258055000100285
m,2000.0,6,76,10033251668124693613,200,2000,8,1021,3.19,8.0,cached,float32,1,0.3326797385620915,225.31855442234064,0.14435090787621438,11.54807263009715,1.8052524027180274,1.8302258627122963,1,1.0,0,0.4461623999522999
m,2000.0,6,77,475488928225704173,200,2000,8,1021,3.19,8.0,cached,float32,1,0.3326797385620915,225.31855442234064,0.14435090787621438,11.54807263009715,1.8052524027180274,1.8302258627122963,0,0.995,1,0.4440475000301376
m,2000.0,6,78,13119114224694359345,200,2000,8,1021,3.19,8.0,cached,float32,1,0.3326797385620915,225.31855442234064,0.14435090787621438,11.54807263009715,1.8052524027180274,1.8302258627122963,1,1.0,0,0.44090279994998127
m,2000.0,6,79,5133765868002661075,200,2000,8,1021,3.19,8.0,cached,float32,1,0.3326797385620915,225.31855442234064,0.14435090787621438,11.54807263009715,1.8052524027180274,1.8302258627122963,1,1.0,0,0.427657000022009
m,2000.0,6,80,11868963242856530233,200,2000,8,1021,3.19,8.0,cached,float32,1,0.3326797385620915,225.31855442234064,0.14435090787621438,11.54807263009715,1.8052524027180274,1.8302258627122963,1,1.0,0,0.44166030001360923
m,2000.0,6,81,3290713517728520648,200,2000,8,1021,3.19,8.0,cached,float32,1,0.3326797385620915,225.31855442234064,0.14435090787621438,11.54807263009715,1.8052524027180274,1.8302258627122963,0,0.995,10,0.44313899998087436
m,2000.0,6,82,942416064034824281,200,2000,8,1021,3.19,8.0,cached,float32,1,0.3326797385620915,225.31855442234064,0.14435090787621438,11.54807263009715,1.8052524027180274,1.8302258627122963,1,1.0,0,0.4191661999793723
m,2000.0,6,83,880965036045406646,200,2000,8,1021,3.19,8.0,cached,float32,1,0.3326797385620915,225.31855442234064,0.14435090787621438,11.54807263009715,1.8052524027180274,1.8302258627122963,1,1.0,0,0.42604399996344
m,2000.0,6,84,17878525290960365176,200,2000,8,1021,3.19,8.0,cached,float32,1,0.3326797385620915,225.31855442234064,0.14435090787621438,11.54807263009715,1.8052524027180274,1.8302258627122963,1,1.0,0,0.42393429996445775
m,2000.0,6,85,5179256332354906116,200,2000,8,1021,3.19,8.0,cached,float32,1,0.3326797385620915,225.31855442234064,0.14435090787621438,11.54807263009715,1.8052524027180274,1.8302258627122963,1,1.0,0,0.44160200003534555
m,2000.0,6,86,3902051938767578611,200,2000,8,1021,3.19,8.0,cached,float32,1,0.3326797385620915,225.31855442234064,0.14435090787621438,11.54807263009715,1.8052524027180274,1.8302258627122963,1,1.0,0,0.4155159000074491
m,2000.0,6,87,12218924167907568724,200,2000,8,1021,3.19,8.0,cached,float32,1,0.3326797385620915,225.31855442234064,0.14435090787621438,11.54807263009715,1.8052524027180274,1.8302258627122963,1,1.0,0,0.44516849995125085
m,2000.0,6,88,3681902841287640233,200,2000,8,1021,3.19,8.0,cached,float32,1,0.3326797385620915,225.31855442234064,0.14435090787621438,11.54807263009715,1.8052524027180274,1.8302258627122963,1,1.0,0,0.4300259998999536
m,2000.0,6,89,15462526117390580995,200,2000,8,1021,3.19,8.0,cached,float32,1,0.3326797385620915,225.31855442234064,0.14435090787621438,11.54807263009715,1.8052524027180274,1.8302258627122963,0,0.995,1,0.4207236999645829
m,2000.0,6,90,4411853151606292951,200,2000,8,1021,3.19,8.0,cached,float32,1,0.3326797385620915,225.31855442234064,0.14435090787621438,11.54807263009715,1.8052524027180274,1.8302258627122963,1,1.0,0,0.4073444000678137
m,2000.0,6,91,17796143599879718957,200,2000,8,1021,3.19,8.0,cached,float32,1,0.3326797385620915,225.31855442234064,0.14435090787621438,11.54807263009715,1.8052524027180274,1.8302258627122963,0,0.995,5,0.404992499970831
m,2000.0,6,92,6974419246133342784,200,2000,8,1021,3.19,8.0,cached,float32,1,0.3326797385620915,225.31855442234064,0.14435090787621438,11.54807263009715,1.8052524027180274,1.8302258627122963,1,1.0,0,0.4119234000099823
m,2000.0,6,93,6996312523122107681,200,2000,8,1021,3.19,8.0,cached,float32,1,0.3326797385620915,225.31855442234064,0.14435090787621438,11.54807263009715,1.8052524027180274,1.8302258627122963,1,1.0,0,0.41431629995349795
m,2000.0,6,94,15048693537860792779,200,2000,8,1021,3.19,8.0,cached,float32,1,0.3326797385620915,225.31855442234064,0.14435090787621438,11.54807263009715,1.8052524027180274,1.8302258627122963,1,1.0,0,0.41667770000640303
m,2000.0,6,95,13747090613139815384,200,2000,8,1021,3.19,8.0,cached,float32,1,0.3326797385620915,225.31855442234064,0.14435090787621438,11.54807263009715,1.8052524027180274,1.8302258627122963,1,1.0,0,0.4401974999345839
m,2000.0,6,96,16123368983518333267,200,2000,8,1021,3.19,8.0,cached,float32,1,0.3326797385620915,225.31855442234064,0.14435090787621438,11.54807263009715,1.8052524027180274,1.8302258627122963,1,1.0,0,0.39257089991588145
m,2000.0,6,97,6630737623656199478,200,2000,8,1021,3.19,8.0,cached,float32,1,0.3326797385620915,225.31855442234064,0.14435090787621438,11.54807263009715,1.8052524027180274,1.8302258627122963,1,1.0,0,0.38947819999884814
m,2000.0,6,98,3338994641959872735,200,2000,8,1021,3.19,8.0,cached,float32,1,0.3326797385620915,225.31855442234064,0.14435090787621438,11.54807263009715,1.8052524027180274,1.8302258627122963,1,1.0,0,0.38720909995026886
m,2000.0,6,99,11828604229896283514,200,2000,8,1021,3.19,8.0,cached,float32,1,0.3326797385620915,225.31855442234064,0.14435090787621438,11.54807263009715,1.8052524027180274,1.8302258627122963,1,1.0,0,0.3976277000037953
m,2600.0,7,0,2699717149472171156,200,2600,8,1021,3.19,8.0,cached,float32,1,0.3326797385620915,225.31855442234064,0.14435090787621438,15.012494419126295,2.3468281235334354,2.379293621525985,1,1.0,0,0.574839900014922
m,2600.0,7,1,10564968149522731104,200,2600,8,1021,3.19,8.0,cached,float32,1,0.3326797385620915,225.31855442234064,0.14435090787621438,15.012494419126295,2.3468281235334354,2.379293621525985,1,1.0,0,0.5384612999623641
m,2600.0,7,2,17546635494754461209,200,2600,8,1021,3.19,8.0,cached,float32,1,0.3326797385620915,225.31855442234064,0.14435090787621438,15.012494419126295,2.3468281235334354,2.379293621525985,1,1.0,0,0.5316029000096023
m,2600.0,7,3,10072562128138468501,200,2600,8,1021,3.19,8.0,cached,float32,1,0.3326797385620915,225.31855442234064,0.14435090787621438,15.012494419126295,2.3468281235334354,2.379293621525985,1,1.0,0,0.5332264000317082
m,2600.0,7,4,13761349625833406424,200,2600,8,1021,3.19,8.0,cached,float32,1,0.3326797385620915,225.31855442234064,0.14435090787621438,15.012494419126295,2.3468281235334354,2.379293621525985,0,0.995,1,0.5421644999878481
m,2600.0,7,5,15781170905574486986,200,2600,8,1021,3.19,8.0,cached,float32,1,0.3326797385620915,225.31855442234064,0.14435090787621438,15.012494419126295,2.3468281235334354,2.379293621525985,0,0.995,1,0.5324124000035226
m,2600.0,7,6,11608075241416073124,200,2600,8,1021,3.19,8.0,cached,float32,1,0.3326797385620915,225.31855442234064,0.14435090787621438,15.012494419126295,2.3468281235334354,2.379293621525985,1,1.0,0,0.5288691000314429
m,2600.0,7,7,1402344666376574031,200,2600,8,1021,3.19,8.0,cached,float32,1,0.3326797385620915,225.31855442234064,0.14435090787621438,15.012494419126295,2.3468281235334354,2.379293621525985,1,1.0,0,0.5619729999452829
m,2600.0,7,8,9458346105289170739,200,2600,8,1021,3.19,8.0,cached,float32,1,0.3326797385620915,225.31855442234064,0.14435090787621438,15.012494419126295,2.3468281235334354,2.379293621525985,1,1.0,0,0.5086532999994233
m,2600.0,7,9,13258487986699782317,200,2600,8,1021,3.19,8.0,cached,float32,1,0.3326797385620915,225.31855442234064,0.14435090787621438,15.012494419126295,2.3468281235334354,2.379293621525985,1,1.0,0,0.5014209999935701
m,2600.0,7,10,8506343552055876748,200,2600,8,1021,3.19,8.0,cached,float32,1,0.3326797385620915,225.31855442234064,0.14435090787621438,15.012494419126295,2.3468281235334354,2.379293621525985,1,1.0,0,0.5882743999827653
m,2600.0,7,11,1834520634941926698,200,2600,8,1021,3.19,8.0,cached,float32,1,0.3326797385620915,225.31855442234064,0.14435090787621438,15.012494419126295,2.3468281235334354,2.379293621525985,0,0.995,2,0.555512799997814
m,2600.0,7,12,9459422299428076165,200,2600,8,1021,3.19,8.0,cached,float32,1,0.3326797385620915,225.31855442234064,0.14435090787621438,15.012494419126295,2.3468281235334354,2.379293621525985,1,1.0,0,0.5144840000430122
m,2600.0,7,13,13662967343309628364,200,2600,8,1021,3.19,8.0,cached,float32,1,0.3326797385620915,225.31855442234064,0.14435090787621438,15.012494419126295,2.3468281235334354,2.379293621525985,1,1.0,0,0.5142011999851093
m,2600.0,7,14,8585438178792709063,200,2600,8,1021,3.19,8.0,cached,float32,1,0.3326797385620915,225.31855442234064,0.14435090787621438,15.012494419126295,2.3468281235334354,2.379293621525985,0,0.995,1,0.5059413999551907
m,2600.0,7,15,14190361141010310428,200,2600,8,1021,3.19,8.0,cached,float32,1,0.3326797385620915,225.31855442234064,0.14435090787621438,15.012494419126295,2.3468281235334354,2.379293621525985,1,1.0,0,0.5012870000209659
m,2600.0,7,16,9418041414045992259,200,2600,8,1021,3.19,8.0,cached,float32,1,0.3326797385620915,225.31855442234064,0.14435090787621438,15.012494419126295,2.3468281235334354,2.379293621525985,1,1.0,0,0.4996430999599397
m,2600.0,7,17,11586282280712661880,200,2600,8,1021,3.19,8.0,cached,float32,1,0.3326797385620915,225.31855442234064,0.14435090787621438,15.012494419126295,2.3468281235334354,2.379293621525985,1,1.0,0,0.5263989000814036
m,2600.0,7,18,10161120615408612980,200,2600,8,1021,3.19,8.0,cached,float32,1,0.3326797385620915,225.31855442234064,0.14435090787621438,15.012494419126295,2.3468281235334354,2.379293621525985,1,1.0,0,0.5110352999763563
m,2600.0,7,19,9793639779579195603,200,2600,8,1021,3.19,8.0,cached,float32,1,0.3326797385620915,225.31855442234064,0.14435090787621438,15.012494419126295,2.3468281235334354,2.379293621525985,1,1.0,0,0.513487899908796
m,2600.0,7,20,16325255299620947910,200,2600,8,1021,3.19,8.0,cached,float32,1,0.3326797385620915,225.31855442234064,0.14435090787621438,15.012494419126295,2.3468281235334354,2.379293621525985,1,1.0,0,0.519711000029929
m,2600.0,7,21,11206012837451391511,200,2600,8,1021,3.19,8.0,cached,float32,1,0.3326797385620915,225.31855442234064,0.14435090787621438,15.012494419126295,2.3468281235334354,2.379293621525985,1,1.0,0,0.5082049999618903
m,2600.0,7,22,14662243718230365803,200,2600,8,1021,3.19,8.0,cached,float32,1,0.3326797385620915,225.31855442234064,0.14435090787621438,15.012494419126295,2.3468281235334354,2.379293621525985,1,1.0,0,0.5045862999977544
m,2600.0,7,23,4338067182700983669,200,2600,8,1021,3.19,8.0,cached,float32,1,0.3326797385620915,225.31855442234064,0.14435090787621438,15.012494419126295,2.3468281235334354,2.379293621525985,1,1.0,0,0.5111559999641031
m,2600.0,7,24,4429461779303083797,200,2600,8,1021,3.19,8.0,cached,float32,1,0.3326797385620915,225.31855442234064,0.14435090787621438,15.012494419126295,2.3468281235334354,2.379293621525985,1,1.0,0,0.5428537999978289
m,2600.0,7,25,15248114257068526220,200,2600,8,1021,3.19,8.0,cached,float32,1,0.3326797385620915,225.31855442234064,0.14435090787621438,15.012494419126295,2.3468281235334354,2.379293621525985,0,0.995,1,0.5380696000065655
m,2600.0,7,26,7608462714271812147,200,2600,8,1021,3.19,8.0,cached,float32,1,0.3326797385620915,225.31855442234064,0.14435090787621438,15.012494419126295,2.3468281235334354,2.379293621525985,0,0.995,3,0.511977499932982
m,2600.0,7,27,14585947149317854216,200,2600,8,1021,3.19,8.0,cached,float32,1,0.3326797385620915,225.31855442234064,0.14435090787621438,15.012494419126295,2.3468281235334354,2.379293621525985,1,1.0,0,0.4961831000400707
m,2600.0,7,28,11377786881390615248,200,2600,8,1021,3.19,8.0,cached,float32,1,0.3326797385620915,225.31855442234064,0.14435090787621438,15.012494419126295,2.3468281235334354,2.379293621525985,1,1.0,0,0.5072202000301331
m,2600.0,7,29,17631621416891416032,200,2600,8,1021,3.19,8.0,cached,float32,1,0.3326797385620915,225.31855442234064,0.14435090787621438,15.012494419126295,2.3468281235334354,2.379293621525985,1,1.0,0,0.5110473999520764
m,2600.0,7,30,12513447008521221134,200,2600,8,1021,3.19,8.0,cached,float32,1,0.3326797385620915,225.31855442234064,0.14435090787621438,15.012494419126295,2.3468281235334354,2.379293621525985,1,1.0,0,0.502290099975653
m,2600.0,7,31,14933063482465643429,200,2600,8,1021,3.19,8.0,cached,float32,1,0.3326797385620915,225.31855442234064,0.14435090787621438,15.012494419126295,2.3468281235334354,2.379293621525985,1,1.0,0,0.5000138999894261
m,2600.0,7,32,6732791902490576128,200,2600,8,1021,3.19,8.0,cached,float32,1,0.3326797385620915,225.31855442234064,0.14435090787621438,15.012494419126295,2.3468281235334354,2.379293621525985,1,1.0,0,0.5007005999796093
m,2600.0,7,33,7232169401105634335,200,2600,8,1021,3.19,8.0,cached,float32,1,0.3326797385620915,225.31855442234064,0.14435090787621438,15.012494419126295,2.3468281235334354,2.379293621525985,1,1.0,0,0.5017793000442907
m,2600.0,7,34,17996462106588652584,200,2600,8,1021,3.19,8.0,cached,float32,1,0.3326797385620915,225.31855442234064,0.14435090787621438,15.012494419126295,2.3468281235334354,2.379293621525985,1,1.0,0,0.5083914999850094
m,2600.0,7,35,18077422649407768614,200,2600,8,1021,3.19,8.0,cached,float32,1,0.3326797385620915,225.31855442234064,0.14435090787621438,15.012494419126295,2.3468281235334354,2.379293621525985,1,1.0,0,0.5396004000212997
m,2600.0,7,36,660971252007593793,200,2600,8,1021,3.19,8.0,cached,float32,1,0.3326797385620915,225.31855442234064,0.14435090787621438,15.012494419126295,2.3468281235334354,2.379293621525985,1,1.0,0,0.5168612999841571
m,2600.0,7,37,14960081125274911440,200,2600,8,1021,3.19,8.0,cached,float32,1,0.3326797385620915,225.31855442234064,0.14435090787621438,15.012494419126295,2.3468281235334354,2.379293621525985,1,1.0,0,0.5060423000250012
m,2600.0,7,38,12056008944103935592,200,2600,8,1021,3.19,8.0,cached,float32,1,0.3326797385620915,225.31855442234064,0.14435090787621438,15.012494419126295,2.3468281235334354,2.379293621525985,1,1.0,0,0.5765187999932095
m,2600.0,7,39,202392889297567959,200,2600,8,1021,3.19,8.0,cached,float32,1,0.3326797385620915,225.31855442234064,0.14435090787621438,15.012494419126295,2.3468281235334354,2.379293621525985,1,1.0,0,0.5262913000769913
m,2600.0,7,40,367282354331352612,200,2600,8,1021,3.19,8.0,cached,float32,1,0.3326797385620915,225.31855442234064,0.14435090787621438,15.012494419126295,2.3468281235334354,2.379293621525985,1,1.0,0,0.5422835999634117
m,2600.0,7,41,11720358467194468796,200,2600,8,1021,3.19,8.0,cached,float32,1,0.3326797385620915,225.31855442234064,0.14435090787621438,15.012494419126295,2.3468281235334354,2.379293621525985,1,1.0,0,0.5539166999515146
m,2600.0,7,42,7772545458326248298,200,2600,8,1021,3.19,8.0,cached,float32,1,0.3326797385620915,225.31855442234064,0.14435090787621438,15.012494419126295,2.3468281235334354,2.379293621525985,1,1.0,0,0.5484361998969689
m,2600.0,7,43,14830278295883046175,200,2600,8,1021,3.19,8.0,cached,float32,1,0.3326797385620915,225.31855442234064,0.14435090787621438,15.012494419126295,2.3468281235334354,2.379293621525985,1,1.0,0,0.6086382999783382
m,2600.0,7,44,16736513341965909738,200,2600,8,1021,3.19,8.0,cached,float32,1,0.3326797385620915,225.31855442234064,0.14435090787621438,15.012494419126295,2.3468281235334354,2.379293621525985,1,1.0,0,0.5358725000405684
m,2600.0,7,45,8088696553475474699,200,2600,8,1021,3.19,8.0,cached,float32,1,0.3326797385620915,225.31855442234064,0.14435090787621438,15.012494419126295,2.3468281235334354,2.379293621525985,1,1.0,0,0.5274087999714538
m,2600.0,7,46,7832895742775035726,200,2600,8,1021,3.19,8.0,cached,float32,1,0.3326797385620915,225.31855442234064,0.14435090787621438,15.012494419126295,2.3468281235334354,2.379293621525985,1,1.0,0,0.521489700069651
m,2600.0,7,47,14982044207779712345,200,2600,8,1021,3.19,8.0,cached,float32,1,0.3326797385620915,225.31855442234064,0.14435090787621438,15.012494419126295,2.3468281235334354,2.379293621525985,1,1.0,0,0.5455543000716716
m,2600.0,7,48,361092939282676063,200,2600,8,1021,3.19,8.0,cached,float32,1,0.3326797385620915,225.31855442234064,0.14435090787621438,15.012494419126295,2.3468281235334354,2.379293621525985,1,1.0,0,0.525683099986054
m,2600.0,7,49,2491024092336535037,200,2600,8,1021,3.19,8.0,cached,float32,1,0.3326797385620915,225.31855442234064,0.14435090787621438,15.012494419126295,2.3468281235334354,2.379293621525985,1,1.0,0,0.5325215000193566
m,2600.0,7,50,13438769707726610250,200,2600,8,1021,3.19,8.0,cached,float32,1,0.3326797385620915,225.31855442234064,0.14435090787621438,15.012494419126295,2.3468281235334354,2.379293621525985,1,1.0,0,0.5304026000667363
m,2600.0,7,51,14915207115058649117,200,2600,8,1021,3.19,8.0,cached,float32,1,0.3326797385620915,225.31855442234064,0.14435090787621438,15.012494419126295,2.3468281235334354,2.379293621525985,0,0.995,1,0.5325798999983817
m,2600.0,7,52,1486310825336655741,200,2600,8,1021,3.19,8.0,cached,float32,1,0.3326797385620915,225.31855442234064,0.14435090787621438,15.012494419126295,2.3468281235334354,2.379293621525985,1,1.0,0,0.5430563000263646
m,2600.0,7,53,6032508911009745382,200,2600,8,1021,3.19,8.0,cached,float32,1,0.3326797385620915,225.31855442234064,0.14435090787621438,15.012494419126295,2.3468281235334354,2.379293621525985,1,1.0,0,0.5306989999953657
m,2600.0,7,54,1838751211952100470,200,2600,8,1021,3.19,8.0,cached,float32,1,0.3326797385620915,225.31855442234064,0.14435090787621438,15.012494419126295,2.3468281235334354,2.379293621525985,1,1.0,0,0.5252422000048682
m,2600.0,7,55,5169029869543003138,200,2600,8,1021,3.19,8.0,cached,float32,1,0.3326797385620915,225.31855442234064,0.14435090787621438,15.012494419126295,2.3468281235334354,2.379293621525985,1,1.0,0,0.5226979000726715
m,2600.0,7,56,13307018184878207610,200,2600,8,1021,3.19,8.0,cached,float32,1,0.3326797385620915,225.31855442234064,0.14435090787621438,15.012494419126295,2.3468281235334354,2.379293621525985,1,1.0,0,0.5316491998964921
m,2600.0,7,57,6185502767825012630,200,2600,8,1021,3.19,8.0,cached,float32,1,0.3326797385620915,225.31855442234064,0.14435090787621438,15.012494419126295,2.3468281235334354,2.379293621525985,1,1.0,0,0.5287438000086695
m,2600.0,7,58,7215465981589635222,200,2600,8,1021,3.19,8.0,cached,float32,1,0.3326797385620915,225.31855442234064,0.14435090787621438,15.012494419126295,2.3468281235334354,2.379293621525985,1,1.0,0,0.5287417999934405
m,2600.0,7,59,8143932651059370748,200,2600,8,1021,3.19,8.0,cached,float32,1,0.3326797385620915,225.31855442234064,0.14435090787621438,15.012494419126295,2.3468281235334354,2.379293621525985,1,1.0,0,0.5363441000226885
m,2600.0,7,60,11354469996969938760,200,2600,8,1021,3.19,8.0,cached,float32,1,0.3326797385620915,225.31855442234064,0.14435090787621438,15.012494419126295,2.3468281235334354,2.379293621525985,1,1.0,0,0.529768000007607
m,2600.0,7,61,10824091612666412145,200,2600,8,1021,3.19,8.0,cached,float32,1,0.3326797385620915,225.31855442234064,0.14435090787621438,15.012494419126295,2.3468281235334354,2.379293621525985,1,1.0,0,0.5293721999041736
m,2600.0,7,62,9594798452262374547,200,2600,8,1021,3.19,8.0,cached,float32,1,0.3326797385620915,225.31855442234064,0.14435090787621438,15.012494419126295,2.3468281235334354,2.379293621525985,1,1.0,0,0.537514099967666
m,2600.0,7,63,14510951161022236037,200,2600,8,1021,3.19,8.0,cached,float32,1,0.3326797385620915,225.31855442234064,0.14435090787621438,15.012494419126295,2.3468281235334354,2.379293621525985,1,1.0,0,0.5475692000472918
m,2600.0,7,64,10191881100782652466,200,2600,8,1021,3.19,8.0,cached,float32,1,0.3326797385620915,225.31855442234064,0.14435090787621438,15.012494419126295,2.3468281235334354,2.379293621525985,1,1.0,0,0.5781892000231892
m,2600.0,7,65,5357568794565127352,200,2600,8,1021,3.19,8.0,cached,float32,1,0.3326797385620915,225.31855442234064,0.14435090787621438,15.012494419126295,2.3468281235334354,2.379293621525985,1,1.0,0,0.5592032999265939
m,2600.0,7,66,12444969337766909393,200,2600,8,1021,3.19,8.0,cached,float32,1,0.3326797385620915,225.31855442234064,0.14435090787621438,15.012494419126295,2.3468281235334354,2.379293621525985,1,1.0,0,0.531422600033693
m,2600.0,7,67,6361914299301196894,200,2600,8,1021,3.19,8.0,cached,float32,1,0.3326797385620915,225.31855442234064,0.14435090787621438,15.012494419126295,2.3468281235334354,2.379293621525985,1,1.0,0,0.5303679000353441
m,2600.0,7,68,2050852768633346997,200,2600,8,1021,3.19,8.0,cached,float32,1,0.3326797385620915,225.31855442234064,0.14435090787621438,15.012494419126295,2.3468281235334354,2.379293621525985,1,1.0,0,0.548261099960655
m,2600.0,7,69,217778949743324714,200,2600,8,1021,3.19,8.0,cached,float32,1,0.3326797385620915,225.31855442234064,0.14435090787621438,15.012494419126295,2.3468281235334354,2.379293621525985,1,1.0,0,0.527409200090915
m,2600.0,7,70,14918627440638434798,200,2600,8,1021,3.19,8.0,cached,float32,1,0.3326797385620915,225.31855442234064,0.14435090787621438,15.012494419126295,2.3468281235334354,2.379293621525985,0,0.99,1,0.5252668999601156
m,2600.0,7,71,3674427897305020220,200,2600,8,1021,3.19,8.0,cached,float32,1,0.3326797385620915,225.31855442234064,0.14435090787621438,15.012494419126295,2.3468281235334354,2.379293621525985,1,1.0,0,0.5529571000952274
m,2600.0,7,72,2145406405701098347,200,2600,8,1021,3.19,8.0,cached,float32,1,0.3326797385620915,225.31855442234064,0.14435090787621438,15.012494419126295,2.3468281235334354,2.379293621525985,1,1.0,0,0.5315571000101045
m,2600.0,7,73,14002936961132615808,200,2600,8,1021,3.19,8.0,cached,float32,1,0.3326797385620915,225.31855442234064,0.14435090787621438,15.012494419126295,2.3468281235334354,2.379293621525985,1,1.0,0,0.5282328000757843
m,2600.0,7,74,13084403827626454680,200,2600,8,1021,3.19,8.0,cached,float32,1,0.3326797385620915,225.31855442234064,0.14435090787621438,15.012494419126295,2.3468281235334354,2.379293621525985,1,1.0,0,0.5218987000407651
m,2600.0,7,75,1335527489198918402,200,2600,8,1021,3.19,8.0,cached,float32,1,0.3326797385620915,225.31855442234064,0.14435090787621438,15.012494419126295,2.3468281235334354,2.379293621525985,1,1.0,0,0.5307127999840304
m,2600.0,7,76,2124979989647653893,200,2600,8,1021,3.19,8.0,cached,float32,1,0.3326797385620915,225.31855442234064,0.14435090787621438,15.012494419126295,2.3468281235334354,2.379293621525985,0,0.995,2,0.5242853999370709
m,2600.0,7,77,5427426097527611260,200,2600,8,1021,3.19,8.0,cached,float32,1,0.3326797385620915,225.31855442234064,0.14435090787621438,15.012494419126295,2.3468281235334354,2.379293621525985,1,1.0,0,0.5244963000295684
m,2600.0,7,78,11987899425364118936,200,2600,8,1021,3.19,8.0,cached,float32,1,0.3326797385620915,225.31855442234064,0.14435090787621438,15.012494419126295,2.3468281235334354,2.379293621525985,1,1.0,0,0.5252914000302553
m,2600.0,7,79,15990891486953451193,200,2600,8,1021,3.19,8.0,cached,float32,1,0.3326797385620915,225.31855442234064,0.14435090787621438,15.012494419126295,2.3468281235334354,2.379293621525985,1,1.0,0,0.5312212000135332
m,2600.0,7,80,11232995277551572623,200,2600,8,1021,3.19,8.0,cached,float32,1,0.3326797385620915,225.31855442234064,0.14435090787621438,15.012494419126295,2.3468281235334354,2.379293621525985,1,1.0,0,0.5228733000112697
m,2600.0,7,81,8271754544885270824,200,2600,8,1021,3.19,8.0,cached,float32,1,0.3326797385620915,225.31855442234064,0.14435090787621438,15.012494419126295,2.3468281235334354,2.379293621525985,1,1.0,0,0.525788800092414
m,2600.0,7,82,8150791823256445615,200,2600,8,1021,3.19,8.0,cached,float32,1,0.3326797385620915,225.31855442234064,0.14435090787621438,15.012494419126295,2.3468281235334354,2.379293621525985,1,1.0,0,0.5268734000856057
m,2600.0,7,83,16007217562933961483,200,2600,8,1021,3.19,8.0,cached,float32,1,0.3326797385620915,225.31855442234064,0.14435090787621438,15.012494419126295,2.3468281235334354,2.379293621525985,1,1.0,0,0.5311094999779016
m,2600.0,7,84,14577730336357130976,200,2600,8,1021,3.19,8.0,cached,float32,1,0.3326797385620915,225.31855442234064,0.14435090787621438,15.012494419126295,2.3468281235334354,2.379293621525985,1,1.0,0,0.5229890000773594
m,2600.0,7,85,16715838876014778898,200,2600,8,1021,3.19,8.0,cached,float32,1,0.3326797385620915,225.31855442234064,0.14435090787621438,15.012494419126295,2.3468281235334354,2.379293621525985,1,1.0,0,0.5256790000712499
m,2600.0,7,86,16067352144419201421,200,2600,8,1021,3.19,8.0,cached,float32,1,0.3326797385620915,225.31855442234064,0.14435090787621438,15.012494419126295,2.3468281235334354,2.379293621525985,1,1.0,0,0.534668599953875
m,2600.0,7,87,2674755817276898966,200,2600,8,1021,3.19,8.0,cached,float32,1,0.3326797385620915,225.31855442234064,0.14435090787621438,15.012494419126295,2.3468281235334354,2.379293621525985,1,1.0,0,0.5261751998914406
m,2600.0,7,88,7780941066968016396,200,2600,8,1021,3.19,8.0,cached,float32,1,0.3326797385620915,225.31855442234064,0.14435090787621438,15.012494419126295,2.3468281235334354,2.379293621525985,1,1.0,0,0.5259915000060573
m,2600.0,7,89,4525915304748234889,200,2600,8,1021,3.19,8.0,cached,float32,1,0.3326797385620915,225.31855442234064,0.14435090787621438,15.012494419126295,2.3468281235334354,2.379293621525985,1,1.0,0,0.5202913000248373
m,2600.0,7,90,16513524069681626554,200,2600,8,1021,3.19,8.0,cached,float32,1,0.3326797385620915,225.31855442234064,0.14435090787621438,15.012494419126295,2.3468281235334354,2.379293621525985,1,1.0,0,0.5305078000528738
m,2600.0,7,91,8631196396939694142,200,2600,8,1021,3.19,8.0,cached,float32,1,0.3326797385620915,225.31855442234064,0.14435090787621438,15.012494419126295,2.3468281235334354,2.379293621525985,1,1.0,0,0.5235553999664262
m,2600.0,7,92,580918962407471445,200,2600,8,1021,3.19,8.0,cached,float32,1,0.3326797385620915,225.31855442234064,0.14435090787621438,15.012494419126295,2.3468281235334354,2.379293621525985,1,1.0,0,0.5302840999793261
m,2600.0,7,93,8316981452736120631,200,2600,8,1021,3.19,8.0,cached,float32,1,0.3326797385620915,225.31855442234064,0.14435090787621438,15.012494419126295,2.3468281235334354,2.379293621525985,0,0.995,1,0.5268161999993026
m,2600.0,7,94,11344159427279620628,200,2600,8,1021,3.19,8.0,cached,float32,1,0.3326797385620915,225.31855442234064,0.14435090787621438,15.012494419126295,2.3468281235334354,2.379293621525985,1,1.0,0,0.5355084999464452
m,2600.0,7,95,15755632106953679314,200,2600,8,1021,3.19,8.0,cached,float32,1,0.3326797385620915,225.31855442234064,0.14435090787621438,15.012494419126295,2.3468281235334354,2.379293621525985,1,1.0,0,0.5391561000142246
m,2600.0,7,96,8394174197255960495,200,2600,8,1021,3.19,8.0,cached,float32,1,0.3326797385620915,225.31855442234064,0.14435090787621438,15.012494419126295,2.3468281235334354,2.379293621525985,1,1.0,0,0.5204052999615669
m,2600.0,7,97,12066278132866359623,200,2600,8,1021,3.19,8.0,cached,float32,1,0.3326797385620915,225.31855442234064,0.14435090787621438,15.012494419126295,2.3468281235334354,2.379293621525985,1,1.0,0,0.5278890999034047
m,2600.0,7,98,1491201886953507289,200,2600,8,1021,3.19,8.0,cached,float32,1,0.3326797385620915,225.31855442234064,0.14435090787621438,15.012494419126295,2.3468281235334354,2.379293621525985,1,1.0,0,0.5282238000072539
m,2600.0,7,99,4877703701792406339,200,2600,8,1021,3.19,8.0,cached,float32,1,0.3326797385620915,225.31855442234064,0.14435090787621438,15.012494419126295,2.3468281235334354,2.379293621525985,1,1.0,0,0.5233368000481278
m,3200.0,8,0,12791359593666955966,200,3200,8,1021,3.19,8.0,cached,float32,1,0.3326797385620915,225.31855442234064,0.14435090787621438,18.47691620815544,2.8884038443488436,2.9283613803396737,1,1.0,0,0.648594900034368
m,3200.0,8,1,9035113977349458722,200,3200,8,1021,3.19,8.0,cached,float32,1,0.3326797385620915,225.31855442234064,0.14435090787621438,18.47691620815544,2.8884038443488436,2.9283613803396737,1,1.0,0,0.6574278000043705
m,3200.0,8,2,4765779614382893375,200,3200,8,1021,3.19,8.0,cached,float32,1,0.3326797385620915,225.31855442234064,0.14435090787621438,18.47691620815544,2.8884038443488436,2.9283613803396737,1,1.0,0,0.6478943999391049
m,3200.0,8,3,10021842682944304785,200,3200,8,1021,3.19,8.0,cached,float32,1,0.3326797385620915,225.31855442234064,0.14435090787621438,18.47691620815544,2.8884038443488436,2.9283613803396737,1,1.0,0,0.6439519999548793
m,3200.0,8,4,7021220491636982666,200,3200,8,1021,3.19,8.0,cached,float32,1,0.3326797385620915,225.31855442234064,0.14435090787621438,18.47691620815544,2.8884038443488436,2.9283613803396737,1,1.0,0,0.650827500037849
m,3200.0,8,5,4846340097745254484,200,3200,8,1021,3.19,8.0,cached,float32,1,0.3326797385620915,225.31855442234064,0.14435090787621438,18.47691620815544,2.8884038443488436,2.9283613803396737,1,1.0,0,0.647515399963595
m,3200.0,8,6,3463096012542302054,200,3200,8,1021,3.19,8.0,cached,float32,1,0.3326797385620915,225.31855442234064,0.14435090787621438,18.47691620815544,2.8884038443488436,2.9283613803396737,1,1.0,0,0.6657187000382692
m,3200.0,8,7,14819546060245923515,200,3200,8,1021,3.19,8.0,cached,float32,1,0.3326797385620915,225.31855442234064,0.14435090787621438,18.47691620815544,2.8884038443488436,2.9283613803396737,1,1.0,0,0.6566961000207812
m,3200.0,8,8,7812934630594386374,200,3200,8,1021,3.19,8.0,cached,float32,1,0.3326797385620915,225.31855442234064,0.14435090787621438,18.47691620815544,2.8884038443488436,2.9283613803396737,1,1.0,0,0.6466871000593528
m,3200.0,8,9,15778693678941179859,200,3200,8,1021,3.19,8.0,cached,float32,1,0.3326797385620915,225.31855442234064,0.14435090787621438,18.47691620815544,2.8884038443488436,2.9283613803396737,1,1.0,0,0.6684509000042453
m,3200.0,8,10,11856294025799607801,200,3200,8,1021,3.19,8.0,cached,float32,1,0.3326797385620915,225.31855442234064,0.14435090787621438,18.47691620815544,2.8884038443488436,2.9283613803396737,1,1.0,0,0.6455466999905184
m,3200.0,8,11,5595284721750063686,200,3200,8,1021,3.19,8.0,cached,float32,1,0.3326797385620915,225.31855442234064,0.14435090787621438,18.47691620815544,2.8884038443488436,2.9283613803396737,1,1.0,0,0.6445197999710217
m,3200.0,8,12,9267947334185394653,200,3200,8,1021,3.19,8.0,cached,float32,1,0.3326797385620915,225.31855442234064,0.14435090787621438,18.47691620815544,2.8884038443488436,2.9283613803396737,1,1.0,0,0.6505564999533817
m,3200.0,8,13,191498394299334327,200,3200,8,1021,3.19,8.0,cached,float32,1,0.3326797385620915,225.31855442234064,0.14435090787621438,18.47691620815544,2.8884038443488436,2.9283613803396737,1,1.0,0,0.6503657000139356
m,3200.0,8,14,10322825972663245559,200,3200,8,1021,3.19,8.0,cached,float32,1,0.3326797385620915,225.31855442234064,0.14435090787621438,18.47691620815544,2.8884038443488436,2.9283613803396737,1,1.0,0,0.6480112000135705
m,3200.0,8,15,16145542169177875444,200,3200,8,1021,3.19,8.0,cached,float32,1,0.3326797385620915,225.31855442234064,0.14435090787621438,18.47691620815544,2.8884038443488436,2.9283613803396737,1,1.0,0,0.6462408000370488
m,3200.0,8,16,9216592215352916926,200,3200,8,1021,3.19,8.0,cached,float32,1,0.3326797385620915,225.31855442234064,0.14435090787621438,18.47691620815544,2.8884038443488436,2.9283613803396737,1,1.0,0,0.6600790000520647
m,3200.0,8,17,3837364441994679641,200,3200,8,1021,3.19,8.0,cached,float32,1,0.3326797385620915,225.31855442234064,0.14435090787621438,18.47691620815544,2.8884038443488436,2.9283613803396737,1,1.0,0,0.6466301999753341
m,3200.0,8,18,15833827651435857426,200,3200,8,1021,3.19,8.0,cached,float32,1,0.3326797385620915,225.31855442234064,0.14435090787621438,18.47691620815544,2.8884038443488436,2.9283613803396737,1,1.0,0,0.6503236000426114
m,3200.0,8,19,3971820129636152268,200,3200,8,1021,3.19,8.0,cached,float32,1,0.3326797385620915,225.31855442234064,0.14435090787621438,18.47691620815544,2.8884038443488436,2.9283613803396737,1,1.0,0,0.6488804999971762
m,3200.0,8,20,17541538855490200438,200,3200,8,1021,3.19,8.0,cached,float32,1,0.3326797385620915,225.31855442234064,0.14435090787621438,18.47691620815544,2.8884038443488436,2.9283613803396737,1,1.0,0,0.651389200007543
m,3200.0,8,21,14292825972259356297,200,3200,8,1021,3.19,8.0,cached,float32,1,0.3326797385620915,225.31855442234064,0.14435090787621438,18.47691620815544,2.8884038443488436,2.9283613803396737,1,1.0,0,0.7003046999452636
m,3200.0,8,22,10754854648501078403,200,3200,8,1021,3.19,8.0,cached,float32,1,0.3326797385620915,225.31855442234064,0.14435090787621438,18.47691620815544,2.8884038443488436,2.9283613803396737,1,1.0,0,0.7427504999795929
m,3200.0,8,23,799372680099502743,200,3200,8,1021,3.19,8.0,cached,float32,1,0.3326797385620915,225.31855442234064,0.14435090787621438,18.47691620815544,2.8884038443488436,2.9283613803396737,1,1.0,0,0.6761020999401808
m,3200.0,8,24,12447824158954837169,200,3200,8,1021,3.19,8.0,cached,float32,1,0.3326797385620915,225.31855442234064,0.14435090787621438,18.47691620815544,2.8884038443488436,2.9283613803396737,1,1.0,0,0.6624390999786556
m,3200.0,8,25,17036736471934243789,200,3200,8,1021,3.19,8.0,cached,float32,1,0.3326797385620915,225.31855442234064,0.14435090787621438,18.47691620815544,2.8884038443488436,2.9283613803396737,1,1.0,0,0.6525245000375435
m,3200.0,8,26,17736779755254319710,200,3200,8,1021,3.19,8.0,cached,float32,1,0.3326797385620915,225.31855442234064,0.14435090787621438,18.47691620815544,2.8884038443488436,2.9283613803396737,1,1.0,0,0.6461011000210419
m,3200.0,8,27,3066054622056996578,200,3200,8,1021,3.19,8.0,cached,float32,1,0.3326797385620915,225.31855442234064,0.14435090787621438,18.47691620815544,2.8884038443488436,2.9283613803396737,1,1.0,0,0.6481806000228971
m,3200.0,8,28,16146576392605612454,200,3200,8,1021,3.19,8.0,cached,float32,1,0.3326797385620915,225.31855442234064,0.14435090787621438,18.47691620815544,2.8884038443488436,2.9283613803396737,1,1.0,0,0.6572678999509662
m,3200.0,8,29,1703884340599055064,200,3200,8,1021,3.19,8.0,cached,float32,1,0.3326797385620915,225.31855442234064,0.14435090787621438,18.47691620815544,2.8884038443488436,2.9283613803396737,1,1.0,0,0.647963700001128
m,3200.0,8,30,13065424472357066729,200,3200,8,1021,3.19,8.0,cached,float32,1,0.3326797385620915,225.31855442234064,0.14435090787621438,18.47691620815544,2.8884038443488436,2.9283613803396737,1,1.0,0,0.6551190000027418
m,3200.0,8,31,4058908046713058523,200,3200,8,1021,3.19,8.0,cached,float32,1,0.3326797385620915,225.31855442234064,0.14435090787621438,18.47691620815544,2.8884038443488436,2.9283613803396737,1,1.0,0,0.6487356999423355
m,3200.0,8,32,11487211565715591159,200,3200,8,1021,3.19,8.0,cached,float32,1,0.3326797385620915,225.31855442234064,0.14435090787621438,18.47691620815544,2.8884038443488436,2.9283613803396737,1,1.0,0,0.6481064999243245
m,3200.0,8,33,17768650058553777661,200,3200,8,1021,3.19,8.0,cached,float32,1,0.3326797385620915,225.31855442234064,0.14435090787621438,18.47691620815544,2.8884038443488436,2.9283613803396737,1,1.0,0,0.6464239999186248
m,3200.0,8,34,2716880228431089544,200,3200,8,1021,3.19,8.0,cached,float32,1,0.3326797385620915,225.31855442234064,0.14435090787621438,18.47691620815544,2.8884038443488436,2.9283613803396737,1,1.0,0,0.6820531999692321
m,3200.0,8,35,8256254755293894716,200,3200,8,1021,3.19,8.0,cached,float32,1,0.3326797385620915,225.31855442234064,0.14435090787621438,18.47691620815544,2.8884038443488436,2.9283613803396737,1,1.0,0,0.6455085999332368
m,3200.0,8,36,517979852138418201,200,3200,8,1021,3.19,8.0,cached,float32,1,0.3326797385620915,225.31855442234064,0.14435090787621438,18.47691620815544,2.8884038443488436,2.9283613803396737,1,1.0,0,0.6442921999841928
m,3200.0,8,37,9732780742688041440,200,3200,8,1021,3.19,8.0,cached,float32,1,0.3326797385620915,225.31855442234064,0.14435090787621438,18.47691620815544,2.8884038443488436,2.9283613803396737,1,1.0,0,0.6421552000101656
m,3200.0,8,38,9403797862276972577,200,3200,8,1021,3.19,8.0,cached,float32,1,0.3326797385620915,225.31855442234064,0.14435090787621438,18.47691620815544,2.8884038443488436,2.9283613803396737,1,1.0,0,0.640729199978523
m,3200.0,8,39,9402270475727807449,200,3200,8,1021,3.19,8.0,cached,float32,1,0.3326797385620915,225.31855442234064,0.14435090787621438,18.47691620815544,2.8884038443488436,2.9283613803396737,1,1.0,0,0.6526274000061676
m,3200.0,8,40,9645170429439654839,200,3200,8,1021,3.19,8.0,cached,float32,1,0.3326797385620915,225.31855442234064,0.14435090787621438,18.47691620815544,2.8884038443488436,2.9283613803396737,1,1.0,0,0.6584615999599919
m,3200.0,8,41,2040277528196767510,200,3200,8,1021,3.19,8.0,cached,float32,1,0.3326797385620915,225.31855442234064,0.14435090787621438,18.47691620815544,2.8884038443488436,2.9283613803396737,1,1.0,0,0.6415444000158459
m,3200.0,8,42,570761535055418152,200,3200,8,1021,3.19,8.0,cached,float32,1,0.3326797385620915,225.31855442234064,0.14435090787621438,18.47691620815544,2.8884038443488436,2.9283613803396737,1,1.0,0,0.6448254000861198
m,3200.0,8,43,12508783597147050,200,3200,8,1021,3.19,8.0,cached,float32,1,0.3326797385620915,225.31855442234064,0.14435090787621438,18.47691620815544,2.8884038443488436,2.9283613803396737,1,1.0,0,0.671080100000836
m,3200.0,8,44,10197291627184804411,200,3200,8,1021,3.19,8.0,cached,float32,1,0.3326797385620915,225.31855442234064,0.14435090787621438,18.47691620815544,2.8884038443488436,2.9283613803396737,1,1.0,0,0.6477538000326604
m,3200.0,8,45,18408780590678411249,200,3200,8,1021,3.19,8.0,cached,float32,1,0.3326797385620915,225.31855442234064,0.14435090787621438,18.47691620815544,2.8884038443488436,2.9283613803396737,1,1.0,0,0.6403284999541938
m,3200.0,8,46,16154749828836886723,200,3200,8,1021,3.19,8.0,cached,float32,1,0.3326797385620915,225.31855442234064,0.14435090787621438,18.47691620815544,2.8884038443488436,2.9283613803396737,1,1.0,0,0.6555271999677643
m,3200.0,8,47,6073178945626087858,200,3200,8,1021,3.19,8.0,cached,float32,1,0.3326797385620915,225.31855442234064,0.14435090787621438,18.47691620815544,2.8884038443488436,2.9283613803396737,1,1.0,0,0.6508801999734715
m,3200.0,8,48,14590010814779000938,200,3200,8,1021,3.19,8.0,cached,float32,1,0.3326797385620915,225.31855442234064,0.14435090787621438,18.47691620815544,2.8884038443488436,2.9283613803396737,1,1.0,0,0.6473534000106156
m,3200.0,8,49,2965279440476384350,200,3200,8,1021,3.19,8.0,cached,float32,1,0.3326797385620915,225.31855442234064,0.14435090787621438,18.47691620815544,2.8884038443488436,2.9283613803396737,1,1.0,0,0.6509273000992835
m,3200.0,8,50,4300235700697382644,200,3200,8,1021,3.19,8.0,cached,float32,1,0.3326797385620915,225.31855442234064,0.14435090787621438,18.47691620815544,2.8884038443488436,2.9283613803396737,1,1.0,0,0.6539109000004828
m,3200.0,8,51,3072829691215784261,200,3200,8,1021,3.19,8.0,cached,float32,1,0.3326797385620915,225.31855442234064,0.14435090787621438,18.47691620815544,2.8884038443488436,2.9283613803396737,1,1.0,0,0.6457139999838546
m,3200.0,8,52,7840472121868289812,200,3200,8,1021,3.19,8.0,cached,float32,1,0.3326797385620915,225.31855442234064,0.14435090787621438,18.47691620815544,2.8884038443488436,2.9283613803396737,1,1.0,0,0.6546511000487953
m,3200.0,8,53,16530089934411670036,200,3200,8,1021,3.19,8.0,cached,float32,1,0.3326797385620915,225.31855442234064,0.14435090787621438,18.47691620815544,2.8884038443488436,2.9283613803396737,1,1.0,0,0.6587433000095189
m,3200.0,8,54,17999053562209891609,200,3200,8,1021,3.19,8.0,cached,float32,1,0.3326797385620915,225.31855442234064,0.14435090787621438,18.47691620815544,2.8884038443488436,2.9283613803396737,1,1.0,0,0.6434989999979734
m,3200.0,8,55,8044955284268797031,200,3200,8,1021,3.19,8.0,cached,float32,1,0.3326797385620915,225.31855442234064,0.14435090787621438,18.47691620815544,2.8884038443488436,2.9283613803396737,1,1.0,0,0.6464389999164268
m,3200.0,8,56,12038521724752318582,200,3200,8,1021,3.19,8.0,cached,float32,1,0.3326797385620915,225.31855442234064,0.14435090787621438,18.47691620815544,2.8884038443488436,2.9283613803396737,1,1.0,0,0.6423082000110298
m,3200.0,8,57,12638029909362789293,200,3200,8,1021,3.19,8.0,cached,float32,1,0.3326797385620915,225.31855442234064,0.14435090787621438,18.47691620815544,2.8884038443488436,2.9283613803396737,1,1.0,0,0.6507055000402033
m,3200.0,8,58,3718727302304692089,200,3200,8,1021,3.19,8.0,cached,float32,1,0.3326797385620915,225.31855442234064,0.14435090787621438,18.47691620815544,2.8884038443488436,2.9283613803396737,1,1.0,0,0.6554165000561625
m,3200.0,8,59,18202478878294838838,200,3200,8,1021,3.19,8.0,cached,float32,1,0.3326797385620915,225.31855442234064,0.14435090787621438,18.47691620815544,2.8884038443488436,2.9283613803396737,1,1.0,0,0.6462416000431404
m,3200.0,8,60,4140313538014036030,200,3200,8,1021,3.19,8.0,cached,float32,1,0.3326797385620915,225.31855442234064,0.14435090787621438,18.47691620815544,2.8884038443488436,2.9283613803396737,1,1.0,0,0.6461468000197783
m,3200.0,8,61,2133813153848569283,200,3200,8,1021,3.19,8.0,cached,float32,1,0.3326797385620915,225.31855442234064,0.14435090787621438,18.47691620815544,2.8884038443488436,2.9283613803396737,1,1.0,0,0.6452448999043554
m,3200.0,8,62,8000930402578986813,200,3200,8,1021,3.19,8.0,cached,float32,1,0.3326797385620915,225.31855442234064,0.14435090787621438,18.47691620815544,2.8884038443488436,2.9283613803396737,1,1.0,0,0.6504373999778181
m,3200.0,8,63,4673581725452066312,200,3200,8,1021,3.19,8.0,cached,float32,1,0.3326797385620915,225.31855442234064,0.14435090787621438,18.47691620815544,2.8884038443488436,2.9283613803396737,1,1.0,0,0.653938899980858
m,3200.0,8,64,4969729432420109099,200,3200,8,1021,3.19,8.0,cached,float32,1,0.3326797385620915,225.31855442234064,0.14435090787621438,18.47691620815544,2.8884038443488436,2.9283613803396737,1,1.0,0,0.6519755999324843
m,3200.0,8,65,9123952266970476283,200,3200,8,1021,3.19,8.0,cached,float32,1,0.3326797385620915,225.31855442234064,0.14435090787621438,18.47691620815544,2.8884038443488436,2.9283613803396737,1,1.0,0,0.6508306000614539
m,3200.0,8,66,11717370033650296223,200,3200,8,1021,3.19,8.0,cached,float32,1,0.3326797385620915,225.31855442234064,0.14435090787621438,18.47691620815544,2.8884038443488436,2.9283613803396737,1,1.0,0,0.640083400066942
m,3200.0,8,67,9662663135896548611,200,3200,8,1021,3.19,8.0,cached,float32,1,0.3326797385620915,225.31855442234064,0.14435090787621438,18.47691620815544,2.8884038443488436,2.9283613803396737,0,0.99,3,0.6420549999456853
m,3200.0,8,68,16863086063895478950,200,3200,8,1021,3.19,8.0,cached,float32,1,0.3326797385620915,225.31855442234064,0.14435090787621438,18.47691620815544,2.8884038443488436,2.9283613803396737,1,1.0,0,0.6530955999623984
m,3200.0,8,69,7804228039330150348,200,3200,8,1021,3.19,8.0,cached,float32,1,0.3326797385620915,225.31855442234064,0.14435090787621438,18.47691620815544,2.8884038443488436,2.9283613803396737,1,1.0,0,0.6424627000233158
m,3200.0,8,70,3141831052551912072,200,3200,8,1021,3.19,8.0,cached,float32,1,0.3326797385620915,225.31855442234064,0.14435090787621438,18.47691620815544,2.8884038443488436,2.9283613803396737,1,1.0,0,0.6587962999474257
m,3200.0,8,71,6047461109429079879,200,3200,8,1021,3.19,8.0,cached,float32,1,0.3326797385620915,225.31855442234064,0.14435090787621438,18.47691620815544,2.8884038443488436,2.9283613803396737,1,1.0,0,0.6577843999257311
m,3200.0,8,72,13170043103060016253,200,3200,8,1021,3.19,8.0,cached,float32,1,0.3326797385620915,225.31855442234064,0.14435090787621438,18.47691620815544,2.8884038443488436,2.9283613803396737,1,1.0,0,0.6420398000627756
m,3200.0,8,73,13176021225187376124,200,3200,8,1021,3.19,8.0,cached,float32,1,0.3326797385620915,225.31855442234064,0.14435090787621438,18.47691620815544,2.8884038443488436,2.9283613803396737,1,1.0,0,0.6486806999891996
m,3200.0,8,74,10842555523265454241,200,3200,8,1021,3.19,8.0,cached,float32,1,0.3326797385620915,225.31855442234064,0.14435090787621438,18.47691620815544,2.8884038443488436,2.9283613803396737,1,1.0,0,0.6454097999958321
m,3200.0,8,75,15032707177613533985,200,3200,8,1021,3.19,8.0,cached,float32,1,0.3326797385620915,225.31855442234064,0.14435090787621438,18.47691620815544,2.8884038443488436,2.9283613803396737,1,1.0,0,0.6422950000269338
m,3200.0,8,76,15763440180736221649,200,3200,8,1021,3.19,8.0,cached,float32,1,0.3326797385620915,225.31855442234064,0.14435090787621438,18.47691620815544,2.8884038443488436,2.9283613803396737,1,1.0,0,0.6556273999158293
m,3200.0,8,77,1390771550638797874,200,3200,8,1021,3.19,8.0,cached,float32,1,0.3326797385620915,225.31855442234064,0.14435090787621438,18.47691620815544,2.8884038443488436,2.9283613803396737,1,1.0,0,0.6557200000388548
m,3200.0,8,78,12906272706448416536,200,3200,8,1021,3.19,8.0,cached,float32,1,0.3326797385620915,225.31855442234064,0.14435090787621438,18.47691620815544,2.8884038443488436,2.9283613803396737,1,1.0,0,0.6508462000638247
m,3200.0,8,79,15821242054505933554,200,3200,8,1021,3.19,8.0,cached,float32,1,0.3326797385620915,225.31855442234064,0.14435090787621438,18.47691620815544,2.8884038443488436,2.9283613803396737,1,1.0,0,0.6470570999663323
m,3200.0,8,80,12631410724159314748,200,3200,8,1021,3.19,8.0,cached,float32,1,0.3326797385620915,225.31855442234064,0.14435090787621438,18.47691620815544,2.8884038443488436,2.9283613803396737,1,1.0,0,0.6581877000862733
m,3200.0,8,81,8086285008863904643,200,3200,8,1021,3.19,8.0,cached,float32,1,0.3326797385620915,225.31855442234064,0.14435090787621438,18.47691620815544,2.8884038443488436,2.9283613803396737,1,1.0,0,0.6504895000252873
m,3200.0,8,82,7513633584264668178,200,3200,8,1021,3.19,8.0,cached,float32,1,0.3326797385620915,225.31855442234064,0.14435090787621438,18.47691620815544,2.8884038443488436,2.9283613803396737,1,1.0,0,0.6460212001111358
m,3200.0,8,83,11981940069422948244,200,3200,8,1021,3.19,8.0,cached,float32,1,0.3326797385620915,225.31855442234064,0.14435090787621438,18.47691620815544,2.8884038443488436,2.9283613803396737,1,1.0,0,0.6505938000045717
m,3200.0,8,84,16500534569863855220,200,3200,8,1021,3.19,8.0,cached,float32,1,0.3326797385620915,225.31855442234064,0.14435090787621438,18.47691620815544,2.8884038443488436,2.9283613803396737,1,1.0,0,0.6647512000054121
m,3200.0,8,85,16686198277682810566,200,3200,8,1021,3.19,8.0,cached,float32,1,0.3326797385620915,225.31855442234064,0.14435090787621438,18.47691620815544,2.8884038443488436,2.9283613803396737,0,0.995,3,0.6520534000592306
m,3200.0,8,86,17589703692256732015,200,3200,8,1021,3.19,8.0,cached,float32,1,0.3326797385620915,225.31855442234064,0.14435090787621438,18.47691620815544,2.8884038443488436,2.9283613803396737,1,1.0,0,0.6412121000466868
m,3200.0,8,87,14173471154075037462,200,3200,8,1021,3.19,8.0,cached,float32,1,0.3326797385620915,225.31855442234064,0.14435090787621438,18.47691620815544,2.8884038443488436,2.9283613803396737,1,1.0,0,0.6484104000264779
m,3200.0,8,88,10608354346487283245,200,3200,8,1021,3.19,8.0,cached,float32,1,0.3326797385620915,225.31855442234064,0.14435090787621438,18.47691620815544,2.8884038443488436,2.9283613803396737,1,1.0,0,0.6499894999433309
m,3200.0,8,89,18341618166848870955,200,3200,8,1021,3.19,8.0,cached,float32,1,0.3326797385620915,225.31855442234064,0.14435090787621438,18.47691620815544,2.8884038443488436,2.9283613803396737,1,1.0,0,0.6466429999563843
m,3200.0,8,90,7511217154078993658,200,3200,8,1021,3.19,8.0,cached,float32,1,0.3326797385620915,225.31855442234064,0.14435090787621438,18.47691620815544,2.8884038443488436,2.9283613803396737,1,1.0,0,0.6484013000736013
m,3200.0,8,91,1152382917312521615,200,3200,8,1021,3.19,8.0,cached,float32,1,0.3326797385620915,225.31855442234064,0.14435090787621438,18.47691620815544,2.8884038443488436,2.9283613803396737,1,1.0,0,0.647292000008747
m,3200.0,8,92,7081051647198570019,200,3200,8,1021,3.19,8.0,cached,float32,1,0.3326797385620915,225.31855442234064,0.14435090787621438,18.47691620815544,2.8884038443488436,2.9283613803396737,1,1.0,0,0.6476778999203816
m,3200.0,8,93,5668734964105285814,200,3200,8,1021,3.19,8.0,cached,float32,1,0.3326797385620915,225.31855442234064,0.14435090787621438,18.47691620815544,2.8884038443488436,2.9283613803396737,1,1.0,0,0.642707800026983
m,3200.0,8,94,299712120597543592,200,3200,8,1021,3.19,8.0,cached,float32,1,0.3326797385620915,225.31855442234064,0.14435090787621438,18.47691620815544,2.8884038443488436,2.9283613803396737,1,1.0,0,0.6770509000634775
m,3200.0,8,95,8986189599625398871,200,3200,8,1021,3.19,8.0,cached,float32,1,0.3326797385620915,225.31855442234064,0.14435090787621438,18.47691620815544,2.8884038443488436,2.9283613803396737,1,1.0,0,0.652206499944441
m,3200.0,8,96,8876295109683980822,200,3200,8,1021,3.19,8.0,cached,float32,1,0.3326797385620915,225.31855442234064,0.14435090787621438,18.47691620815544,2.8884038443488436,2.9283613803396737,1,1.0,0,0.6447809999808669
m,3200.0,8,97,5829315898419764487,200,3200,8,1021,3.19,8.0,cached,float32,1,0.3326797385620915,225.31855442234064,0.14435090787621438,18.47691620815544,2.8884038443488436,2.9283613803396737,1,1.0,0,0.6439982000738382
m,3200.0,8,98,1983606379231497010,200,3200,8,1021,3.19,8.0,cached,float32,1,0.3326797385620915,225.31855442234064,0.14435090787621438,18.47691620815544,2.8884038443488436,2.9283613803396737,1,1.0,0,0.6429970999015495
m,3200.0,8,99,12436899651826872475,200,3200,8,1021,3.19,8.0,cached,float32,1,0.3326797385620915,225.31855442234064,0.14435090787621438,18.47691620815544,2.8884038443488436,2.9283613803396737,1,1.0,0,0.6530102000106126
n,75.0,9,0,17346692526426011160,75,1600,8,1021,3.19,8.0,cached,float32,1,0.3326797385620915,225.31855442234064,0.14435090787621438,24.635888277540587,4.548639509620884,4.611564376332506,1,1.0,0,0.3196405000053346
n,75.0,9,1,17889801327238784654,75,1600,8,1021,3.19,8.0,cached,float32,1,0.3326797385620915,225.31855442234064,0.14435090787621438,24.635888277540587,4.548639509620884,4.611564376332506,1,1.0,0,0.31868559995200485
n,75.0,9,2,17225966612573894423,75,1600,8,1021,3.19,8.0,cached,float32,1,0.3326797385620915,225.31855442234064,0.14435090787621438,24.635888277540587,4.548639509620884,4.611564376332506,1,1.0,0,0.32072570000309497
n,75.0,9,3,7608437133515182027,75,1600,8,1021,3.19,8.0,cached,float32,1,0.3326797385620915,225.31855442234064,0.14435090787621438,24.635888277540587,4.548639509620884,4.611564376332506,1,1.0,0,0.3265646001091227
n,75.0,9,4,14647308286180882859,75,1600,8,1021,3.19,8.0,cached,float32,1,0.3326797385620915,225.31855442234064,0.14435090787621438,24.635888277540587,4.548639509620884,4.611564376332506,1,1.0,0,0.3195561000611633
n,75.0,9,5,5881724785258253440,75,1600,8,1021,3.19,8.0,cached,float32,1,0.3326797385620915,225.31855442234064,0.14435090787621438,24.635888277540587,4.548639509620884,4.611564376332506,1,1.0,0,0.3203799999319017
n,75.0,9,6,3643773351128297241,75,1600,8,1021,3.19,8.0,cached,float32,1,0.3326797385620915,225.31855442234064,0.14435090787621438,24.635888277540587,4.548639509620884,4.611564376332506,1,1.0,0,0.3235815000953153
n,75.0,9,7,15541333247495264037,75,1600,8,1021,3.19,8.0,cached,float32,1,0.3326797385620915,225.31855442234064,0.14435090787621438,24.635888277540587,4.548639509620884,4.611564376332506,1,1.0,0,0.3222641999600455
n,75.0,9,8,8925471968106258438,75,1600,8,1021,3.19,8.0,cached,float32,1,0.3326797385620915,225.31855442234064,0.14435090787621438,24.635888277540587,4.548639509620884,4.611564376332506,1,1.0,0,0.3235913999378681
n,75.0,9,9,9542459598615339003,75,1600,8,1021,3.19,8.0,cached,float32,1,0.3326797385620915,225.31855442234064,0.14435090787621438,24.635888277540587,4.548639509620884,4.611564376332506,1,1.0,0,0.3223481000168249
n,75.0,9,10,8974635358934875739,75,1600,8,1021,3.19,8.0,cached,float32,1,0.3326797385620915,225.31855442234064,0.14435090787621438,24.635888277540587,4.548639509620884,4.611564376332506,1,1.0,0,0.3231443000258878
n,75.0,9,11,5833992193041496740,75,1600,8,1021,3.19,8.0,cached,float32,1,0.3326797385620915,225.31855442234064,0.14435090787621438,24.635888277540587,4.548639509620884,4.611564376332506,1,1.0,0,0.3273710999637842
n,75.0,9,12,12483295129912874355,75,1600,8,1021,3.19,8.0,cached,float32,1,0.3326797385620915,225.31855442234064,0.14435090787621438,24.635888277540587,4.548639509620884,4.611564376332506,1,1.0,0,0.32362199993804097
n,75.0,9,13,4087210147606893573,75,1600,8,1021,3.19,8.0,cached,float32,1,0.3326797385620915,225.31855442234064,0.14435090787621438,24.635888277540587,4.548639509620884,4.611564376332506,1,1.0,0,0.321412599994801
n,75.0,9,14,3463865650569115543,75,1600,8,1021,3.19,8.0,cached,float32,1,0.3326797385620915,225.31855442234064,0.14435090787621438,24.635888277540587,4.548639509620884,4.611564376332506,0,0.9866666666666667,2,0.3261304999468848
n,75.0,9,15,6765074243835225483,75,1600,8,1021,3.19,8.0,cached,float32,1,0.3326797385620915,225.31855442234064,0.14435090787621438,24.635888277540587,4.548639509620884,4.611564376332506,1,1.0,0,0.3239120999351144
n,75.0,9,16,17352386349884317919,75,1600,8,1021,3.19,8.0,cached,float32,1,0.3326797385620915,225.31855442234064,0.14435090787621438,24.635888277540587,4.548639509620884,4.611564376332506,1,1.0,0,0.32044739997945726
n,75.0,9,17,11026563159917443062,75,1600,8,1021,3.19,8.0,cached,float32,1,0.3326797385620915,225.31855442234064,0.14435090787621438,24.635888277540587,4.548639509620884,4.611564376332506,0,0.9866666666666667,2,0.3221326000057161
n,75.0,9,18,14045198883696400731,75,1600,8,1021,3.19,8.0,cached,float32,1,0.3326797385620915,225.31855442234064,0.14435090787621438,24.635888277540587,4.548639509620884,4.611564376332506,1,1.0,0,0.3194118000101298
n,75.0,9,19,1183945061218708987,75,1600,8,1021,3.19,8.0,cached,float32,1,0.3326797385620915,225.31855442234064,0.14435090787621438,24.635888277540587,4.548639509620884,4.611564376332506,1,1.0,0,0.3195841999258846
n,75.0,9,20,4326496653065668175,75,1600,8,1021,3.19,8.0,cached,float32,1,0.3326797385620915,225.31855442234064,0.14435090787621438,24.635888277540587,4.548639509620884,4.611564376332506,1,1.0,0,0.31588609993923455
n,75.0,9,21,1518402947933654974,75,1600,8,1021,3.19,8.0,cached,float32,1,0.3326797385620915,225.31855442234064,0.14435090787621438,24.635888277540587,4.548639509620884,4.611564376332506,1,1.0,0,0.31989909999538213
n,75.0,9,22,7505567407676922953,75,1600,8,1021,3.19,8.0,cached,float32,1,0.3326797385620915,225.31855442234064,0.14435090787621438,24.635888277540587,4.548639509620884,4.611564376332506,1,1.0,0,0.32170890003908426
n,75.0,9,23,10423221129585693693,75,1600,8,1021,3.19,8.0,cached,float32,1,0.3326797385620915,225.31855442234064,0.14435090787621438,24.635888277540587,4.548639509620884,4.611564376332506,1,1.0,0,0.31891200004611164
n,75.0,9,24,1277131263715350663,75,1600,8,1021,3.19,8.0,cached,float32,1,0.3326797385620915,225.31855442234064,0.14435090787621438,24.635888277540587,4.548639509620884,4.611564376332506,1,1.0,0,0.3250218000030145
n,75.0,9,25,6611684324249589735,75,1600,8,1021,3.19,8.0,cached,float32,1,0.3326797385620915,225.31855442234064,0.14435090787621438,24.635888277540587,4.548639509620884,4.611564376332506,1,1.0,0,0.31981519993860275
n,75.0,9,26,234274173754561541,75,1600,8,1021,3.19,8.0,cached,float32,1,0.3326797385620915,225.31855442234064,0.14435090787621438,24.635888277540587,4.548639509620884,4.611564376332506,1,1.0,0,0.3231630000518635
n,75.0,9,27,4315820119111415806,75,1600,8,1021,3.19,8.0,cached,float32,1,0.3326797385620915,225.31855442234064,0.14435090787621438,24.635888277540587,4.548639509620884,4.611564376332506,1,1.0,0,0.3528793000150472
n,75.0,9,28,10323055028064507878,75,1600,8,1021,3.19,8.0,cached,float32,1,0.3326797385620915,225.31855442234064,0.14435090787621438,24.635888277540587,4.548639509620884,4.611564376332506,1,1.0,0,0.330135399941355
n,75.0,9,29,6799934705611717682,75,1600,8,1021,3.19,8.0,cached,float32,1,0.3326797385620915,225.31855442234064,0.14435090787621438,24.635888277540587,4.548639509620884,4.611564376332506,1,1.0,0,0.32870650000404567
n,75.0,9,30,95046561535538296,75,1600,8,1021,3.19,8.0,cached,float32,1,0.3326797385620915,225.31855442234064,0.14435090787621438,24.635888277540587,4.548639509620884,4.611564376332506,1,1.0,0,0.3351175000425428
n,75.0,9,31,11794082060961417697,75,1600,8,1021,3.19,8.0,cached,float32,1,0.3326797385620915,225.31855442234064,0.14435090787621438,24.635888277540587,4.548639509620884,4.611564376332506,1,1.0,0,0.3290584000060335
n,75.0,9,32,10517607994525963498,75,1600,8,1021,3.19,8.0,cached,float32,1,0.3326797385620915,225.31855442234064,0.14435090787621438,24.635888277540587,4.548639509620884,4.611564376332506,1,1.0,0,0.3364046999486163
n,75.0,9,33,15828588469091053911,75,1600,8,1021,3.19,8.0,cached,float32,1,0.3326797385620915,225.31855442234064,0.14435090787621438,24.635888277540587,4.548639509620884,4.611564376332506,1,1.0,0,0.33701419993303716
n,75.0,9,34,13944436846834088727,75,1600,8,1021,3.19,8.0,cached,float32,1,0.3326797385620915,225.31855442234064,0.14435090787621438,24.635888277540587,4.548639509620884,4.611564376332506,1,1.0,0,0.3194487999426201
n,75.0,9,35,10435501536418227495,75,1600,8,1021,3.19,8.0,cached,float32,1,0.3326797385620915,225.31855442234064,0.14435090787621438,24.635888277540587,4.548639509620884,4.611564376332506,1,1.0,0,0.32524959999136627
n,75.0,9,36,10136046690950483299,75,1600,8,1021,3.19,8.0,cached,float32,1,0.3326797385620915,225.31855442234064,0.14435090787621438,24.635888277540587,4.548639509620884,4.611564376332506,1,1.0,0,0.3458272999851033
n,75.0,9,37,16498286419446396413,75,1600,8,1021,3.19,8.0,cached,float32,1,0.3326797385620915,225.31855442234064,0.14435090787621438,24.635888277540587,4.548639509620884,4.611564376332506,1,1.0,0,0.3239725000457838
n,75.0,9,38,8789800849459448284,75,1600,8,1021,3.19,8.0,cached,float32,1,0.3326797385620915,225.31855442234064,0.14435090787621438,24.635888277540587,4.548639509620884,4.611564376332506,1,1.0,0,0.3214949000393972
n,75.0,9,39,13017158877211522046,75,1600,8,1021,3.19,8.0,cached,float32,1,0.3326797385620915,225.31855442234064,0.14435090787621438,24.635888277540587,4.548639509620884,4.611564376332506,1,1.0,0,0.3259608999360353
n,75.0,9,40,8579487800834099046,75,1600,8,1021,3.19,8.0,cached,float32,1,0.3326797385620915,225.31855442234064,0.14435090787621438,24.635888277540587,4.548639509620884,4.611564376332506,1,1.0,0,0.325982499984093
n,75.0,9,41,8821329843197108104,75,1600,8,1021,3.19,8.0,cached,float32,1,0.3326797385620915,225.31855442234064,0.14435090787621438,24.635888277540587,4.548639509620884,4.611564376332506,1,1.0,0,0.31876199995167553
n,75.0,9,42,5571488758991766059,75,1600,8,1021,3.19,8.0,cached,float32,1,0.3326797385620915,225.31855442234064,0.14435090787621438,24.635888277540587,4.548639509620884,4.611564376332506,1,1.0,0,0.31757349998224527
n,75.0,9,43,1197714019601650626,75,1600,8,1021,3.19,8.0,cached,float32,1,0.3326797385620915,225.31855442234064,0.14435090787621438,24.635888277540587,4.548639509620884,4.611564376332506,1,1.0,0,0.3228479999816045
n,75.0,9,44,2287200297915392549,75,1600,8,1021,3.19,8.0,cached,float32,1,0.3326797385620915,225.31855442234064,0.14435090787621438,24.635888277540587,4.548639509620884,4.611564376332506,1,1.0,0,0.31844960001762956
n,75.0,9,45,10577467591945733546,75,1600,8,1021,3.19,8.0,cached,float32,1,0.3326797385620915,225.31855442234064,0.14435090787621438,24.635888277540587,4.548639509620884,4.611564376332506,1,1.0,0,0.3222279999172315
n,75.0,9,46,14866455300087211369,75,1600,8,1021,3.19,8.0,cached,float32,1,0.3326797385620915,225.31855442234064,0.14435090787621438,24.635888277540587,4.548639509620884,4.611564376332506,1,1.0,0,0.32090530009008944
n,75.0,9,47,12505005046889147658,75,1600,8,1021,3.19,8.0,cached,float32,1,0.3326797385620915,225.31855442234064,0.14435090787621438,24.635888277540587,4.548639509620884,4.611564376332506,1,1.0,0,0.32007010001689196
n,75.0,9,48,15785333919961027283,75,1600,8,1021,3.19,8.0,cached,float32,1,0.3326797385620915,225.31855442234064,0.14435090787621438,24.635888277540587,4.548639509620884,4.611564376332506,1,1.0,0,0.32771290000528097
n,75.0,9,49,4812456008837552539,75,1600,8,1021,3.19,8.0,cached,float32,1,0.3326797385620915,225.31855442234064,0.14435090787621438,24.635888277540587,4.548639509620884,4.611564376332506,1,1.0,0,0.32724959996994585
n,75.0,9,50,17708544901637992725,75,1600,8,1021,3.19,8.0,cached,float32,1,0.3326797385620915,225.31855442234064,0.14435090787621438,24.635888277540587,4.548639509620884,4.611564376332506,1,1.0,0,0.3184703999431804
n,75.0,9,51,18242172231323991034,75,1600,8,1021,3.19,8.0,cached,float32,1,0.3326797385620915,225.31855442234064,0.14435090787621438,24.635888277540587,4.548639509620884,4.611564376332506,1,1.0,0,0.32446100004017353
n,75.0,9,52,7181989286108592181,75,1600,8,1021,3.19,8.0,cached,float32,1,0.3326797385620915,225.31855442234064,0.14435090787621438,24.635888277540587,4.548639509620884,4.611564376332506,1,1.0,0,0.32133770000655204
n,75.0,9,53,7342436349828364128,75,1600,8,1021,3.19,8.0,cached,float32,1,0.3326797385620915,225.31855442234064,0.14435090787621438,24.635888277540587,4.548639509620884,4.611564376332506,1,1.0,0,0.3225315000163391
n,75.0,9,54,3651922351426587948,75,1600,8,1021,3.19,8.0,cached,float32,1,0.3326797385620915,225.31855442234064,0.14435090787621438,24.635888277540587,4.548639509620884,4.611564376332506,1,1.0,0,0.322285300004296
n,75.0,9,55,2130677628427680123,75,1600,8,1021,3.19,8.0,cached,float32,1,0.3326797385620915,225.31855442234064,0.14435090787621438,24.635888277540587,4.548639509620884,4.611564376332506,1,1.0,0,0.32753869995940477
n,75.0,9,56,5573510132423813925,75,1600,8,1021,3.19,8.0,cached,float32,1,0.3326797385620915,225.31855442234064,0.14435090787621438,24.635888277540587,4.548639509620884,4.611564376332506,1,1.0,0,0.3422252999152988
n,75.0,9,57,12771149271622534944,75,1600,8,1021,3.19,8.0,cached,float32,1,0.3326797385620915,225.31855442234064,0.14435090787621438,24.635888277540587,4.548639509620884,4.611564376332506,1,1.0,0,0.3215250000357628
n,75.0,9,58,11867980564823775952,75,1600,8,1021,3.19,8.0,cached,float32,1,0.3326797385620915,225.31855442234064,0.14435090787621438,24.635888277540587,4.548639509620884,4.611564376332506,1,1.0,0,0.31953790003899485
n,75.0,9,59,7151647158205180607,75,1600,8,1021,3.19,8.0,cached,float32,1,0.3326797385620915,225.31855442234064,0.14435090787621438,24.635888277540587,4.548639509620884,4.611564376332506,1,1.0,0,0.31957329995930195
n,75.0,9,60,11352173473669673784,75,1600,8,1021,3.19,8.0,cached,float32,1,0.3326797385620915,225.31855442234064,0.14435090787621438,24.635888277540587,4.548639509620884,4.611564376332506,1,1.0,0,0.31991849991027266
n,75.0,9,61,1378546732399220929,75,1600,8,1021,3.19,8.0,cached,float32,1,0.3326797385620915,225.31855442234064,0.14435090787621438,24.635888277540587,4.548639509620884,4.611564376332506,1,1.0,0,0.32550809998065233
n,75.0,9,62,13880234861347355405,75,1600,8,1021,3.19,8.0,cached,float32,1,0.3326797385620915,225.31855442234064,0.14435090787621438,24.635888277540587,4.548639509620884,4.611564376332506,1,1.0,0,0.3244753999169916
n,75.0,9,63,11932235995645002520,75,1600,8,1021,3.19,8.0,cached,float32,1,0.3326797385620915,225.31855442234064,0.14435090787621438,24.635888277540587,4.548639509620884,4.611564376332506,1,1.0,0,0.32277830003295094
n,75.0,9,64,12502748526810738778,75,1600,8,1021,3.19,8.0,cached,float32,1,0.3326797385620915,225.31855442234064,0.14435090787621438,24.635888277540587,4.548639509620884,4.611564376332506,1,1.0,0,0.3312331000342965
n,75.0,9,65,2952026083013198811,75,1600,8,1021,3.19,8.0,cached,float32,1,0.3326797385620915,225.31855442234064,0.14435090787621438,24.635888277540587,4.548639509620884,4.611564376332506,1,1.0,0,0.3207142000319436
n,75.0,9,66,747661763739899060,75,1600,8,1021,3.19,8.0,cached,float32,1,0.3326797385620915,225.31855442234064,0.14435090787621438,24.635888277540587,4.548639509620884,4.611564376332506,1,1.0,0,0.32185589999426156
n,75.0,9,67,18135166242426528626,75,1600,8,1021,3.19,8.0,cached,float32,1,0.3326797385620915,225.31855442234064,0.14435090787621438,24.635888277540587,4.548639509620884,4.611564376332506,1,1.0,0,0.319778100005351
n,75.0,9,68,14973100615997426667,75,1600,8,1021,3.19,8.0,cached,float32,1,0.3326797385620915,225.31855442234064,0.14435090787621438,24.635888277540587,4.548639509620884,4.611564376332506,1,1.0,0,0.3225122999865562
n,75.0,9,69,16731894721664281417,75,1600,8,1021,3.19,8.0,cached,float32,1,0.3326797385620915,225.31855442234064,0.14435090787621438,24.635888277540587,4.548639509620884,4.611564376332506,1,1.0,0,0.321114799939096
n,75.0,9,70,1301663949505123394,75,1600,8,1021,3.19,8.0,cached,float32,1,0.3326797385620915,225.31855442234064,0.14435090787621438,24.635888277540587,4.548639509620884,4.611564376332506,1,1.0,0,0.3213246000232175
n,75.0,9,71,14367139111741944882,75,1600,8,1021,3.19,8.0,cached,float32,1,0.3326797385620915,225.31855442234064,0.14435090787621438,24.635888277540587,4.548639509620884,4.611564376332506,1,1.0,0,0.3241482999874279
n,75.0,9,72,14900472920014728963,75,1600,8,1021,3.19,8.0,cached,float32,1,0.3326797385620915,225.31855442234064,0.14435090787621438,24.635888277540587,4.548639509620884,4.611564376332506,1,1.0,0,0.31938210001681
n,75.0,9,73,9220273221067162619,75,1600,8,1021,3.19,8.0,cached,float32,1,0.3326797385620915,225.31855442234064,0.14435090787621438,24.635888277540587,4.548639509620884,4.611564376332506,1,1.0,0,0.3308212000411004
n,75.0,9,74,16707547707868429220,75,1600,8,1021,3.19,8.0,cached,float32,1,0.3326797385620915,225.31855442234064,0.14435090787621438,24.635888277540587,4.548639509620884,4.611564376332506,1,1.0,0,0.32865909999236465
n,75.0,9,75,3293206258359567505,75,1600,8,1021,3.19,8.0,cached,float32,1,0.3326797385620915,225.31855442234064,0.14435090787621438,24.635888277540587,4.548639509620884,4.611564376332506,1,1.0,0,0.32200909999664873
n,75.0,9,76,15149950047266262432,75,1600,8,1021,3.19,8.0,cached,float32,1,0.3326797385620915,225.31855442234064,0.14435090787621438,24.635888277540587,4.548639509620884,4.611564376332506,1,1.0,0,0.3296715000178665
n,75.0,9,77,14974114096263225310,75,1600,8,1021,3.19,8.0,cached,float32,1,0.3326797385620915,225.31855442234064,0.14435090787621438,24.635888277540587,4.548639509620884,4.611564376332506,1,1.0,0,0.3304836000315845
n,75.0,9,78,14640981880896458320,75,1600,8,1021,3.19,8.0,cached,float32,1,0.3326797385620915,225.31855442234064,0.14435090787621438,24.635888277540587,4.548639509620884,4.611564376332506,1,1.0,0,0.3196188999572769
n,75.0,9,79,15795227299344317140,75,1600,8,1021,3.19,8.0,cached,float32,1,0.3326797385620915,225.31855442234064,0.14435090787621438,24.635888277540587,4.548639509620884,4.611564376332506,1,1.0,0,0.32346600003074855
n,75.0,9,80,4618478355906649116,75,1600,8,1021,3.19,8.0,cached,float32,1,0.3326797385620915,225.31855442234064,0.14435090787621438,24.635888277540587,4.548639509620884,4.611564376332506,1,1.0,0,0.3186940999003127
n,75.0,9,81,13948472638978804565,75,1600,8,1021,3.19,8.0,cached,float32,1,0.3326797385620915,225.31855442234064,0.14435090787621438,24.635888277540587,4.548639509620884,4.611564376332506,1,1.0,0,0.3205889000091702
n,75.0,9,82,7729577995365074837,75,1600,8,1021,3.19,8.0,cached,float32,1,0.3326797385620915,225.31855442234064,0.14435090787621438,24.635888277540587,4.548639509620884,4.611564376332506,1,1.0,0,0.3189574000425637
n,75.0,9,83,9510769977737956704,75,1600,8,1021,3.19,8.0,cached,float32,1,0.3326797385620915,225.31855442234064,0.14435090787621438,24.635888277540587,4.548639509620884,4.611564376332506,1,1.0,0,0.32172430003993213
n,75.0,9,84,8844442663057567415,75,1600,8,1021,3.19,8.0,cached,float32,1,0.3326797385620915,225.31855442234064,0.14435090787621438,24.635888277540587,4.548639509620884,4.611564376332506,1,1.0,0,0.3207296999171376
n,75.0,9,85,9300322297113378843,75,1600,8,1021,3.19,8.0,cached,float32,1,0.3326797385620915,225.31855442234064,0.14435090787621438,24.635888277540587,4.548639509620884,4.611564376332506,1,1.0,0,0.3199954000301659
n,75.0,9,86,12145395542486583521,75,1600,8,1021,3.19,8.0,cached,float32,1,0.3326797385620915,225.31855442234064,0.14435090787621438,24.635888277540587,4.548639509620884,4.611564376332506,1,1.0,0,0.3218297000275925
n,75.0,9,87,3634386217088597162,75,1600,8,1021,3.19,8.0,cached,float32,1,0.3326797385620915,225.31855442234064,0.14435090787621438,24.635888277540587,4.548639509620884,4.611564376332506,1,1.0,0,0.32410710002295673
n,75.0,9,88,2919393672934578864,75,1600,8,1021,3.19,8.0,cached,float32,1,0.3326797385620915,225.31855442234064,0.14435090787621438,24.635888277540587,4.548639509620884,4.611564376332506,1,1.0,0,0.3269553000573069
n,75.0,9,89,4253949620578698313,75,1600,8,1021,3.19,8.0,cached,float32,1,0.3326797385620915,225.31855442234064,0.14435090787621438,24.635888277540587,4.548639509620884,4.611564376332506,1,1.0,0,0.3194593999069184
n,75.0,9,90,7944132191580943394,75,1600,8,1021,3.19,8.0,cached,float32,1,0.3326797385620915,225.31855442234064,0.14435090787621438,24.635888277540587,4.548639509620884,4.611564376332506,1,1.0,0,0.32358820002991706
n,75.0,9,91,3371089408863688337,75,1600,8,1021,3.19,8.0,cached,float32,1,0.3326797385620915,225.31855442234064,0.14435090787621438,24.635888277540587,4.548639509620884,4.611564376332506,1,1.0,0,0.3220871000085026
n,75.0,9,92,4033398516473097804,75,1600,8,1021,3.19,8.0,cached,float32,1,0.3326797385620915,225.31855442234064,0.14435090787621438,24.635888277540587,4.548639509620884,4.611564376332506,1,1.0,0,0.3263970999978483
n,75.0,9,93,2886278934693090865,75,1600,8,1021,3.19,8.0,cached,float32,1,0.3326797385620915,225.31855442234064,0.14435090787621438,24.635888277540587,4.548639509620884,4.611564376332506,1,1.0,0,0.3233726000180468
n,75.0,9,94,8031315927970317381,75,1600,8,1021,3.19,8.0,cached,float32,1,0.3326797385620915,225.31855442234064,0.14435090787621438,24.635888277540587,4.548639509620884,4.611564376332506,1,1.0,0,0.31818880001083016
n,75.0,9,95,5107093946752582857,75,1600,8,1021,3.19,8.0,cached,float32,1,0.3326797385620915,225.31855442234064,0.14435090787621438,24.635888277540587,4.548639509620884,4.611564376332506,1,1.0,0,0.3217185999965295
n,75.0,9,96,8951240521883812332,75,1600,8,1021,3.19,8.0,cached,float32,1,0.3326797385620915,225.31855442234064,0.14435090787621438,24.635888277540587,4.548639509620884,4.611564376332506,1,1.0,0,0.3208500000182539
n,75.0,9,97,17132036681013437288,75,1600,8,1021,3.19,8.0,cached,float32,1,0.3326797385620915,225.31855442234064,0.14435090787621438,24.635888277540587,4.548639509620884,4.611564376332506,1,1.0,0,0.32505480002146214
n,75.0,9,98,15983823895489407461,75,1600,8,1021,3.19,8.0,cached,float32,1,0.3326797385620915,225.31855442234064,0.14435090787621438,24.635888277540587,4.548639509620884,4.611564376332506,1,1.0,0,0.33693549991585314
n,75.0,9,99,7636925009599807146,75,1600,8,1021,3.19,8.0,cached,float32,1,0.3326797385620915,225.31855442234064,0.14435090787621438,24.635888277540587,4.548639509620884,4.611564376332506,1,1.0,0,0.32171889999881387
n,100.0,10,0,15326922737499694067,100,1600,8,1021,3.19,8.0,cached,float32,1,0.3326797385620915,225.31855442234064,0.14435090787621438,18.47691620815544,3.2394145972877673,3.2842279379200314,1,1.0,0,0.3249319000169635
n,100.0,10,1,3613625362065607307,100,1600,8,1021,3.19,8.0,cached,float32,1,0.3326797385620915,225.31855442234064,0.14435090787621438,18.47691620815544,3.2394145972877673,3.2842279379200314,1,1.0,0,0.3762202999787405
n,100.0,10,2,2761781078494016867,100,1600,8,1021,3.19,8.0,cached,float32,1,0.3326797385620915,225.31855442234064,0.14435090787621438,18.47691620815544,3.2394145972877673,3.2842279379200314,1,1.0,0,0.3227002000203356
n,100.0,10,3,2023156443140901696,100,1600,8,1021,3.19,8.0,cached,float32,1,0.3326797385620915,225.31855442234064,0.14435090787621438,18.47691620815544,3.2394145972877673,3.2842279379200314,1,1.0,0,0.3253806000575423
n,100.0,10,4,2195968749080532796,100,1600,8,1021,3.19,8.0,cached,float32,1,0.3326797385620915,225.31855442234064,0.14435090787621438,18.47691620815544,3.2394145972877673,3.2842279379200314,1,1.0,0,0.32274600001983345
n,100.0,10,5,13641040689103598967,100,1600,8,1021,3.19,8.0,cached,float32,1,0.3326797385620915,225.31855442234064,0.14435090787621438,18.47691620815544,3.2394145972877673,3.2842279379200314,1,1.0,0,0.3234047000296414
n,100.0,10,6,7504079841178496659,100,1600,8,1021,3.19,8.0,cached,float32,1,0.3326797385620915,225.31855442234064,0.14435090787621438,18.47691620815544,3.2394145972877673,3.2842279379200314,1,1.0,0,0.3209170999471098
n,100.0,10,7,16441689006486376238,100,1600,8,1021,3.19,8.0,cached,float32,1,0.3326797385620915,225.31855442234064,0.14435090787621438,18.47691620815544,3.2394145972877673,3.2842279379200314,1,1.0,0,0.3202869000378996
n,100.0,10,8,9853472270717281873,100,1600,8,1021,3.19,8.0,cached,float32,1,0.3326797385620915,225.31855442234064,0.14435090787621438,18.47691620815544,3.2394145972877673,3.2842279379200314,1,1.0,0,0.3188409999711439
n,100.0,10,9,2990029438738187080,100,1600,8,1021,3.19,8.0,cached,float32,1,0.3326797385620915,225.31855442234064,0.14435090787621438,18.47691620815544,3.2394145972877673,3.2842279379200314,1,1.0,0,0.32276470004580915
n,100.0,10,10,9779644841702966873,100,1600,8,1021,3.19,8.0,cached,float32,1,0.3326797385620915,225.31855442234064,0.14435090787621438,18.47691620815544,3.2394145972877673,3.2842279379200314,1,1.0,0,0.3256407000590116
n,100.0,10,11,10694723150852881416,100,1600,8,1021,3.19,8.0,cached,float32,1,0.3326797385620915,225.31855442234064,0.14435090787621438,18.47691620815544,3.2394145972877673,3.2842279379200314,1,1.0,0,0.3303393000969663
n,100.0,10,12,9862128506275926967,100,1600,8,1021,3.19,8.0,cached,float32,1,0.3326797385620915,225.31855442234064,0.14435090787621438,18.47691620815544,3.2394145972877673,3.2842279379200314,1,1.0,0,0.32403399993199855
n,100.0,10,13,9005924240949762308,100,1600,8,1021,3.19,8.0,cached,float32,1,0.3326797385620915,225.31855442234064,0.14435090787621438,18.47691620815544,3.2394145972877673,3.2842279379200314,1,1.0,0,0.31963980000000447
n,100.0,10,14,13998934772070955153,100,1600,8,1021,3.19,8.0,cached,float32,1,0.3326797385620915,225.31855442234064,0.14435090787621438,18.47691620815544,3.2394145972877673,3.2842279379200314,1,1.0,0,0.3211792000802234
n,100.0,10,15,18274473700397075829,100,1600,8,1021,3.19,8.0,cached,float32,1,0.3326797385620915,225.31855442234064,0.14435090787621438,18.47691620815544,3.2394145972877673,3.2842279379200314,1,1.0,0,0.323405799921602
n,100.0,10,16,18260565924684261024,100,1600,8,1021,3.19,8.0,cached,float32,1,0.3326797385620915,225.31855442234064,0.14435090787621438,18.47691620815544,3.2394145972877673,3.2842279379200314,1,1.0,0,0.3290098999859765
n,100.0,10,17,15953486493361230803,100,1600,8,1021,3.19,8.0,cached,float32,1,0.3326797385620915,225.31855442234064,0.14435090787621438,18.47691620815544,3.2394145972877673,3.2842279379200314,1,1.0,0,0.31855429999995977
n,100.0,10,18,14009696223173449210,100,1600,8,1021,3.19,8.0,cached,float32,1,0.3326797385620915,225.31855442234064,0.14435090787621438,18.47691620815544,3.2394145972877673,3.2842279379200314,1,1.0,0,0.32536219991743565
n,100.0,10,19,16285958284967032243,100,1600,8,1021,3.19,8.0,cached,float32,1,0.3326797385620915,225.31855442234064,0.14435090787621438,18.47691620815544,3.2394145972877673,3.2842279379200314,1,1.0,0,0.3325773000251502
n,100.0,10,20,1158731714462441436,100,1600,8,1021,3.19,8.0,cached,float32,1,0.3326797385620915,225.31855442234064,0.14435090787621438,18.47691620815544,3.2394145972877673,3.2842279379200314,1,1.0,0,0.32695989997591823
n,100.0,10,21,13152699183366734493,100,1600,8,1021,3.19,8.0,cached,float32,1,0.3326797385620915,225.31855442234064,0.14435090787621438,18.47691620815544,3.2394145972877673,3.2842279379200314,1,1.0,0,0.3292486999416724
n,100.0,10,22,7056353817911368010,100,1600,8,1021,3.19,8.0,cached,float32,1,0.3326797385620915,225.31855442234064,0.14435090787621438,18.47691620815544,3.2394145972877673,3.2842279379200314,1,1.0,0,0.32562499993946403
n,100.0,10,23,1719153934376600618,100,1600,8,1021,3.19,8.0,cached,float32,1,0.3326797385620915,225.31855442234064,0.14435090787621438,18.47691620815544,3.2394145972877673,3.2842279379200314,1,1.0,0,0.32456900004763156
n,100.0,10,24,10998653640655906381,100,1600,8,1021,3.19,8.0,cached,float32,1,0.3326797385620915,225.31855442234064,0.14435090787621438,18.47691620815544,3.2394145972877673,3.2842279379200314,1,1.0,0,0.3245717999525368
n,100.0,10,25,14605427617285781231,100,1600,8,1021,3.19,8.0,cached,float32,1,0.3326797385620915,225.31855442234064,0.14435090787621438,18.47691620815544,3.2394145972877673,3.2842279379200314,1,1.0,0,0.3193769999779761
n,100.0,10,26,16198420542830163604,100,1600,8,1021,3.19,8.0,cached,float32,1,0.3326797385620915,225.31855442234064,0.14435090787621438,18.47691620815544,3.2394145972877673,3.2842279379200314,1,1.0,0,0.3212007998954505
n,100.0,10,27,4997449894497614369,100,1600,8,1021,3.19,8.0,cached,float32,1,0.3326797385620915,225.31855442234064,0.14435090787621438,18.47691620815544,3.2394145972877673,3.2842279379200314,1,1.0,0,0.3243594999657944
n,100.0,10,28,17300287418781347737,100,1600,8,1021,3.19,8.0,cached,float32,1,0.3326797385620915,225.31855442234064,0.14435090787621438,18.47691620815544,3.2394145972877673,3.2842279379200314,1,1.0,0,0.3244900999125093
n,100.0,10,29,13356875854592400278,100,1600,8,1021,3.19,8.0,cached,float32,1,0.3326797385620915,225.31855442234064,0.14435090787621438,18.47691620815544,3.2394145972877673,3.2842279379200314,1,1.0,0,0.3233101998921484
n,100.0,10,30,13926677928969292079,100,1600,8,1021,3.19,8.0,cached,float32,1,0.3326797385620915,225.31855442234064,0.14435090787621438,18.47691620815544,3.2394145972877673,3.2842279379200314,1,1.0,0,0.319482299964875
n,100.0,10,31,4204160989905074939,100,1600,8,1021,3.19,8.0,cached,float32,1,0.3326797385620915,225.31855442234064,0.14435090787621438,18.47691620815544,3.2394145972877673,3.2842279379200314,1,1.0,0,0.32218010001815856
n,100.0,10,32,15199849113936915418,100,1600,8,1021,3.19,8.0,cached,float32,1,0.3326797385620915,225.31855442234064,0.14435090787621438,18.47691620815544,3.2394145972877673,3.2842279379200314,1,1.0,0,0.322374299983494
n,100.0,10,33,9082341962393194899,100,1600,8,1021,3.19,8.0,cached,float32,1,0.3326797385620915,225.31855442234064,0.14435090787621438,18.47691620815544,3.2394145972877673,3.2842279379200314,1,1.0,0,0.345990699948743
n,100.0,10,34,6742891586933485081,100,1600,8,1021,3.19,8.0,cached,float32,1,0.3326797385620915,225.31855442234064,0.14435090787621438,18.47691620815544,3.2394145972877673,3.2842279379200314,1,1.0,0,0.32867479999549687
n,100.0,10,35,8868919194378476343,100,1600,8,1021,3.19,8.0,cached,float32,1,0.3326797385620915,225.31855442234064,0.14435090787621438,18.47691620815544,3.2394145972877673,3.2842279379200314,1,1.0,0,0.31995849998202175
n,100.0,10,36,11475170879232007924,100,1600,8,1021,3.19,8.0,cached,float32,1,0.3326797385620915,225.31855442234064,0.14435090787621438,18.47691620815544,3.2394145972877673,3.2842279379200314,1,1.0,0,0.32540710002649575
n,100.0,10,37,9364812311321642206,100,1600,8,1021,3.19,8.0,cached,float32,1,0.3326797385620915,225.31855442234064,0.14435090787621438,18.47691620815544,3.2394145972877673,3.2842279379200314,1,1.0,0,0.32037720002699643
n,100.0,10,38,11122989729977856495,100,1600,8,1021,3.19,8.0,cached,float32,1,0.3326797385620915,225.31855442234064,0.14435090787621438,18.47691620815544,3.2394145972877673,3.2842279379200314,1,1.0,0,0.320791499922052
n,100.0,10,39,11312481038481314160,100,1600,8,1021,3.19,8.0,cached,float32,1,0.3326797385620915,225.31855442234064,0.14435090787621438,18.47691620815544,3.2394145972877673,3.2842279379200314,1,1.0,0,0.32922110008075833
n,100.0,10,40,7865836578484485780,100,1600,8,1021,3.19,8.0,cached,float32,1,0.3326797385620915,225.31855442234064,0.14435090787621438,18.47691620815544,3.2394145972877673,3.2842279379200314,1,1.0,0,0.32714960002340376
n,100.0,10,41,16103591575754264137,100,1600,8,1021,3.19,8.0,cached,float32,1,0.3326797385620915,225.31855442234064,0.14435090787621438,18.47691620815544,3.2394145972877673,3.2842279379200314,1,1.0,0,0.3398369000060484
n,100.0,10,42,261196729945758148,100,1600,8,1021,3.19,8.0,cached,float32,1,0.3326797385620915,225.31855442234064,0.14435090787621438,18.47691620815544,3.2394145972877673,3.2842279379200314,1,1.0,0,0.3245675000362098
n,100.0,10,43,13732431144825895959,100,1600,8,1021,3.19,8.0,cached,float32,1,0.3326797385620915,225.31855442234064,0.14435090787621438,18.47691620815544,3.2394145972877673,3.2842279379200314,1,1.0,0,0.32443949999287724
n,100.0,10,44,2925333279584194781,100,1600,8,1021,3.19,8.0,cached,float32,1,0.3326797385620915,225.31855442234064,0.14435090787621438,18.47691620815544,3.2394145972877673,3.2842279379200314,1,1.0,0,0.3206985000288114
n,100.0,10,45,4172095092784317095,100,1600,8,1021,3.19,8.0,cached,float32,1,0.3326797385620915,225.31855442234064,0.14435090787621438,18.47691620815544,3.2394145972877673,3.2842279379200314,1,1.0,0,0.3262325000250712
n,100.0,10,46,6262560887035938167,100,1600,8,1021,3.19,8.0,cached,float32,1,0.3326797385620915,225.31855442234064,0.14435090787621438,18.47691620815544,3.2394145972877673,3.2842279379200314,1,1.0,0,0.32817799993790686
n,100.0,10,47,3698145435564705242,100,1600,8,1021,3.19,8.0,cached,float32,1,0.3326797385620915,225.31855442234064,0.14435090787621438,18.47691620815544,3.2394145972877673,3.2842279379200314,1,1.0,0,0.32126979995518923
n,100.0,10,48,10692432244804704050,100,1600,8,1021,3.19,8.0,cached,float32,1,0.3326797385620915,225.31855442234064,0.14435090787621438,18.47691620815544,3.2394145972877673,3.2842279379200314,1,1.0,0,0.3250506999902427
n,100.0,10,49,17076553165198161643,100,1600,8,1021,3.19,8.0,cached,float32,1,0.3326797385620915,225.31855442234064,0.14435090787621438,18.47691620815544,3.2394145972877673,3.2842279379200314,1,1.0,0,0.3241633999859914
n,100.0,10,50,5716709429409964958,100,1600,8,1021,3.19,8.0,cached,float32,1,0.3326797385620915,225.31855442234064,0.14435090787621438,18.47691620815544,3.2394145972877673,3.2842279379200314,1,1.0,0,0.31798120005987585
n,100.0,10,51,10157212306062347993,100,1600,8,1021,3.19,8.0,cached,float32,1,0.3326797385620915,225.31855442234064,0.14435090787621438,18.47691620815544,3.2394145972877673,3.2842279379200314,1,1.0,0,0.32164979993831366
n,100.0,10,52,17722245605533860973,100,1600,8,1021,3.19,8.0,cached,float32,1,0.3326797385620915,225.31855442234064,0.14435090787621438,18.47691620815544,3.2394145972877673,3.2842279379200314,1,1.0,0,0.32486679998692125
n,100.0,10,53,11408536756921238051,100,1600,8,1021,3.19,8.0,cached,float32,1,0.3326797385620915,225.31855442234064,0.14435090787621438,18.47691620815544,3.2394145972877673,3.2842279379200314,1,1.0,0,0.323177200043574
n,100.0,10,54,14795730940500169793,100,1600,8,1021,3.19,8.0,cached,float32,1,0.3326797385620915,225.31855442234064,0.14435090787621438,18.47691620815544,3.2394145972877673,3.2842279379200314,1,1.0,0,0.31899170007091016
n,100.0,10,55,91028512386401785,100,1600,8,1021,3.19,8.0,cached,float32,1,0.3326797385620915,225.31855442234064,0.14435090787621438,18.47691620815544,3.2394145972877673,3.2842279379200314,1,1.0,0,0.3218811000697315
n,100.0,10,56,14169253456823831782,100,1600,8,1021,3.19,8.0,cached,float32,1,0.3326797385620915,225.31855442234064,0.14435090787621438,18.47691620815544,3.2394145972877673,3.2842279379200314,1,1.0,0,0.32224210002459586
n,100.0,10,57,13719336661589914921,100,1600,8,1021,3.19,8.0,cached,float32,1,0.3326797385620915,225.31855442234064,0.14435090787621438,18.47691620815544,3.2394145972877673,3.2842279379200314,1,1.0,0,0.3754944000393152
n,100.0,10,58,1489469929715370192,100,1600,8,1021,3.19,8.0,cached,float32,1,0.3326797385620915,225.31855442234064,0.14435090787621438,18.47691620815544,3.2394145972877673,3.2842279379200314,1,1.0,0,0.3279231999767944
n,100.0,10,59,2162773108493486339,100,1600,8,1021,3.19,8.0,cached,float32,1,0.3326797385620915,225.31855442234064,0.14435090787621438,18.47691620815544,3.2394145972877673,3.2842279379200314,1,1.0,0,0.32396730000618845
n,100.0,10,60,9463013199565120688,100,1600,8,1021,3.19,8.0,cached,float32,1,0.3326797385620915,225.31855442234064,0.14435090787621438,18.47691620815544,3.2394145972877673,3.2842279379200314,1,1.0,0,0.32436590001452714
n,100.0,10,61,17158491943974028666,100,1600,8,1021,3.19,8.0,cached,float32,1,0.3326797385620915,225.31855442234064,0.14435090787621438,18.47691620815544,3.2394145972877673,3.2842279379200314,1,1.0,0,0.32454399997368455
n,100.0,10,62,10874608073021994052,100,1600,8,1021,3.19,8.0,cached,float32,1,0.3326797385620915,225.31855442234064,0.14435090787621438,18.47691620815544,3.2394145972877673,3.2842279379200314,1,1.0,0,0.3252669000066817
n,100.0,10,63,6126894923963959165,100,1600,8,1021,3.19,8.0,cached,float32,1,0.3326797385620915,225.31855442234064,0.14435090787621438,18.47691620815544,3.2394145972877673,3.2842279379200314,1,1.0,0,0.3213818999938667
n,100.0,10,64,17563947203231952625,100,1600,8,1021,3.19,8.0,cached,float32,1,0.3326797385620915,225.31855442234064,0.14435090787621438,18.47691620815544,3.2394145972877673,3.2842279379200314,1,1.0,0,0.3306449999799952
n,100.0,10,65,9763263895257036455,100,1600,8,1021,3.19,8.0,cached,float32,1,0.3326797385620915,225.31855442234064,0.14435090787621438,18.47691620815544,3.2394145972877673,3.2842279379200314,1,1.0,0,0.3214713999768719
n,100.0,10,66,15080961447496982451,100,1600,8,1021,3.19,8.0,cached,float32,1,0.3326797385620915,225.31855442234064,0.14435090787621438,18.47691620815544,3.2394145972877673,3.2842279379200314,1,1.0,0,0.32212399994023144
n,100.0,10,67,2882917646321325476,100,1600,8,1021,3.19,8.0,cached,float32,1,0.3326797385620915,225.31855442234064,0.14435090787621438,18.47691620815544,3.2394145972877673,3.2842279379200314,1,1.0,0,0.3253030999330804
n,100.0,10,68,7344454110131410331,100,1600,8,1021,3.19,8.0,cached,float32,1,0.3326797385620915,225.31855442234064,0.14435090787621438,18.47691620815544,3.2394145972877673,3.2842279379200314,1,1.0,0,0.3179279000032693
n,100.0,10,69,4842680854101879175,100,1600,8,1021,3.19,8.0,cached,float32,1,0.3326797385620915,225.31855442234064,0.14435090787621438,18.47691620815544,3.2394145972877673,3.2842279379200314,1,1.0,0,0.3214562999783084
n,100.0,10,70,5488821270391046123,100,1600,8,1021,3.19,8.0,cached,float32,1,0.3326797385620915,225.31855442234064,0.14435090787621438,18.47691620815544,3.2394145972877673,3.2842279379200314,1,1.0,0,0.3212530000600964
n,100.0,10,71,17720695150286574468,100,1600,8,1021,3.19,8.0,cached,float32,1,0.3326797385620915,225.31855442234064,0.14435090787621438,18.47691620815544,3.2394145972877673,3.2842279379200314,1,1.0,0,0.32789069996215403
n,100.0,10,72,12255221746385316860,100,1600,8,1021,3.19,8.0,cached,float32,1,0.3326797385620915,225.31855442234064,0.14435090787621438,18.47691620815544,3.2394145972877673,3.2842279379200314,1,1.0,0,0.3461864999262616
n,100.0,10,73,3486758228325312982,100,1600,8,1021,3.19,8.0,cached,float32,1,0.3326797385620915,225.31855442234064,0.14435090787621438,18.47691620815544,3.2394145972877673,3.2842279379200314,1,1.0,0,0.32452810008544475
n,100.0,10,74,4004255660790131759,100,1600,8,1021,3.19,8.0,cached,float32,1,0.3326797385620915,225.31855442234064,0.14435090787621438,18.47691620815544,3.2394145972877673,3.2842279379200314,1,1.0,0,0.3194702999899164
n,100.0,10,75,12204719564576634141,100,1600,8,1021,3.19,8.0,cached,float32,1,0.3326797385620915,225.31855442234064,0.14435090787621438,18.47691620815544,3.2394145972877673,3.2842279379200314,1,1.0,0,0.3214838000712916
n,100.0,10,76,10896484699360736797,100,1600,8,1021,3.19,8.0,cached,float32,1,0.3326797385620915,225.31855442234064,0.14435090787621438,18.47691620815544,3.2394145972877673,3.2842279379200314,1,1.0,0,0.3269537000451237
n,100.0,10,77,10077451832658013276,100,1600,8,1021,3.19,8.0,cached,float32,1,0.3326797385620915,225.31855442234064,0.14435090787621438,18.47691620815544,3.2394145972877673,3.2842279379200314,0,0.99,1,0.3247601999901235
n,100.0,10,78,17556409085615277668,100,1600,8,1021,3.19,8.0,cached,float32,1,0.3326797385620915,225.31855442234064,0.14435090787621438,18.47691620815544,3.2394145972877673,3.2842279379200314,1,1.0,0,0.31892709992825985
n,100.0,10,79,16218185255095794922,100,1600,8,1021,3.19,8.0,cached,float32,1,0.3326797385620915,225.31855442234064,0.14435090787621438,18.47691620815544,3.2394145972877673,3.2842279379200314,1,1.0,0,0.32418420002795756
n,100.0,10,80,5613596533219827504,100,1600,8,1021,3.19,8.0,cached,float32,1,0.3326797385620915,225.31855442234064,0.14435090787621438,18.47691620815544,3.2394145972877673,3.2842279379200314,1,1.0,0,0.3193595999618992
n,100.0,10,81,8830493932823611246,100,1600,8,1021,3.19,8.0,cached,float32,1,0.3326797385620915,225.31855442234064,0.14435090787621438,18.47691620815544,3.2394145972877673,3.2842279379200314,1,1.0,0,0.3199300999986008
n,100.0,10,82,18397809462103671363,100,1600,8,1021,3.19,8.0,cached,float32,1,0.3326797385620915,225.31855442234064,0.14435090787621438,18.47691620815544,3.2394145972877673,3.2842279379200314,1,1.0,0,0.32900329993572086
n,100.0,10,83,18224065486245183891,100,1600,8,1021,3.19,8.0,cached,float32,1,0.3326797385620915,225.31855442234064,0.14435090787621438,18.47691620815544,3.2394145972877673,3.2842279379200314,1,1.0,0,0.34627030009869486
n,100.0,10,84,7567036653982397928,100,1600,8,1021,3.19,8.0,cached,float32,1,0.3326797385620915,225.31855442234064,0.14435090787621438,18.47691620815544,3.2394145972877673,3.2842279379200314,1,1.0,0,0.3249129999894649
n,100.0,10,85,14329877254649751981,100,1600,8,1021,3.19,8.0,cached,float32,1,0.3326797385620915,225.31855442234064,0.14435090787621438,18.47691620815544,3.2394145972877673,3.2842279379200314,1,1.0,0,0.3293638000031933
n,100.0,10,86,3585655328357904547,100,1600,8,1021,3.19,8.0,cached,float32,1,0.3326797385620915,225.31855442234064,0.14435090787621438,18.47691620815544,3.2394145972877673,3.2842279379200314,1,1.0,0,0.3194459000369534
n,100.0,10,87,7129179958408258605,100,1600,8,1021,3.19,8.0,cached,float32,1,0.3326797385620915,225.31855442234064,0.14435090787621438,18.47691620815544,3.2394145972877673,3.2842279379200314,1,1.0,0,0.3231894000200555
n,100.0,10,88,13205609373685556278,100,1600,8,1021,3.19,8.0,cached,float32,1,0.3326797385620915,225.31855442234064,0.14435090787621438,18.47691620815544,3.2394145972877673,3.2842279379200314,1,1.0,0,0.32689389993902296
n,100.0,10,89,5454392713756289858,100,1600,8,1021,3.19,8.0,cached,float32,1,0.3326797385620915,225.31855442234064,0.14435090787621438,18.47691620815544,3.2394145972877673,3.2842279379200314,1,1.0,0,0.32103770005051047
n,100.0,10,90,15205073120599413390,100,1600,8,1021,3.19,8.0,cached,float32,1,0.3326797385620915,225.31855442234064,0.14435090787621438,18.47691620815544,3.2394145972877673,3.2842279379200314,1,1.0,0,0.31954419997055084
n,100.0,10,91,3237394760658794641,100,1600,8,1021,3.19,8.0,cached,float32,1,0.3326797385620915,225.31855442234064,0.14435090787621438,18.47691620815544,3.2394145972877673,3.2842279379200314,1,1.0,0,0.322667200001888
n,100.0,10,92,1658130700142511396,100,1600,8,1021,3.19,8.0,cached,float32,1,0.3326797385620915,225.31855442234064,0.14435090787621438,18.47691620815544,3.2394145972877673,3.2842279379200314,1,1.0,0,0.32255409995559603
n,100.0,10,93,12831296631875286549,100,1600,8,1021,3.19,8.0,cached,float32,1,0.3326797385620915,225.31855442234064,0.14435090787621438,18.47691620815544,3.2394145972877673,3.2842279379200314,1,1.0,0,0.3221594999777153
n,100.0,10,94,15561776342595554661,100,1600,8,1021,3.19,8.0,cached,float32,1,0.3326797385620915,225.31855442234064,0.14435090787621438,18.47691620815544,3.2394145972877673,3.2842279379200314,1,1.0,0,0.3281407000031322
n,100.0,10,95,5148174101488370618,100,1600,8,1021,3.19,8.0,cached,float32,1,0.3326797385620915,225.31855442234064,0.14435090787621438,18.47691620815544,3.2394145972877673,3.2842279379200314,1,1.0,0,0.3246973999775946
n,100.0,10,96,18026318655760156388,100,1600,8,1021,3.19,8.0,cached,float32,1,0.3326797385620915,225.31855442234064,0.14435090787621438,18.47691620815544,3.2394145972877673,3.2842279379200314,1,1.0,0,0.33114090003073215
n,100.0,10,97,4732122829630827069,100,1600,8,1021,3.19,8.0,cached,float32,1,0.3326797385620915,225.31855442234064,0.14435090787621438,18.47691620815544,3.2394145972877673,3.2842279379200314,1,1.0,0,0.3266574000008404
n,100.0,10,98,9656777913705023450,100,1600,8,1021,3.19,8.0,cached,float32,1,0.3326797385620915,225.31855442234064,0.14435090787621438,18.47691620815544,3.2394145972877673,3.2842279379200314,1,1.0,0,0.3173306999960914
n,100.0,10,99,10324525283716811506,100,1600,8,1021,3.19,8.0,cached,float32,1,0.3326797385620915,225.31855442234064,0.14435090787621438,18.47691620815544,3.2394145972877673,3.2842279379200314,1,1.0,0,0.32079359993804246
n,125.0,11,0,8284792841141812970,125,1600,8,1021,3.19,8.0,cached,float32,1,0.3326797385620915,225.31855442234064,0.14435090787621438,14.781532966524352,2.4939627897758663,2.528463715997533,1,1.0,0,0.32434679998550564
n,125.0,11,1,16260138640733776044,125,1600,8,1021,3.19,8.0,cached,float32,1,0.3326797385620915,225.31855442234064,0.14435090787621438,14.781532966524352,2.4939627897758663,2.528463715997533,1,1.0,0,0.32287280005402863
n,125.0,11,2,7131117888785869343,125,1600,8,1021,3.19,8.0,cached,float32,1,0.3326797385620915,225.31855442234064,0.14435090787621438,14.781532966524352,2.4939627897758663,2.528463715997533,1,1.0,0,0.32113239995669574
n,125.0,11,3,16269157257754593614,125,1600,8,1021,3.19,8.0,cached,float32,1,0.3326797385620915,225.31855442234064,0.14435090787621438,14.781532966524352,2.4939627897758663,2.528463715997533,1,1.0,0,0.3229423000011593
n,125.0,11,4,12183822930150585833,125,1600,8,1021,3.19,8.0,cached,float32,1,0.3326797385620915,225.31855442234064,0.14435090787621438,14.781532966524352,2.4939627897758663,2.528463715997533,1,1.0,0,0.35053910000715405
n,125.0,11,5,712491607721562757,125,1600,8,1021,3.19,8.0,cached,float32,1,0.3326797385620915,225.31855442234064,0.14435090787621438,14.781532966524352,2.4939627897758663,2.528463715997533,1,1.0,0,0.3207337000640109
n,125.0,11,6,4292217749156035175,125,1600,8,1021,3.19,8.0,cached,float32,1,0.3326797385620915,225.31855442234064,0.14435090787621438,14.781532966524352,2.4939627897758663,2.528463715997533,1,1.0,0,0.3281748000299558
n,125.0,11,7,17217667002595524784,125,1600,8,1021,3.19,8.0,cached,float32,1,0.3326797385620915,225.31855442234064,0.14435090787621438,14.781532966524352,2.4939627897758663,2.528463715997533,0,0.992,2,0.3258013000013307
n,125.0,11,8,14466135220267056180,125,1600,8,1021,3.19,8.0,cached,float32,1,0.3326797385620915,225.31855442234064,0.14435090787621438,14.781532966524352,2.4939627897758663,2.528463715997533,1,1.0,0,0.32584559998940676
n,125.0,11,9,11596515853635580869,125,1600,8,1021,3.19,8.0,cached,float32,1,0.3326797385620915,225.31855442234064,0.14435090787621438,14.781532966524352,2.4939627897758663,2.528463715997533,1,1.0,0,0.3233893000287935
n,125.0,11,10,2429170508853270107,125,1600,8,1021,3.19,8.0,cached,float32,1,0.3326797385620915,225.31855442234064,0.14435090787621438,14.781532966524352,2.4939627897758663,2.528463715997533,1,1.0,0,0.3227377000730485
n,125.0,11,11,6473588386864210584,125,1600,8,1021,3.19,8.0,cached,float32,1,0.3326797385620915,225.31855442234064,0.14435090787621438,14.781532966524352,2.4939627897758663,2.528463715997533,1,1.0,0,0.3227908000117168
n,125.0,11,12,3261779842892261113,125,1600,8,1021,3.19,8.0,cached,float32,1,0.3326797385620915,225.31855442234064,0.14435090787621438,14.781532966524352,2.4939627897758663,2.528463715997533,0,0.992,2,0.32443260005675256
n,125.0,11,13,2774297267956869801,125,1600,8,1021,3.19,8.0,cached,float32,1,0.3326797385620915,225.31855442234064,0.14435090787621438,14.781532966524352,2.4939627897758663,2.528463715997533,1,1.0,0,0.33182189997751266
n,125.0,11,14,18060588268134412471,125,1600,8,1021,3.19,8.0,cached,float32,1,0.3326797385620915,225.31855442234064,0.14435090787621438,14.781532966524352,2.4939627897758663,2.528463715997533,1,1.0,0,0.32415530004072934
n,125.0,11,15,13248558125120729961,125,1600,8,1021,3.19,8.0,cached,float32,1,0.3326797385620915,225.31855442234064,0.14435090787621438,14.781532966524352,2.4939627897758663,2.528463715997533,1,1.0,0,0.32304990000557154
n,125.0,11,16,18196012332330737557,125,1600,8,1021,3.19,8.0,cached,float32,1,0.3326797385620915,225.31855442234064,0.14435090787621438,14.781532966524352,2.4939627897758663,2.528463715997533,0,0.992,5,0.32309689989779145
n,125.0,11,17,6438655854541273273,125,1600,8,1021,3.19,8.0,cached,float32,1,0.3326797385620915,225.31855442234064,0.14435090787621438,14.781532966524352,2.4939627897758663,2.528463715997533,1,1.0,0,0.3187410000246018
n,125.0,11,18,14422004355647696264,125,1600,8,1021,3.19,8.0,cached,float32,1,0.3326797385620915,225.31855442234064,0.14435090787621438,14.781532966524352,2.4939627897758663,2.528463715997533,1,1.0,0,0.3240999000845477
n,125.0,11,19,843377786520044186,125,1600,8,1021,3.19,8.0,cached,float32,1,0.3326797385620915,225.31855442234064,0.14435090787621438,14.781532966524352,2.4939627897758663,2.528463715997533,1,1.0,0,0.3303757000248879
n,125.0,11,20,3179241890865962284,125,1600,8,1021,3.19,8.0,cached,float32,1,0.3326797385620915,225.31855442234064,0.14435090787621438,14.781532966524352,2.4939627897758663,2.528463715997533,1,1.0,0,0.32285580004099756
n,125.0,11,21,14867122638499333095,125,1600,8,1021,3.19,8.0,cached,float32,1,0.3326797385620915,225.31855442234064,0.14435090787621438,14.781532966524352,2.4939627897758663,2.528463715997533,1,1.0,0,0.32674849999602884
n,125.0,11,22,17769745089258148778,125,1600,8,1021,3.19,8.0,cached,float32,1,0.3326797385620915,225.31855442234064,0.14435090787621438,14.781532966524352,2.4939627897758663,2.528463715997533,1,1.0,0,0.3296066999901086
n,125.0,11,23,724624263649676885,125,1600,8,1021,3.19,8.0,cached,float32,1,0.3326797385620915,225.31855442234064,0.14435090787621438,14.781532966524352,2.4939627897758663,2.528463715997533,1,1.0,0,0.32326089998241514
n,125.0,11,24,17557155674172528919,125,1600,8,1021,3.19,8.0,cached,float32,1,0.3326797385620915,225.31855442234064,0.14435090787621438,14.781532966524352,2.4939627897758663,2.528463715997533,1,1.0,0,0.31873639998957515
n,125.0,11,25,15907444317182369021,125,1600,8,1021,3.19,8.0,cached,float32,1,0.3326797385620915,225.31855442234064,0.14435090787621438,14.781532966524352,2.4939627897758663,2.528463715997533,1,1.0,0,0.32401490001939237
n,125.0,11,26,7999898167371805604,125,1600,8,1021,3.19,8.0,cached,float32,1,0.3326797385620915,225.31855442234064,0.14435090787621438,14.781532966524352,2.4939627897758663,2.528463715997533,1,1.0,0,0.3569287999998778
n,125.0,11,27,2655537400669245884,125,1600,8,1021,3.19,8.0,cached,float32,1,0.3326797385620915,225.31855442234064,0.14435090787621438,14.781532966524352,2.4939627897758663,2.528463715997533,1,1.0,0,0.32488810003269464
n,125.0,11,28,14143922280237010829,125,1600,8,1021,3.19,8.0,cached,float32,1,0.3326797385620915,225.31855442234064,0.14435090787621438,14.781532966524352,2.4939627897758663,2.528463715997533,1,1.0,0,0.32339120004326105
n,125.0,11,29,9698664173780326693,125,1600,8,1021,3.19,8.0,cached,float32,1,0.3326797385620915,225.31855442234064,0.14435090787621438,14.781532966524352,2.4939627897758663,2.528463715997533,1,1.0,0,0.32128730008844286
n,125.0,11,30,10734010054185168303,125,1600,8,1021,3.19,8.0,cached,float32,1,0.3326797385620915,225.31855442234064,0.14435090787621438,14.781532966524352,2.4939627897758663,2.528463715997533,1,1.0,0,0.3239133999450132
n,125.0,11,31,18303987201390492872,125,1600,8,1021,3.19,8.0,cached,float32,1,0.3326797385620915,225.31855442234064,0.14435090787621438,14.781532966524352,2.4939627897758663,2.528463715997533,1,1.0,0,0.3295999000547454
n,125.0,11,32,17450243793637036912,125,1600,8,1021,3.19,8.0,cached,float32,1,0.3326797385620915,225.31855442234064,0.14435090787621438,14.781532966524352,2.4939627897758663,2.528463715997533,1,1.0,0,0.32705039996653795
n,125.0,11,33,5659590769958663475,125,1600,8,1021,3.19,8.0,cached,float32,1,0.3326797385620915,225.31855442234064,0.14435090787621438,14.781532966524352,2.4939627897758663,2.528463715997533,1,1.0,0,0.32699899992439896
n,125.0,11,34,12378873831882447412,125,1600,8,1021,3.19,8.0,cached,float32,1,0.3326797385620915,225.31855442234064,0.14435090787621438,14.781532966524352,2.4939627897758663,2.528463715997533,1,1.0,0,0.32290579995606095
n,125.0,11,35,7839152833988886966,125,1600,8,1021,3.19,8.0,cached,float32,1,0.3326797385620915,225.31855442234064,0.14435090787621438,14.781532966524352,2.4939627897758663,2.528463715997533,1,1.0,0,0.32101920002605766
n,125.0,11,36,6606799806004516413,125,1600,8,1021,3.19,8.0,cached,float32,1,0.3326797385620915,225.31855442234064,0.14435090787621438,14.781532966524352,2.4939627897758663,2.528463715997533,1,1.0,0,0.3293814000207931
n,125.0,11,37,28154316633579587,125,1600,8,1021,3.19,8.0,cached,float32,1,0.3326797385620915,225.31855442234064,0.14435090787621438,14.781532966524352,2.4939627897758663,2.528463715997533,1,1.0,0,0.32325360004324466
n,125.0,11,38,12828337948290675857,125,1600,8,1021,3.19,8.0,cached,float32,1,0.3326797385620915,225.31855442234064,0.14435090787621438,14.781532966524352,2.4939627897758663,2.528463715997533,0,0.992,7,0.3235813999781385
n,125.0,11,39,1599405104717411861,125,1600,8,1021,3.19,8.0,cached,float32,1,0.3326797385620915,225.31855442234064,0.14435090787621438,14.781532966524352,2.4939627897758663,2.528463715997533,1,1.0,0,0.31864469998981804
n,125.0,11,40,7703579020230612821,125,1600,8,1021,3.19,8.0,cached,float32,1,0.3326797385620915,225.31855442234064,0.14435090787621438,14.781532966524352,2.4939627897758663,2.528463715997533,1,1.0,0,0.3230162000982091
n,125.0,11,41,16675222553271965181,125,1600,8,1021,3.19,8.0,cached,float32,1,0.3326797385620915,225.31855442234064,0.14435090787621438,14.781532966524352,2.4939627897758663,2.528463715997533,1,1.0,0,0.32311310002114624
n,125.0,11,42,8661090308417453294,125,1600,8,1021,3.19,8.0,cached,float32,1,0.3326797385620915,225.31855442234064,0.14435090787621438,14.781532966524352,2.4939627897758663,2.528463715997533,1,1.0,0,0.32917050004471093
n,125.0,11,43,10658079467182343124,125,1600,8,1021,3.19,8.0,cached,float32,1,0.3326797385620915,225.31855442234064,0.14435090787621438,14.781532966524352,2.4939627897758663,2.528463715997533,1,1.0,0,0.32682269997894764
n,125.0,11,44,4103774130852270177,125,1600,8,1021,3.19,8.0,cached,float32,1,0.3326797385620915,225.31855442234064,0.14435090787621438,14.781532966524352,2.4939627897758663,2.528463715997533,1,1.0,0,0.34705189999658614
n,125.0,11,45,9248308460852766612,125,1600,8,1021,3.19,8.0,cached,float32,1,0.3326797385620915,225.31855442234064,0.14435090787621438,14.781532966524352,2.4939627897758663,2.528463715997533,0,0.992,1,0.3218799000605941
n,125.0,11,46,208773489483325207,125,1600,8,1021,3.19,8.0,cached,float32,1,0.3326797385620915,225.31855442234064,0.14435090787621438,14.781532966524352,2.4939627897758663,2.528463715997533,1,1.0,0,0.32596509996801615
n,125.0,11,47,8367007439109923281,125,1600,8,1021,3.19,8.0,cached,float32,1,0.3326797385620915,225.31855442234064,0.14435090787621438,14.781532966524352,2.4939627897758663,2.528463715997533,1,1.0,0,0.3200748000526801
n,125.0,11,48,15943776650965000705,125,1600,8,1021,3.19,8.0,cached,float32,1,0.3326797385620915,225.31855442234064,0.14435090787621438,14.781532966524352,2.4939627897758663,2.528463715997533,1,1.0,0,0.34147200000006706
n,125.0,11,49,3506118155736277824,125,1600,8,1021,3.19,8.0,cached,float32,1,0.3326797385620915,225.31855442234064,0.14435090787621438,14.781532966524352,2.4939627897758663,2.528463715997533,1,1.0,0,0.32413740002084523
n,125.0,11,50,8158396405883275807,125,1600,8,1021,3.19,8.0,cached,float32,1,0.3326797385620915,225.31855442234064,0.14435090787621438,14.781532966524352,2.4939627897758663,2.528463715997533,1,1.0,0,0.3290264999959618
n,125.0,11,51,10105823865349640602,125,1600,8,1021,3.19,8.0,cached,float32,1,0.3326797385620915,225.31855442234064,0.14435090787621438,14.781532966524352,2.4939627897758663,2.528463715997533,1,1.0,0,0.32073359994683415
n,125.0,11,52,8939353064372832657,125,1600,8,1021,3.19,8.0,cached,float32,1,0.3326797385620915,225.31855442234064,0.14435090787621438,14.781532966524352,2.4939627897758663,2.528463715997533,1,1.0,0,0.3220382999861613
n,125.0,11,53,5598662920156889254,125,1600,8,1021,3.19,8.0,cached,float32,1,0.3326797385620915,225.31855442234064,0.14435090787621438,14.781532966524352,2.4939627897758663,2.528463715997533,1,1.0,0,0.3211050000973046
n,125.0,11,54,2613350282737085955,125,1600,8,1021,3.19,8.0,cached,float32,1,0.3326797385620915,225.31855442234064,0.14435090787621438,14.781532966524352,2.4939627897758663,2.528463715997533,1,1.0,0,0.3300248000305146
n,125.0,11,55,2938376978378193728,125,1600,8,1021,3.19,8.0,cached,float32,1,0.3326797385620915,225.31855442234064,0.14435090787621438,14.781532966524352,2.4939627897758663,2.528463715997533,1,1.0,0,0.3264213000657037
n,125.0,11,56,1349260662499214066,125,1600,8,1021,3.19,8.0,cached,float32,1,0.3326797385620915,225.31855442234064,0.14435090787621438,14.781532966524352,2.4939627897758663,2.528463715997533,1,1.0,0,0.32948909990955144
n,125.0,11,57,15604060378081053902,125,1600,8,1021,3.19,8.0,cached,float32,1,0.3326797385620915,225.31855442234064,0.14435090787621438,14.781532966524352,2.4939627897758663,2.528463715997533,1,1.0,0,0.3316943000536412
n,125.0,11,58,5915388267705932501,125,1600,8,1021,3.19,8.0,cached,float32,1,0.3326797385620915,225.31855442234064,0.14435090787621438,14.781532966524352,2.4939627897758663,2.528463715997533,1,1.0,0,0.3318770000478253
n,125.0,11,59,13207968113445573063,125,1600,8,1021,3.19,8.0,cached,float32,1,0.3326797385620915,225.31855442234064,0.14435090787621438,14.781532966524352,2.4939627897758663,2.528463715997533,1,1.0,0,0.32984050002414733
n,125.0,11,60,10168853772716994063,125,1600,8,1021,3.19,8.0,cached,float32,1,0.3326797385620915,225.31855442234064,0.14435090787621438,14.781532966524352,2.4939627897758663,2.528463715997533,1,1.0,0,0.3235122000332922
n,125.0,11,61,12493823288428591011,125,1600,8,1021,3.19,8.0,cached,float32,1,0.3326797385620915,225.31855442234064,0.14435090787621438,14.781532966524352,2.4939627897758663,2.528463715997533,1,1.0,0,0.327626199927181
n,125.0,11,62,17840755651300465796,125,1600,8,1021,3.19,8.0,cached,float32,1,0.3326797385620915,225.31855442234064,0.14435090787621438,14.781532966524352,2.4939627897758663,2.528463715997533,0,0.992,7,0.32333229994401336
n,125.0,11,63,10324665973409718592,125,1600,8,1021,3.19,8.0,cached,float32,1,0.3326797385620915,225.31855442234064,0.14435090787621438,14.781532966524352,2.4939627897758663,2.528463715997533,1,1.0,0,0.322469100006856
n,125.0,11,64,5750656320915973744,125,1600,8,1021,3.19,8.0,cached,float32,1,0.3326797385620915,225.31855442234064,0.14435090787621438,14.781532966524352,2.4939627897758663,2.528463715997533,0,0.992,4,0.32933560002129525
n,125.0,11,65,12346561197130661168,125,1600,8,1021,3.19,8.0,cached,float32,1,0.3326797385620915,225.31855442234064,0.14435090787621438,14.781532966524352,2.4939627897758663,2.528463715997533,1,1.0,0,0.3311942999716848
n,125.0,11,66,14566886987656350126,125,1600,8,1021,3.19,8.0,cached,float32,1,0.3326797385620915,225.31855442234064,0.14435090787621438,14.781532966524352,2.4939627897758663,2.528463715997533,1,1.0,0,0.3339556000428274
n,125.0,11,67,13287604536665082321,125,1600,8,1021,3.19,8.0,cached,float32,1,0.3326797385620915,225.31855442234064,0.14435090787621438,14.781532966524352,2.4939627897758663,2.528463715997533,1,1.0,0,0.33580380002968013
n,125.0,11,68,13789286450906874893,125,1600,8,1021,3.19,8.0,cached,float32,1,0.3326797385620915,225.31855442234064,0.14435090787621438,14.781532966524352,2.4939627897758663,2.528463715997533,1,1.0,0,0.32816899998579174
n,125.0,11,69,15866714779508738046,125,1600,8,1021,3.19,8.0,cached,float32,1,0.3326797385620915,225.31855442234064,0.14435090787621438,14.781532966524352,2.4939627897758663,2.528463715997533,1,1.0,0,0.33456999994814396
n,125.0,11,70,2174842413916532162,125,1600,8,1021,3.19,8.0,cached,float32,1,0.3326797385620915,225.31855442234064,0.14435090787621438,14.781532966524352,2.4939627897758663,2.528463715997533,1,1.0,0,0.32564000005368143
n,125.0,11,71,11257318749844811314,125,1600,8,1021,3.19,8.0,cached,float32,1,0.3326797385620915,225.31855442234064,0.14435090787621438,14.781532966524352,2.4939627897758663,2.528463715997533,1,1.0,0,0.3230091000441462
n,125.0,11,72,542856072762242430,125,1600,8,1021,3.19,8.0,cached,float32,1,0.3326797385620915,225.31855442234064,0.14435090787621438,14.781532966524352,2.4939627897758663,2.528463715997533,1,1.0,0,0.3212146000005305
n,125.0,11,73,15336574608736031627,125,1600,8,1021,3.19,8.0,cached,float32,1,0.3326797385620915,225.31855442234064,0.14435090787621438,14.781532966524352,2.4939627897758663,2.528463715997533,1,1.0,0,0.3283471999457106
n,125.0,11,74,1309739434339257007,125,1600,8,1021,3.19,8.0,cached,float32,1,0.3326797385620915,225.31855442234064,0.14435090787621438,14.781532966524352,2.4939627897758663,2.528463715997533,1,1.0,0,0.3202115000458434
n,125.0,11,75,6174392559571154034,125,1600,8,1021,3.19,8.0,cached,float32,1,0.3326797385620915,225.31855442234064,0.14435090787621438,14.781532966524352,2.4939627897758663,2.528463715997533,1,1.0,0,0.32754389999900013
n,125.0,11,76,4324364602653935687,125,1600,8,1021,3.19,8.0,cached,float32,1,0.3326797385620915,225.31855442234064,0.14435090787621438,14.781532966524352,2.4939627897758663,2.528463715997533,1,1.0,0,0.32306109997443855
n,125.0,11,77,5299236652553413120,125,1600,8,1021,3.19,8.0,cached,float32,1,0.3326797385620915,225.31855442234064,0.14435090787621438,14.781532966524352,2.4939627897758663,2.528463715997533,1,1.0,0,0.3244286000262946
n,125.0,11,78,7996698061107940995,125,1600,8,1021,3.19,8.0,cached,float32,1,0.3326797385620915,225.31855442234064,0.14435090787621438,14.781532966524352,2.4939627897758663,2.528463715997533,1,1.0,0,0.3322409000247717
n,125.0,11,79,6159309070794832562,125,1600,8,1021,3.19,8.0,cached,float32,1,0.3326797385620915,225.31855442234064,0.14435090787621438,14.781532966524352,2.4939627897758663,2.528463715997533,1,1.0,0,0.3293560000602156
n,125.0,11,80,17935850489964132236,125,1600,8,1021,3.19,8.0,cached,float32,1,0.3326797385620915,225.31855442234064,0.14435090787621438,14.781532966524352,2.4939627897758663,2.528463715997533,1,1.0,0,0.3260448999935761
n,125.0,11,81,4840003558204804347,125,1600,8,1021,3.19,8.0,cached,float32,1,0.3326797385620915,225.31855442234064,0.14435090787621438,14.781532966524352,2.4939627897758663,2.528463715997533,1,1.0,0,0.3296711000148207
n,125.0,11,82,16545070985917099492,125,1600,8,1021,3.19,8.0,cached,float32,1,0.3326797385620915,225.31855442234064,0.14435090787621438,14.781532966524352,2.4939627897758663,2.528463715997533,1,1.0,0,0.3262467000167817
n,125.0,11,83,11462199490513514693,125,1600,8,1021,3.19,8.0,cached,float32,1,0.3326797385620915,225.31855442234064,0.14435090787621438,14.781532966524352,2.4939627897758663,2.528463715997533,1,1.0,0,0.3238964999327436
n,125.0,11,84,7492489308536895883,125,1600,8,1021,3.19,8.0,cached,float32,1,0.3326797385620915,225.31855442234064,0.14435090787621438,14.781532966524352,2.4939627897758663,2.528463715997533,1,1.0,0,0.336773999966681
n,125.0,11,85,2028573608207680366,125,1600,8,1021,3.19,8.0,cached,float32,1,0.3326797385620915,225.31855442234064,0.14435090787621438,14.781532966524352,2.4939627897758663,2.528463715997533,0,0.992,1,0.3387577999383211
n,125.0,11,86,15729014597717293261,125,1600,8,1021,3.19,8.0,cached,float32,1,0.3326797385620915,225.31855442234064,0.14435090787621438,14.781532966524352,2.4939627897758663,2.528463715997533,1,1.0,0,0.33590349997393787
n,125.0,11,87,7275828446268619028,125,1600,8,1021,3.19,8.0,cached,float32,1,0.3326797385620915,225.31855442234064,0.14435090787621438,14.781532966524352,2.4939627897758663,2.528463715997533,1,1.0,0,0.34267050004564226
n,125.0,11,88,10278265895052026700,125,1600,8,1021,3.19,8.0,cached,float32,1,0.3326797385620915,225.31855442234064,0.14435090787621438,14.781532966524352,2.4939627897758663,2.528463715997533,1,1.0,0,0.3358991000568494
n,125.0,11,89,1027815124180383836,125,1600,8,1021,3.19,8.0,cached,float32,1,0.3326797385620915,225.31855442234064,0.14435090787621438,14.781532966524352,2.4939627897758663,2.528463715997533,1,1.0,0,0.3437385999131948
n,125.0,11,90,7803475183942208267,125,1600,8,1021,3.19,8.0,cached,float32,1,0.3326797385620915,225.31855442234064,0.14435090787621438,14.781532966524352,2.4939627897758663,2.528463715997533,1,1.0,0,0.3497549000894651
n,125.0,11,91,10454862380059255288,125,1600,8,1021,3.19,8.0,cached,float32,1,0.3326797385620915,225.31855442234064,0.14435090787621438,14.781532966524352,2.4939627897758663,2.528463715997533,1,1.0,0,0.32862209994345903
n,125.0,11,92,16683477397864617192,125,1600,8,1021,3.19,8.0,cached,float32,1,0.3326797385620915,225.31855442234064,0.14435090787621438,14.781532966524352,2.4939627897758663,2.528463715997533,1,1.0,0,0.3322600000537932
n,125.0,11,93,10918180795271668250,125,1600,8,1021,3.19,8.0,cached,float32,1,0.3326797385620915,225.31855442234064,0.14435090787621438,14.781532966524352,2.4939627897758663,2.528463715997533,1,1.0,0,0.33527719997800887
n,125.0,11,94,3887408500839453925,125,1600,8,1021,3.19,8.0,cached,float32,1,0.3326797385620915,225.31855442234064,0.14435090787621438,14.781532966524352,2.4939627897758663,2.528463715997533,1,1.0,0,0.33173179998993874
n,125.0,11,95,3481791163675119561,125,1600,8,1021,3.19,8.0,cached,float32,1,0.3326797385620915,225.31855442234064,0.14435090787621438,14.781532966524352,2.4939627897758663,2.528463715997533,1,1.0,0,0.32102060003671795
n,125.0,11,96,1446913720243749334,125,1600,8,1021,3.19,8.0,cached,float32,1,0.3326797385620915,225.31855442234064,0.14435090787621438,14.781532966524352,2.4939627897758663,2.528463715997533,1,1.0,0,0.33171650010626763
n,125.0,11,97,3510523401508349173,125,1600,8,1021,3.19,8.0,cached,float32,1,0.3326797385620915,225.31855442234064,0.14435090787621438,14.781532966524352,2.4939627897758663,2.528463715997533,1,1.0,0,0.32699870003852993
n,125.0,11,98,13369084928394905643,125,1600,8,1021,3.19,8.0,cached,float32,1,0.3326797385620915,225.31855442234064,0.14435090787621438,14.781532966524352,2.4939627897758663,2.528463715997533,1,1.0,0,0.32122410007286817
n,125.0,11,99,14744015968374225347,125,1600,8,1021,3.19,8.0,cached,float32,1,0.3326797385620915,225.31855442234064,0.14435090787621438,14.781532966524352,2.4939627897758663,2.528463715997533,1,1.0,0,0.32578840001951903
n,150.0,12,0,9545659089654858129,150,1600,8,1021,3.19,8.0,cached,float32,1,0.3326797385620915,225.31855442234064,0.14435090787621438,12.317944138770294,2.016278432310082,2.0441711794355197,1,1.0,0,0.3269724000710994
n,150.0,12,1,14380461658809882348,150,1600,8,1021,3.19,8.0,cached,float32,1,0.3326797385620915,225.31855442234064,0.14435090787621438,12.317944138770294,2.016278432310082,2.0441711794355197,1,1.0,0,0.3230531000299379
n,150.0,12,2,18200429017511177975,150,1600,8,1021,3.19,8.0,cached,float32,1,0.3326797385620915,225.31855442234064,0.14435090787621438,12.317944138770294,2.016278432310082,2.0441711794355197,0,0.9933333333333333,6,0.32894790009595454
n,150.0,12,3,10258628004417296687,150,1600,8,1021,3.19,8.0,cached,float32,1,0.3326797385620915,225.31855442234064,0.14435090787621438,12.317944138770294,2.016278432310082,2.0441711794355197,0,0.9933333333333333,9,0.32887379999738187
n,150.0,12,4,11164855652026781514,150,1600,8,1021,3.19,8.0,cached,float32,1,0.3326797385620915,225.31855442234064,0.14435090787621438,12.317944138770294,2.016278432310082,2.0441711794355197,1,1.0,0,0.3262990000657737
n,150.0,12,5,2905629011835347435,150,1600,8,1021,3.19,8.0,cached,float32,1,0.3326797385620915,225.31855442234064,0.14435090787621438,12.317944138770294,2.016278432310082,2.0441711794355197,1,1.0,0,0.3371759000001475
n,150.0,12,6,16205102553534655202,150,1600,8,1021,3.19,8.0,cached,float32,1,0.3326797385620915,225.31855442234064,0.14435090787621438,12.317944138770294,2.016278432310082,2.0441711794355197,0,0.9933333333333333,3,0.32750710006803274
n,150.0,12,7,10954817508293357333,150,1600,8,1021,3.19,8.0,cached,float32,1,0.3326797385620915,225.31855442234064,0.14435090787621438,12.317944138770294,2.016278432310082,2.0441711794355197,1,1.0,0,0.3252968000015244
n,150.0,12,8,5859991526506014475,150,1600,8,1021,3.19,8.0,cached,float32,1,0.3326797385620915,225.31855442234064,0.14435090787621438,12.317944138770294,2.016278432310082,2.0441711794355197,1,1.0,0,0.3259609000524506
n,150.0,12,9,6155791629534770673,150,1600,8,1021,3.19,8.0,cached,float32,1,0.3326797385620915,225.31855442234064,0.14435090787621438,12.317944138770294,2.016278432310082,2.0441711794355197,0,0.9933333333333333,4,0.3259371999884024
n,150.0,12,10,1354769749723048585,150,1600,8,1021,3.19,8.0,cached,float32,1,0.3326797385620915,225.31855442234064,0.14435090787621438,12.317944138770294,2.016278432310082,2.0441711794355197,1,1.0,0,0.32614010001998395
n,150.0,12,11,3575251909440021690,150,1600,8,1021,3.19,8.0,cached,float32,1,0.3326797385620915,225.31855442234064,0.14435090787621438,12.317944138770294,2.016278432310082,2.0441711794355197,0,0.9733333333333334,1,0.3401152000296861
n,150.0,12,12,12695878950773209557,150,1600,8,1021,3.19,8.0,cached,float32,1,0.3326797385620915,225.31855442234064,0.14435090787621438,12.317944138770294,2.016278432310082,2.0441711794355197,1,1.0,0,0.32759260002058
n,150.0,12,13,6815691567209732324,150,1600,8,1021,3.19,8.0,cached,float32,1,0.3326797385620915,225.31855442234064,0.14435090787621438,12.317944138770294,2.016278432310082,2.0441711794355197,1,1.0,0,0.3258417999604717
n,150.0,12,14,17948374662488751909,150,1600,8,1021,3.19,8.0,cached,float32,1,0.3326797385620915,225.31855442234064,0.14435090787621438,12.317944138770294,2.016278432310082,2.0441711794355197,1,1.0,0,0.3314162000315264
n,150.0,12,15,14107780601615519509,150,1600,8,1021,3.19,8.0,cached,float32,1,0.3326797385620915,225.31855442234064,0.14435090787621438,12.317944138770294,2.016278432310082,2.0441711794355197,1,1.0,0,0.32984849996864796
n,150.0,12,16,16330465526016568059,150,1600,8,1021,3.19,8.0,cached,float32,1,0.3326797385620915,225.31855442234064,0.14435090787621438,12.317944138770294,2.016278432310082,2.0441711794355197,1,1.0,0,0.3262171000242233
n,150.0,12,17,1713542224429424165,150,1600,8,1021,3.19,8.0,cached,float32,1,0.3326797385620915,225.31855442234064,0.14435090787621438,12.317944138770294,2.016278432310082,2.0441711794355197,0,0.9933333333333333,3,0.33035730000119656
n,150.0,12,18,7093364911106827746,150,1600,8,1021,3.19,8.0,cached,float32,1,0.3326797385620915,225.31855442234064,0.14435090787621438,12.317944138770294,2.016278432310082,2.0441711794355197,1,1.0,0,0.32574659993406385
n,150.0,12,19,14818252609336499589,150,1600,8,1021,3.19,8.0,cached,float32,1,0.3326797385620915,225.31855442234064,0.14435090787621438,12.317944138770294,2.016278432310082,2.0441711794355197,1,1.0,0,0.3234962000278756
n,150.0,12,20,2735600066290468287,150,1600,8,1021,3.19,8.0,cached,float32,1,0.3326797385620915,225.31855442234064,0.14435090787621438,12.317944138770294,2.016278432310082,2.0441711794355197,1,1.0,0,0.3220311999320984
n,150.0,12,21,10722639966351950694,150,1600,8,1021,3.19,8.0,cached,float32,1,0.3326797385620915,225.31855442234064,0.14435090787621438,12.317944138770294,2.016278432310082,2.0441711794355197,1,1.0,0,0.32655440003145486
n,150.0,12,22,11566168100150446449,150,1600,8,1021,3.19,8.0,cached,float32,1,0.3326797385620915,225.31855442234064,0.14435090787621438,12.317944138770294,2.016278432310082,2.0441711794355197,1,1.0,0,0.32342359994072467
n,150.0,12,23,6294423615642366070,150,1600,8,1021,3.19,8.0,cached,float32,1,0.3326797385620915,225.31855442234064,0.14435090787621438,12.317944138770294,2.016278432310082,2.0441711794355197,1,1.0,0,0.32723329996224493
n,150.0,12,24,6358122462357192322,150,1600,8,1021,3.19,8.0,cached,float32,1,0.3326797385620915,225.31855442234064,0.14435090787621438,12.317944138770294,2.016278432310082,2.0441711794355197,1,1.0,0,0.3238493000390008
n,150.0,12,25,10809109998986874900,150,1600,8,1021,3.19,8.0,cached,float32,1,0.3326797385620915,225.31855442234064,0.14435090787621438,12.317944138770294,2.016278432310082,2.0441711794355197,1,1.0,0,0.3223714999621734
n,150.0,12,26,3625035273103447650,150,1600,8,1021,3.19,8.0,cached,float32,1,0.3326797385620915,225.31855442234064,0.14435090787621438,12.317944138770294,2.016278432310082,2.0441711794355197,1,1.0,0,0.327069399994798
n,150.0,12,27,9886199490961123442,150,1600,8,1021,3.19,8.0,cached,float32,1,0.3326797385620915,225.31855442234064,0.14435090787621438,12.317944138770294,2.016278432310082,2.0441711794355197,1,1.0,0,0.32621349999681115
n,150.0,12,28,5995956824408279013,150,1600,8,1021,3.19,8.0,cached,float32,1,0.3326797385620915,225.31855442234064,0.14435090787621438,12.317944138770294,2.016278432310082,2.0441711794355197,1,1.0,0,0.3243625999893993
n,150.0,12,29,17713541870467417599,150,1600,8,1021,3.19,8.0,cached,float32,1,0.3326797385620915,225.31855442234064,0.14435090787621438,12.317944138770294,2.016278432310082,2.0441711794355197,1,1.0,0,0.32937079994007945
n,150.0,12,30,13765109747345380538,150,1600,8,1021,3.19,8.0,cached,float32,1,0.3326797385620915,225.31855442234064,0.14435090787621438,12.317944138770294,2.016278432310082,2.0441711794355197,1,1.0,0,0.3257332999492064
n,150.0,12,31,18199128573032985175,150,1600,8,1021,3.19,8.0,cached,float32,1,0.3326797385620915,225.31855442234064,0.14435090787621438,12.317944138770294,2.016278432310082,2.0441711794355197,1,1.0,0,0.3222778000636026
n,150.0,12,32,3428374686031991634,150,1600,8,1021,3.19,8.0,cached,float32,1,0.3326797385620915,225.31855442234064,0.14435090787621438,12.317944138770294,2.016278432310082,2.0441711794355197,1,1.0,0,0.3495412999764085
n,150.0,12,33,2502103442564668747,150,1600,8,1021,3.19,8.0,cached,float32,1,0.3326797385620915,225.31855442234064,0.14435090787621438,12.317944138770294,2.016278432310082,2.0441711794355197,1,1.0,0,0.3288581999950111
n,150.0,12,34,5031869935781812417,150,1600,8,1021,3.19,8.0,cached,float32,1,0.3326797385620915,225.31855442234064,0.14435090787621438,12.317944138770294,2.016278432310082,2.0441711794355197,1,1.0,0,0.32869120000395924
n,150.0,12,35,16834849123583433729,150,1600,8,1021,3.19,8.0,cached,float32,1,0.3326797385620915,225.31855442234064,0.14435090787621438,12.317944138770294,2.016278432310082,2.0441711794355197,0,0.9933333333333333,2,0.32818409998435527
n,150.0,12,36,2051951172715636287,150,1600,8,1021,3.19,8.0,cached,float32,1,0.3326797385620915,225.31855442234064,0.14435090787621438,12.317944138770294,2.016278432310082,2.0441711794355197,0,0.9933333333333333,16,0.3226204999955371
n,150.0,12,37,10321203131141540935,150,1600,8,1021,3.19,8.0,cached,float32,1,0.3326797385620915,225.31855442234064,0.14435090787621438,12.317944138770294,2.016278432310082,2.0441711794355197,1,1.0,0,0.32207860006019473
n,150.0,12,38,6137665491969603591,150,1600,8,1021,3.19,8.0,cached,float32,1,0.3326797385620915,225.31855442234064,0.14435090787621438,12.317944138770294,2.016278432310082,2.0441711794355197,1,1.0,0,0.33220810000784695
n,150.0,12,39,210992431384711083,150,1600,8,1021,3.19,8.0,cached,float32,1,0.3326797385620915,225.31855442234064,0.14435090787621438,12.317944138770294,2.016278432310082,2.0441711794355197,1,1.0,0,0.3274223000044003
n,150.0,12,40,2820905264039315237,150,1600,8,1021,3.19,8.0,cached,float32,1,0.3326797385620915,225.31855442234064,0.14435090787621438,12.317944138770294,2.016278432310082,2.0441711794355197,1,1.0,0,0.32308899995405227
n,150.0,12,41,11552522705888342032,150,1600,8,1021,3.19,8.0,cached,float32,1,0.3326797385620915,225.31855442234064,0.14435090787621438,12.317944138770294,2.016278432310082,2.0441711794355197,1,1.0,0,0.3307655999669805
n,150.0,12,42,18207827207434313295,150,1600,8,1021,3.19,8.0,cached,float32,1,0.3326797385620915,225.31855442234064,0.14435090787621438,12.317944138770294,2.016278432310082,2.0441711794355197,1,1.0,0,0.33083370001986623
n,150.0,12,43,6057342349242602257,150,1600,8,1021,3.19,8.0,cached,float32,1,0.3326797385620915,225.31855442234064,0.14435090787621438,12.317944138770294,2.016278432310082,2.0441711794355197,1,1.0,0,0.32548410003073514
n,150.0,12,44,2282169588419447065,150,1600,8,1021,3.19,8.0,cached,float32,1,0.3326797385620915,225.31855442234064,0.14435090787621438,12.317944138770294,2.016278432310082,2.0441711794355197,0,0.9933333333333333,4,0.3247817000374198
n,150.0,12,45,11294078692055742074,150,1600,8,1021,3.19,8.0,cached,float32,1,0.3326797385620915,225.31855442234064,0.14435090787621438,12.317944138770294,2.016278432310082,2.0441711794355197,1,1.0,0,0.3253998999716714
n,150.0,12,46,5545499142110641027,150,1600,8,1021,3.19,8.0,cached,float32,1,0.3326797385620915,225.31855442234064,0.14435090787621438,12.317944138770294,2.016278432310082,2.0441711794355197,0,0.9866666666666667,2,0.328809600090608
n,150.0,12,47,14277647987370779967,150,1600,8,1021,3.19,8.0,cached,float32,1,0.3326797385620915,225.31855442234064,0.14435090787621438,12.317944138770294,2.016278432310082,2.0441711794355197,1,1.0,0,0.3236527000553906
n,150.0,12,48,12075664143073709330,150,1600,8,1021,3.19,8.0,cached,float32,1,0.3326797385620915,225.31855442234064,0.14435090787621438,12.317944138770294,2.016278432310082,2.0441711794355197,1,1.0,0,0.32477669999934733
n,150.0,12,49,18209350991364078935,150,1600,8,1021,3.19,8.0,cached,float32,1,0.3326797385620915,225.31855442234064,0.14435090787621438,12.317944138770294,2.016278432310082,2.0441711794355197,1,1.0,0,0.3228406999260187
n,150.0,12,50,605178329148533359,150,1600,8,1021,3.19,8.0,cached,float32,1,0.3326797385620915,225.31855442234064,0.14435090787621438,12.317944138770294,2.016278432310082,2.0441711794355197,1,1.0,0,0.3273274999810383
n,150.0,12,51,533348493449694385,150,1600,8,1021,3.19,8.0,cached,float32,1,0.3326797385620915,225.31855442234064,0.14435090787621438,12.317944138770294,2.016278432310082,2.0441711794355197,1,1.0,0,0.35026830004062504
n,150.0,12,52,13610097455612591523,150,1600,8,1021,3.19,8.0,cached,float32,1,0.3326797385620915,225.31855442234064,0.14435090787621438,12.317944138770294,2.016278432310082,2.0441711794355197,1,1.0,0,0.32885240006726235
n,150.0,12,53,11504567083374610257,150,1600,8,1021,3.19,8.0,cached,float32,1,0.3326797385620915,225.31855442234064,0.14435090787621438,12.317944138770294,2.016278432310082,2.0441711794355197,1,1.0,0,0.32464280002750456
n,150.0,12,54,12900168599099910735,150,1600,8,1021,3.19,8.0,cached,float32,1,0.3326797385620915,225.31855442234064,0.14435090787621438,12.317944138770294,2.016278432310082,2.0441711794355197,1,1.0,0,0.32429769996088
n,150.0,12,55,1078260328670689177,150,1600,8,1021,3.19,8.0,cached,float32,1,0.3326797385620915,225.31855442234064,0.14435090787621438,12.317944138770294,2.016278432310082,2.0441711794355197,1,1.0,0,0.3261254000244662
n,150.0,12,56,11042597388840945185,150,1600,8,1021,3.19,8.0,cached,float32,1,0.3326797385620915,225.31855442234064,0.14435090787621438,12.317944138770294,2.016278432310082,2.0441711794355197,1,1.0,0,0.3268002000404522
n,150.0,12,57,3813183853852349803,150,1600,8,1021,3.19,8.0,cached,float32,1,0.3326797385620915,225.31855442234064,0.14435090787621438,12.317944138770294,2.016278432310082,2.0441711794355197,1,1.0,0,0.3270259000128135
n,150.0,12,58,6252455237730038513,150,1600,8,1021,3.19,8.0,cached,float32,1,0.3326797385620915,225.31855442234064,0.14435090787621438,12.317944138770294,2.016278432310082,2.0441711794355197,1,1.0,0,0.32507599995005876
n,150.0,12,59,16500273843806939321,150,1600,8,1021,3.19,8.0,cached,float32,1,0.3326797385620915,225.31855442234064,0.14435090787621438,12.317944138770294,2.016278432310082,2.0441711794355197,1,1.0,0,0.32262099999934435
n,150.0,12,60,2005739394205302474,150,1600,8,1021,3.19,8.0,cached,float32,1,0.3326797385620915,225.31855442234064,0.14435090787621438,12.317944138770294,2.016278432310082,2.0441711794355197,1,1.0,0,0.3283122000284493
n,150.0,12,61,4570155247656877354,150,1600,8,1021,3.19,8.0,cached,float32,1,0.3326797385620915,225.31855442234064,0.14435090787621438,12.317944138770294,2.016278432310082,2.0441711794355197,1,1.0,0,0.3250454000663012
n,150.0,12,62,1170952606468010957,150,1600,8,1021,3.19,8.0,cached,float32,1,0.3326797385620915,225.31855442234064,0.14435090787621438,12.317944138770294,2.016278432310082,2.0441711794355197,1,1.0,0,0.3328295999672264
n,150.0,12,63,4042897115496813473,150,1600,8,1021,3.19,8.0,cached,float32,1,0.3326797385620915,225.31855442234064,0.14435090787621438,12.317944138770294,2.016278432310082,2.0441711794355197,0,0.9933333333333333,6,0.32906400004867464
n,150.0,12,64,13402078458030394994,150,1600,8,1021,3.19,8.0,cached,float32,1,0.3326797385620915,225.31855442234064,0.14435090787621438,12.317944138770294,2.016278432310082,2.0441711794355197,1,1.0,0,0.33019400003831834
n,150.0,12,65,5929977467968370836,150,1600,8,1021,3.19,8.0,cached,float32,1,0.3326797385620915,225.31855442234064,0.14435090787621438,12.317944138770294,2.016278432310082,2.0441711794355197,1,1.0,0,0.3275493000401184
n,150.0,12,66,9879768040330043035,150,1600,8,1021,3.19,8.0,cached,float32,1,0.3326797385620915,225.31855442234064,0.14435090787621438,12.317944138770294,2.016278432310082,2.0441711794355197,1,1.0,0,0.3265129999490455
n,150.0,12,67,6729848815455431035,150,1600,8,1021,3.19,8.0,cached,float32,1,0.3326797385620915,225.31855442234064,0.14435090787621438,12.317944138770294,2.016278432310082,2.0441711794355197,1,1.0,0,0.32473180000670254
n,150.0,12,68,1200790340946752366,150,1600,8,1021,3.19,8.0,cached,float32,1,0.3326797385620915,225.31855442234064,0.14435090787621438,12.317944138770294,2.016278432310082,2.0441711794355197,1,1.0,0,0.3244737000204623
n,150.0,12,69,15931982297142403608,150,1600,8,1021,3.19,8.0,cached,float32,1,0.3326797385620915,225.31855442234064,0.14435090787621438,12.317944138770294,2.016278432310082,2.0441711794355197,1,1.0,0,0.32716159999836236
n,150.0,12,70,7194405500446652359,150,1600,8,1021,3.19,8.0,cached,float32,1,0.3326797385620915,225.31855442234064,0.14435090787621438,12.317944138770294,2.016278432310082,2.0441711794355197,0,0.9933333333333333,1,0.32594270003028214
n,150.0,12,71,8645172507619253036,150,1600,8,1021,3.19,8.0,cached,float32,1,0.3326797385620915,225.31855442234064,0.14435090787621438,12.317944138770294,2.016278432310082,2.0441711794355197,1,1.0,0,0.3482573999790475
n,150.0,12,72,11570383806606187311,150,1600,8,1021,3.19,8.0,cached,float32,1,0.3326797385620915,225.31855442234064,0.14435090787621438,12.317944138770294,2.016278432310082,2.0441711794355197,1,1.0,0,0.3248828999930993
n,150.0,12,73,8901266090353411123,150,1600,8,1021,3.19,8.0,cached,float32,1,0.3326797385620915,225.31855442234064,0.14435090787621438,12.317944138770294,2.016278432310082,2.0441711794355197,0,0.9866666666666667,4,0.326262200018391
n,150.0,12,74,18188737388272423491,150,1600,8,1021,3.19,8.0,cached,float32,1,0.3326797385620915,225.31855442234064,0.14435090787621438,12.317944138770294,2.016278432310082,2.0441711794355197,0,0.9933333333333333,2,0.33238329994492233
n,150.0,12,75,9772253997329774840,150,1600,8,1021,3.19,8.0,cached,float32,1,0.3326797385620915,225.31855442234064,0.14435090787621438,12.317944138770294,2.016278432310082,2.0441711794355197,1,1.0,0,0.35811230004765093
n,150.0,12,76,16362648867573122070,150,1600,8,1021,3.19,8.0,cached,float32,1,0.3326797385620915,225.31855442234064,0.14435090787621438,12.317944138770294,2.016278432310082,2.0441711794355197,1,1.0,0,0.33048350003082305
n,150.0,12,77,15223965207315882772,150,1600,8,1021,3.19,8.0,cached,float32,1,0.3326797385620915,225.31855442234064,0.14435090787621438,12.317944138770294,2.016278432310082,2.0441711794355197,1,1.0,0,0.3252523000119254
n,150.0,12,78,3623619734124953728,150,1600,8,1021,3.19,8.0,cached,float32,1,0.3326797385620915,225.31855442234064,0.14435090787621438,12.317944138770294,2.016278432310082,2.0441711794355197,1,1.0,0,0.33054999995511025
n,150.0,12,79,2290840694141524499,150,1600,8,1021,3.19,8.0,cached,float32,1,0.3326797385620915,225.31855442234064,0.14435090787621438,12.317944138770294,2.016278432310082,2.0441711794355197,1,1.0,0,0.3217588000698015
n,150.0,12,80,4233976274112871478,150,1600,8,1021,3.19,8.0,cached,float32,1,0.3326797385620915,225.31855442234064,0.14435090787621438,12.317944138770294,2.016278432310082,2.0441711794355197,1,1.0,0,0.32439740002155304
n,150.0,12,81,4482629849706760453,150,1600,8,1021,3.19,8.0,cached,float32,1,0.3326797385620915,225.31855442234064,0.14435090787621438,12.317944138770294,2.016278432310082,2.0441711794355197,1,1.0,0,0.3238796000368893
n,150.0,12,82,13507977641988907356,150,1600,8,1021,3.19,8.0,cached,float32,1,0.3326797385620915,225.31855442234064,0.14435090787621438,12.317944138770294,2.016278432310082,2.0441711794355197,1,1.0,0,0.32322230003774166
n,150.0,12,83,5375920974432563291,150,1600,8,1021,3.19,8.0,cached,float32,1,0.3326797385620915,225.31855442234064,0.14435090787621438,12.317944138770294,2.016278432310082,2.0441711794355197,1,1.0,0,0.3216593998949975
n,150.0,12,84,15354482296810444117,150,1600,8,1021,3.19,8.0,cached,float32,1,0.3326797385620915,225.31855442234064,0.14435090787621438,12.317944138770294,2.016278432310082,2.0441711794355197,1,1.0,0,0.3310893999878317
n,150.0,12,85,18299138697745543613,150,1600,8,1021,3.19,8.0,cached,float32,1,0.3326797385620915,225.31855442234064,0.14435090787621438,12.317944138770294,2.016278432310082,2.0441711794355197,1,1.0,0,0.32026890001725405
n,150.0,12,86,13096449701219345038,150,1600,8,1021,3.19,8.0,cached,float32,1,0.3326797385620915,225.31855442234064,0.14435090787621438,12.317944138770294,2.016278432310082,2.0441711794355197,1,1.0,0,0.32851150003261864
n,150.0,12,87,1289328672285074633,150,1600,8,1021,3.19,8.0,cached,float32,1,0.3326797385620915,225.31855442234064,0.14435090787621438,12.317944138770294,2.016278432310082,2.0441711794355197,1,1.0,0,0.3562711999984458
n,150.0,12,88,16390517248123881401,150,1600,8,1021,3.19,8.0,cached,float32,1,0.3326797385620915,225.31855442234064,0.14435090787621438,12.317944138770294,2.016278432310082,2.0441711794355197,1,1.0,0,0.3263518000021577
n,150.0,12,89,6984234477480427510,150,1600,8,1021,3.19,8.0,cached,float32,1,0.3326797385620915,225.31855442234064,0.14435090787621438,12.317944138770294,2.016278432310082,2.0441711794355197,1,1.0,0,0.33454089995939285
n,150.0,12,90,1192534972792543377,150,1600,8,1021,3.19,8.0,cached,float32,1,0.3326797385620915,225.31855442234064,0.14435090787621438,12.317944138770294,2.016278432310082,2.0441711794355197,1,1.0,0,0.32822859997395426
n,150.0,12,91,10474453654610608041,150,1600,8,1021,3.19,8.0,cached,float32,1,0.3326797385620915,225.31855442234064,0.14435090787621438,12.317944138770294,2.016278432310082,2.0441711794355197,1,1.0,0,0.3232144000940025
n,150.0,12,92,8227386136334044101,150,1600,8,1021,3.19,8.0,cached,float32,1,0.3326797385620915,225.31855442234064,0.14435090787621438,12.317944138770294,2.016278432310082,2.0441711794355197,1,1.0,0,0.3246884000254795
n,150.0,12,93,9833711958735354048,150,1600,8,1021,3.19,8.0,cached,float32,1,0.3326797385620915,225.31855442234064,0.14435090787621438,12.317944138770294,2.016278432310082,2.0441711794355197,1,1.0,0,0.32794669992290437
n,150.0,12,94,8818638604164613450,150,1600,8,1021,3.19,8.0,cached,float32,1,0.3326797385620915,225.31855442234064,0.14435090787621438,12.317944138770294,2.016278432310082,2.0441711794355197,1,1.0,0,0.3269266999559477
n,150.0,12,95,2721154686599447203,150,1600,8,1021,3.19,8.0,cached,float32,1,0.3326797385620915,225.31855442234064,0.14435090787621438,12.317944138770294,2.016278432310082,2.0441711794355197,1,1.0,0,0.3203169999178499
n,150.0,12,96,7386853962453725779,150,1600,8,1021,3.19,8.0,cached,float32,1,0.3326797385620915,225.31855442234064,0.14435090787621438,12.317944138770294,2.016278432310082,2.0441711794355197,0,0.9933333333333333,7,0.3274885000428185
n,150.0,12,97,7800501136430001348,150,1600,8,1021,3.19,8.0,cached,float32,1,0.3326797385620915,225.31855442234064,0.14435090787621438,12.317944138770294,2.016278432310082,2.0441711794355197,1,1.0,0,0.3284593999851495
n,150.0,12,98,2205787057099435733,150,1600,8,1021,3.19,8.0,cached,float32,1,0.3326797385620915,225.31855442234064,0.14435090787621438,12.317944138770294,2.016278432310082,2.0441711794355197,1,1.0,0,0.32835689990315586
n,150.0,12,99,14322459615432421052,150,1600,8,1021,3.19,8.0,cached,float32,1,0.3326797385620915,225.31855442234064,0.14435090787621438,12.317944138770294,2.016278432310082,2.0441711794355197,1,1.0,0,0.3247640000190586
n,200.0,13,0,13537299018060663936,200,1600,8,1021,3.19,8.0,cached,float32,1,0.3326797385620915,225.31855442234064,0.14435090787621438,9.23845810407772,1.4442019221744218,1.4641806901698369,1,1.0,0,0.33419650001451373
n,200.0,13,1,12629472710991272570,200,1600,8,1021,3.19,8.0,cached,float32,1,0.3326797385620915,225.31855442234064,0.14435090787621438,9.23845810407772,1.4442019221744218,1.4641806901698369,1,1.0,0,0.329925199970603
n,200.0,13,2,10568978069891938647,200,1600,8,1021,3.19,8.0,cached,float32,1,0.3326797385620915,225.31855442234064,0.14435090787621438,9.23845810407772,1.4442019221744218,1.4641806901698369,1,1.0,0,0.3309591000434011
n,200.0,13,3,16219189152604442554,200,1600,8,1021,3.19,8.0,cached,float32,1,0.3326797385620915,225.31855442234064,0.14435090787621438,9.23845810407772,1.4442019221744218,1.4641806901698369,1,1.0,0,0.325525899999775
n,200.0,13,4,10983656515947225651,200,1600,8,1021,3.19,8.0,cached,float32,1,0.3326797385620915,225.31855442234064,0.14435090787621438,9.23845810407772,1.4442019221744218,1.4641806901698369,1,1.0,0,0.3299662999343127
n,200.0,13,5,5553199344822867390,200,1600,8,1021,3.19,8.0,cached,float32,1,0.3326797385620915,225.31855442234064,0.14435090787621438,9.23845810407772,1.4442019221744218,1.4641806901698369,1,1.0,0,0.33064149995334446
n,200.0,13,6,6331294913106446000,200,1600,8,1021,3.19,8.0,cached,float32,1,0.3326797385620915,225.31855442234064,0.14435090787621438,9.23845810407772,1.4442019221744218,1.4641806901698369,1,1.0,0,0.32985539990477264
n,200.0,13,7,15807617419791816723,200,1600,8,1021,3.19,8.0,cached,float32,1,0.3326797385620915,225.31855442234064,0.14435090787621438,9.23845810407772,1.4442019221744218,1.4641806901698369,1,1.0,0,0.3480673999292776
n,200.0,13,8,8539442200343067406,200,1600,8,1021,3.19,8.0,cached,float32,1,0.3326797385620915,225.31855442234064,0.14435090787621438,9.23845810407772,1.4442019221744218,1.4641806901698369,1,1.0,0,0.33291750005446374
n,200.0,13,9,9377780973986976072,200,1600,8,1021,3.19,8.0,cached,float32,1,0.3326797385620915,225.31855442234064,0.14435090787621438,9.23845810407772,1.4442019221744218,1.4641806901698369,1,1.0,0,0.3289504999993369
n,200.0,13,10,6445198141147782658,200,1600,8,1021,3.19,8.0,cached,float32,1,0.3326797385620915,225.31855442234064,0.14435090787621438,9.23845810407772,1.4442019221744218,1.4641806901698369,1,1.0,0,0.3271505000302568
n,200.0,13,11,14324998187950624680,200,1600,8,1021,3.19,8.0,cached,float32,1,0.3326797385620915,225.31855442234064,0.14435090787621438,9.23845810407772,1.4442019221744218,1.4641806901698369,0,0.995,1,0.32837430003564805
n,200.0,13,12,11315823372332031418,200,1600,8,1021,3.19,8.0,cached,float32,1,0.3326797385620915,225.31855442234064,0.14435090787621438,9.23845810407772,1.4442019221744218,1.4641806901698369,1,1.0,0,0.3294252000050619
n,200.0,13,13,18051771342297172625,200,1600,8,1021,3.19,8.0,cached,float32,1,0.3326797385620915,225.31855442234064,0.14435090787621438,9.23845810407772,1.4442019221744218,1.4641806901698369,0,0.995,25,0.3286616000114009
n,200.0,13,14,4050295178489862471,200,1600,8,1021,3.19,8.0,cached,float32,1,0.3326797385620915,225.31855442234064,0.14435090787621438,9.23845810407772,1.4442019221744218,1.4641806901698369,0,0.995,1,0.3335167000768706
n,200.0,13,15,10317054307153946224,200,1600,8,1021,3.19,8.0,cached,float32,1,0.3326797385620915,225.31855442234064,0.14435090787621438,9.23845810407772,1.4442019221744218,1.4641806901698369,1,1.0,0,0.3281457000412047
n,200.0,13,16,10183475130210539473,200,1600,8,1021,3.19,8.0,cached,float32,1,0.3326797385620915,225.31855442234064,0.14435090787621438,9.23845810407772,1.4442019221744218,1.4641806901698369,0,0.995,4,0.32657020003534853
n,200.0,13,17,8342318308062839582,200,1600,8,1021,3.19,8.0,cached,float32,1,0.3326797385620915,225.31855442234064,0.14435090787621438,9.23845810407772,1.4442019221744218,1.4641806901698369,1,1.0,0,0.32838770002126694
n,200.0,13,18,12615899000012305010,200,1600,8,1021,3.19,8.0,cached,float32,1,0.3326797385620915,225.31855442234064,0.14435090787621438,9.23845810407772,1.4442019221744218,1.4641806901698369,0,0.995,3,0.32532499998342246
n,200.0,13,19,6333225751281171153,200,1600,8,1021,3.19,8.0,cached,float32,1,0.3326797385620915,225.31855442234064,0.14435090787621438,9.23845810407772,1.4442019221744218,1.4641806901698369,0,0.995,1,0.32732339994981885
n,200.0,13,20,15637167297564106185,200,1600,8,1021,3.19,8.0,cached,float32,1,0.3326797385620915,225.31855442234064,0.14435090787621438,9.23845810407772,1.4442019221744218,1.4641806901698369,1,1.0,0,0.32550509995780885
n,200.0,13,21,9541261924383395448,200,1600,8,1021,3.19,8.0,cached,float32,1,0.3326797385620915,225.31855442234064,0.14435090787621438,9.23845810407772,1.4442019221744218,1.4641806901698369,0,0.99,1,0.3297052000416443
n,200.0,13,22,8259387959559526027,200,1600,8,1021,3.19,8.0,cached,float32,1,0.3326797385620915,225.31855442234064,0.14435090787621438,9.23845810407772,1.4442019221744218,1.4641806901698369,0,0.99,9,0.3316569000016898
n,200.0,13,23,11065625003079364963,200,1600,8,1021,3.19,8.0,cached,float32,1,0.3326797385620915,225.31855442234064,0.14435090787621438,9.23845810407772,1.4442019221744218,1.4641806901698369,1,1.0,0,0.3349582999944687
n,200.0,13,24,12240255037980996543,200,1600,8,1021,3.19,8.0,cached,float32,1,0.3326797385620915,225.31855442234064,0.14435090787621438,9.23845810407772,1.4442019221744218,1.4641806901698369,1,1.0,0,0.33157080004457384
n,200.0,13,25,14843637279531689982,200,1600,8,1021,3.19,8.0,cached,float32,1,0.3326797385620915,225.31855442234064,0.14435090787621438,9.23845810407772,1.4442019221744218,1.4641806901698369,0,0.995,3,0.3373896999983117
n,200.0,13,26,3890150459193538667,200,1600,8,1021,3.19,8.0,cached,float32,1,0.3326797385620915,225.31855442234064,0.14435090787621438,9.23845810407772,1.4442019221744218,1.4641806901698369,1,1.0,0,0.3313489999854937
n,200.0,13,27,7184553643449901416,200,1600,8,1021,3.19,8.0,cached,float32,1,0.3326797385620915,225.31855442234064,0.14435090787621438,9.23845810407772,1.4442019221744218,1.4641806901698369,0,0.99,7,0.3275998999597505
n,200.0,13,28,3814906407995293569,200,1600,8,1021,3.19,8.0,cached,float32,1,0.3326797385620915,225.31855442234064,0.14435090787621438,9.23845810407772,1.4442019221744218,1.4641806901698369,1,1.0,0,0.32735649996902794
n,200.0,13,29,13000011172361244360,200,1600,8,1021,3.19,8.0,cached,float32,1,0.3326797385620915,225.31855442234064,0.14435090787621438,9.23845810407772,1.4442019221744218,1.4641806901698369,0,0.995,2,0.33005300001241267
n,200.0,13,30,13903879765209228218,200,1600,8,1021,3.19,8.0,cached,float32,1,0.3326797385620915,225.31855442234064,0.14435090787621438,9.23845810407772,1.4442019221744218,1.4641806901698369,0,0.995,3,0.3298046999843791
n,200.0,13,31,17918569414571752618,200,1600,8,1021,3.19,8.0,cached,float32,1,0.3326797385620915,225.31855442234064,0.14435090787621438,9.23845810407772,1.4442019221744218,1.4641806901698369,1,1.0,0,0.3252317999722436
n,200.0,13,32,14310879858586367214,200,1600,8,1021,3.19,8.0,cached,float32,1,0.3326797385620915,225.31855442234064,0.14435090787621438,9.23845810407772,1.4442019221744218,1.4641806901698369,1,1.0,0,0.3291454999707639
n,200.0,13,33,412599044545009046,200,1600,8,1021,3.19,8.0,cached,float32,1,0.3326797385620915,225.31855442234064,0.14435090787621438,9.23845810407772,1.4442019221744218,1.4641806901698369,0,0.995,10,0.3321116999723017
n,200.0,13,34,5584569333562366690,200,1600,8,1021,3.19,8.0,cached,float32,1,0.3326797385620915,225.31855442234064,0.14435090787621438,9.23845810407772,1.4442019221744218,1.4641806901698369,1,1.0,0,0.3321808000328019
n,200.0,13,35,7626064113725477870,200,1600,8,1021,3.19,8.0,cached,float32,1,0.3326797385620915,225.31855442234064,0.14435090787621438,9.23845810407772,1.4442019221744218,1.4641806901698369,0,0.995,4,0.3290960000595078
n,200.0,13,36,11366975273862117736,200,1600,8,1021,3.19,8.0,cached,float32,1,0.3326797385620915,225.31855442234064,0.14435090787621438,9.23845810407772,1.4442019221744218,1.4641806901698369,0,0.995,3,0.3345710999565199
n,200.0,13,37,2633203354797200414,200,1600,8,1021,3.19,8.0,cached,float32,1,0.3326797385620915,225.31855442234064,0.14435090787621438,9.23845810407772,1.4442019221744218,1.4641806901698369,1,1.0,0,0.3322592000477016
n,200.0,13,38,11940829595938161388,200,1600,8,1021,3.19,8.0,cached,float32,1,0.3326797385620915,225.31855442234064,0.14435090787621438,9.23845810407772,1.4442019221744218,1.4641806901698369,1,1.0,0,0.3324086000211537
n,200.0,13,39,17223484221996023304,200,1600,8,1021,3.19,8.0,cached,float32,1,0.3326797385620915,225.31855442234064,0.14435090787621438,9.23845810407772,1.4442019221744218,1.4641806901698369,1,1.0,0,0.33220200007781386
n,200.0,13,40,651625768605913184,200,1600,8,1021,3.19,8.0,cached,float32,1,0.3326797385620915,225.31855442234064,0.14435090787621438,9.23845810407772,1.4442019221744218,1.4641806901698369,0,0.995,6,0.3288010999094695
n,200.0,13,41,14923975931644546620,200,1600,8,1021,3.19,8.0,cached,float32,1,0.3326797385620915,225.31855442234064,0.14435090787621438,9.23845810407772,1.4442019221744218,1.4641806901698369,1,1.0,0,0.3290872999932617
n,200.0,13,42,5979895183592728700,200,1600,8,1021,3.19,8.0,cached,float32,1,0.3326797385620915,225.31855442234064,0.14435090787621438,9.23845810407772,1.4442019221744218,1.4641806901698369,1,1.0,0,0.3315965998917818
n,200.0,13,43,2827727319476898610,200,1600,8,1021,3.19,8.0,cached,float32,1,0.3326797385620915,225.31855442234064,0.14435090787621438,9.23845810407772,1.4442019221744218,1.4641806901698369,0,0.995,2,0.33905339997727424
n,200.0,13,44,15953654761653040619,200,1600,8,1021,3.19,8.0,cached,float32,1,0.3326797385620915,225.31855442234064,0.14435090787621438,9.23845810407772,1.4442019221744218,1.4641806901698369,0,0.99,7,0.3277920000255108
n,200.0,13,45,5226164797352543875,200,1600,8,1021,3.19,8.0,cached,float32,1,0.3326797385620915,225.31855442234064,0.14435090787621438,9.23845810407772,1.4442019221744218,1.4641806901698369,1,1.0,0,0.3379489000653848
n,200.0,13,46,877650485968475937,200,1600,8,1021,3.19,8.0,cached,float32,1,0.3326797385620915,225.31855442234064,0.14435090787621438,9.23845810407772,1.4442019221744218,1.4641806901698369,0,0.995,3,0.3320526999887079
n,200.0,13,47,627501408249078534,200,1600,8,1021,3.19,8.0,cached,float32,1,0.3326797385620915,225.31855442234064,0.14435090787621438,9.23845810407772,1.4442019221744218,1.4641806901698369,1,1.0,0,0.33397839998360723
n,200.0,13,48,4180870736162391385,200,1600,8,1021,3.19,8.0,cached,float32,1,0.3326797385620915,225.31855442234064,0.14435090787621438,9.23845810407772,1.4442019221744218,1.4641806901698369,1,1.0,0,0.33049870003014803
n,200.0,13,49,17625466339468034058,200,1600,8,1021,3.19,8.0,cached,float32,1,0.3326797385620915,225.31855442234064,0.14435090787621438,9.23845810407772,1.4442019221744218,1.4641806901698369,0,0.995,5,0.32811070000752807
n,200.0,13,50,16506077297349661835,200,1600,8,1021,3.19,8.0,cached,float32,1,0.3326797385620915,225.31855442234064,0.14435090787621438,9.23845810407772,1.4442019221744218,1.4641806901698369,0,0.995,3,0.33210549992509186
n,200.0,13,51,8777774373064708442,200,1600,8,1021,3.19,8.0,cached,float32,1,0.3326797385620915,225.31855442234064,0.14435090787621438,9.23845810407772,1.4442019221744218,1.4641806901698369,1,1.0,0,0.33082929998636246
n,200.0,13,52,1091504221344695279,200,1600,8,1021,3.19,8.0,cached,float32,1,0.3326797385620915,225.31855442234064,0.14435090787621438,9.23845810407772,1.4442019221744218,1.4641806901698369,1,1.0,0,0.32699550001416355
n,200.0,13,53,1728582185560800029,200,1600,8,1021,3.19,8.0,cached,float32,1,0.3326797385620915,225.31855442234064,0.14435090787621438,9.23845810407772,1.4442019221744218,1.4641806901698369,1,1.0,0,0.32974119996652007
n,200.0,13,54,18168420505150758912,200,1600,8,1021,3.19,8.0,cached,float32,1,0.3326797385620915,225.31855442234064,0.14435090787621438,9.23845810407772,1.4442019221744218,1.4641806901698369,0,0.995,4,0.33098149998113513
n,200.0,13,55,12322692581769260660,200,1600,8,1021,3.19,8.0,cached,float32,1,0.3326797385620915,225.31855442234064,0.14435090787621438,9.23845810407772,1.4442019221744218,1.4641806901698369,0,0.995,12,0.3279706999892369
n,200.0,13,56,12761466322643714056,200,1600,8,1021,3.19,8.0,cached,float32,1,0.3326797385620915,225.31855442234064,0.14435090787621438,9.23845810407772,1.4442019221744218,1.4641806901698369,1,1.0,0,0.3330318999942392
n,200.0,13,57,6880741578847237557,200,1600,8,1021,3.19,8.0,cached,float32,1,0.3326797385620915,225.31855442234064,0.14435090787621438,9.23845810407772,1.4442019221744218,1.4641806901698369,1,1.0,0,0.33033100003376603
n,200.0,13,58,16703432819000115287,200,1600,8,1021,3.19,8.0,cached,float32,1,0.3326797385620915,225.31855442234064,0.14435090787621438,9.23845810407772,1.4442019221744218,1.4641806901698369,0,0.995,3,0.3282825000351295
n,200.0,13,59,9568764902955527705,200,1600,8,1021,3.19,8.0,cached,float32,1,0.3326797385620915,225.31855442234064,0.14435090787621438,9.23845810407772,1.4442019221744218,1.4641806901698369,0,0.995,2,0.329131199978292
n,200.0,13,60,18170847871699388511,200,1600,8,1021,3.19,8.0,cached,float32,1,0.3326797385620915,225.31855442234064,0.14435090787621438,9.23845810407772,1.4442019221744218,1.4641806901698369,1,1.0,0,0.3371948000276461
n,200.0,13,61,17472448906088220400,200,1600,8,1021,3.19,8.0,cached,float32,1,0.3326797385620915,225.31855442234064,0.14435090787621438,9.23845810407772,1.4442019221744218,1.4641806901698369,1,1.0,0,0.3309278000378981
n,200.0,13,62,12027568455090170332,200,1600,8,1021,3.19,8.0,cached,float32,1,0.3326797385620915,225.31855442234064,0.14435090787621438,9.23845810407772,1.4442019221744218,1.4641806901698369,0,0.99,11,0.32669890008401126
n,200.0,13,63,3658392436331617157,200,1600,8,1021,3.19,8.0,cached,float32,1,0.3326797385620915,225.31855442234064,0.14435090787621438,9.23845810407772,1.4442019221744218,1.4641806901698369,1,1.0,0,0.34541760000865906
n,200.0,13,64,1343356585358259638,200,1600,8,1021,3.19,8.0,cached,float32,1,0.3326797385620915,225.31855442234064,0.14435090787621438,9.23845810407772,1.4442019221744218,1.4641806901698369,0,0.995,6,0.329825000022538
n,200.0,13,65,13616822923970171240,200,1600,8,1021,3.19,8.0,cached,float32,1,0.3326797385620915,225.31855442234064,0.14435090787621438,9.23845810407772,1.4442019221744218,1.4641806901698369,1,1.0,0,0.32452510006260127
n,200.0,13,66,18153088364439214747,200,1600,8,1021,3.19,8.0,cached,float32,1,0.3326797385620915,225.31855442234064,0.14435090787621438,9.23845810407772,1.4442019221744218,1.4641806901698369,0,0.995,2,0.32445659989025444
n,200.0,13,67,1523891649102659702,200,1600,8,1021,3.19,8.0,cached,float32,1,0.3326797385620915,225.31855442234064,0.14435090787621438,9.23845810407772,1.4442019221744218,1.4641806901698369,0,0.995,7,0.32873209996614605
n,200.0,13,68,9245257631818343374,200,1600,8,1021,3.19,8.0,cached,float32,1,0.3326797385620915,225.31855442234064,0.14435090787621438,9.23845810407772,1.4442019221744218,1.4641806901698369,0,0.995,1,0.33039289992302656
n,200.0,13,69,6030513688692266756,200,1600,8,1021,3.19,8.0,cached,float32,1,0.3326797385620915,225.31855442234064,0.14435090787621438,9.23845810407772,1.4442019221744218,1.4641806901698369,1,1.0,0,0.3381692999973893
n,200.0,13,70,5398638008314894651,200,1600,8,1021,3.19,8.0,cached,float32,1,0.3326797385620915,225.31855442234064,0.14435090787621438,9.23845810407772,1.4442019221744218,1.4641806901698369,0,0.995,3,0.3830811999505386
n,200.0,13,71,7891329572652503502,200,1600,8,1021,3.19,8.0,cached,float32,1,0.3326797385620915,225.31855442234064,0.14435090787621438,9.23845810407772,1.4442019221744218,1.4641806901698369,1,1.0,0,0.32827940001152456
n,200.0,13,72,10290954058538353049,200,1600,8,1021,3.19,8.0,cached,float32,1,0.3326797385620915,225.31855442234064,0.14435090787621438,9.23845810407772,1.4442019221744218,1.4641806901698369,1,1.0,0,0.32755529996939003
n,200.0,13,73,16180275967894926355,200,1600,8,1021,3.19,8.0,cached,float32,1,0.3326797385620915,225.31855442234064,0.14435090787621438,9.23845810407772,1.4442019221744218,1.4641806901698369,1,1.0,0,0.32734570000320673
n,200.0,13,74,8042286032760185318,200,1600,8,1021,3.19,8.0,cached,float32,1,0.3326797385620915,225.31855442234064,0.14435090787621438,9.23845810407772,1.4442019221744218,1.4641806901698369,1,1.0,0,0.3244397999951616
n,200.0,13,75,13836165029636777168,200,1600,8,1021,3.19,8.0,cached,float32,1,0.3326797385620915,225.31855442234064,0.14435090787621438,9.23845810407772,1.4442019221744218,1.4641806901698369,1,1.0,0,0.3309279000386596
n,200.0,13,76,8870827165641961489,200,1600,8,1021,3.19,8.0,cached,float32,1,0.3326797385620915,225.31855442234064,0.14435090787621438,9.23845810407772,1.4442019221744218,1.4641806901698369,1,1.0,0,0.32719450001604855
n,200.0,13,77,15799423787792784553,200,1600,8,1021,3.19,8.0,cached,float32,1,0.3326797385620915,225.31855442234064,0.14435090787621438,9.23845810407772,1.4442019221744218,1.4641806901698369,1,1.0,0,0.3284004000015557
n,200.0,13,78,2775062847771285584,200,1600,8,1021,3.19,8.0,cached,float32,1,0.3326797385620915,225.31855442234064,0.14435090787621438,9.23845810407772,1.4442019221744218,1.4641806901698369,0,0.995,7,0.33047840010840446
n,200.0,13,79,1770950041807468244,200,1600,8,1021,3.19,8.0,cached,float32,1,0.3326797385620915,225.31855442234064,0.14435090787621438,9.23845810407772,1.4442019221744218,1.4641806901698369,0,0.995,9,0.3280835999175906
n,200.0,13,80,6399458722111809336,200,1600,8,1021,3.19,8.0,cached,float32,1,0.3326797385620915,225.31855442234064,0.14435090787621438,9.23845810407772,1.4442019221744218,1.4641806901698369,0,0.995,3,0.3320401000091806
n,200.0,13,81,14849162729289990769,200,1600,8,1021,3.19,8.0,cached,float32,1,0.3326797385620915,225.31855442234064,0.14435090787621438,9.23845810407772,1.4442019221744218,1.4641806901698369,0,0.99,2,0.33181780006270856
n,200.0,13,82,10580501692211939529,200,1600,8,1021,3.19,8.0,cached,float32,1,0.3326797385620915,225.31855442234064,0.14435090787621438,9.23845810407772,1.4442019221744218,1.4641806901698369,1,1.0,0,0.32867479999549687
n,200.0,13,83,12259321723223545271,200,1600,8,1021,3.19,8.0,cached,float32,1,0.3326797385620915,225.31855442234064,0.14435090787621438,9.23845810407772,1.4442019221744218,1.4641806901698369,1,1.0,0,0.35324690002016723
n,200.0,13,84,17439868280994156231,200,1600,8,1021,3.19,8.0,cached,float32,1,0.3326797385620915,225.31855442234064,0.14435090787621438,9.23845810407772,1.4442019221744218,1.4641806901698369,1,1.0,0,0.32504830008838326
n,200.0,13,85,4266700177668227095,200,1600,8,1021,3.19,8.0,cached,float32,1,0.3326797385620915,225.31855442234064,0.14435090787621438,9.23845810407772,1.4442019221744218,1.4641806901698369,0,0.995,17,0.3274513999931514
n,200.0,13,86,11215940531461687963,200,1600,8,1021,3.19,8.0,cached,float32,1,0.3326797385620915,225.31855442234064,0.14435090787621438,9.23845810407772,1.4442019221744218,1.4641806901698369,0,0.995,10,0.3294268000172451
n,200.0,13,87,5171147991233392828,200,1600,8,1021,3.19,8.0,cached,float32,1,0.3326797385620915,225.31855442234064,0.14435090787621438,9.23845810407772,1.4442019221744218,1.4641806901698369,1,1.0,0,0.3326446999562904
n,200.0,13,88,1741675530159137764,200,1600,8,1021,3.19,8.0,cached,float32,1,0.3326797385620915,225.31855442234064,0.14435090787621438,9.23845810407772,1.4442019221744218,1.4641806901698369,1,1.0,0,0.326935000019148
n,200.0,13,89,7044317969346068932,200,1600,8,1021,3.19,8.0,cached,float32,1,0.3326797385620915,225.31855442234064,0.14435090787621438,9.23845810407772,1.4442019221744218,1.4641806901698369,1,1.0,0,0.3282833000412211
n,200.0,13,90,1577706326694474972,200,1600,8,1021,3.19,8.0,cached,float32,1,0.3326797385620915,225.31855442234064,0.14435090787621438,9.23845810407772,1.4442019221744218,1.4641806901698369,1,1.0,0,0.3268697999883443
n,200.0,13,91,8473391240909682379,200,1600,8,1021,3.19,8.0,cached,float32,1,0.3326797385620915,225.31855442234064,0.14435090787621438,9.23845810407772,1.4442019221744218,1.4641806901698369,0,0.995,9,0.32596940000075847
n,200.0,13,92,2912800797697214720,200,1600,8,1021,3.19,8.0,cached,float32,1,0.3326797385620915,225.31855442234064,0.14435090787621438,9.23845810407772,1.4442019221744218,1.4641806901698369,1,1.0,0,0.3379387999884784
n,200.0,13,93,9976342777301391645,200,1600,8,1021,3.19,8.0,cached,float32,1,0.3326797385620915,225.31855442234064,0.14435090787621438,9.23845810407772,1.4442019221744218,1.4641806901698369,1,1.0,0,0.3297811000375077
n,200.0,13,94,10908121986509567221,200,1600,8,1021,3.19,8.0,cached,float32,1,0.3326797385620915,225.31855442234064,0.14435090787621438,9.23845810407772,1.4442019221744218,1.4641806901698369,0,0.995,2,0.33340900007169694
n,200.0,13,95,14975154068689222107,200,1600,8,1021,3.19,8.0,cached,float32,1,0.3326797385620915,225.31855442234064,0.14435090787621438,9.23845810407772,1.4442019221744218,1.4641806901698369,1,1.0,0,0.3263342999853194
n,200.0,13,96,18334909160315546158,200,1600,8,1021,3.19,8.0,cached,float32,1,0.3326797385620915,225.31855442234064,0.14435090787621438,9.23845810407772,1.4442019221744218,1.4641806901698369,0,0.995,9,0.33416930004023015
n,200.0,13,97,9550036588059894201,200,1600,8,1021,3.19,8.0,cached,float32,1,0.3326797385620915,225.31855442234064,0.14435090787621438,9.23845810407772,1.4442019221744218,1.4641806901698369,0,0.995,2,0.33169280004221946
n,200.0,13,98,8807649238165923963,200,1600,8,1021,3.19,8.0,cached,float32,1,0.3326797385620915,225.31855442234064,0.14435090787621438,9.23845810407772,1.4442019221744218,1.4641806901698369,1,1.0,0,0.3333130000391975
n,200.0,13,99,15429372706528115160,200,1600,8,1021,3.19,8.0,cached,float32,1,0.3326797385620915,225.31855442234064,0.14435090787621438,9.23845810407772,1.4442019221744218,1.4641806901698369,0,0.995,6,0.3301871999865398
n,250.0,14,0,13788531321282647013,250,1600,8,1021,3.19,8.0,cached,float32,1,0.3326797385620915,225.31855442234064,0.14435090787621438,7.390766483262176,1.1164176365861893,1.1318619097206293,0,0.996,3,0.328514099936001
n,250.0,14,1,3519939345325636523,250,1600,8,1021,3.19,8.0,cached,float32,1,0.3326797385620915,225.31855442234064,0.14435090787621438,7.390766483262176,1.1164176365861893,1.1318619097206293,1,1.0,0,0.32873449998442084
n,250.0,14,2,11985459454594498259,250,1600,8,1021,3.19,8.0,cached,float32,1,0.3326797385620915,225.31855442234064,0.14435090787621438,7.390766483262176,1.1164176365861893,1.1318619097206293,0,0.996,3,0.32805210002698004
n,250.0,14,3,5511495408207574921,250,1600,8,1021,3.19,8.0,cached,float32,1,0.3326797385620915,225.31855442234064,0.14435090787621438,7.390766483262176,1.1164176365861893,1.1318619097206293,0,0.992,3,0.35653109999839216
n,250.0,14,4,14725219658607442227,250,1600,8,1021,3.19,8.0,cached,float32,1,0.3326797385620915,225.31855442234064,0.14435090787621438,7.390766483262176,1.1164176365861893,1.1318619097206293,0,0.988,6,0.34288190002553165
n,250.0,14,5,12264811013568139141,250,1600,8,1021,3.19,8.0,cached,float32,1,0.3326797385620915,225.31855442234064,0.14435090787621438,7.390766483262176,1.1164176365861893,1.1318619097206293,1,1.0,0,0.3340082000941038
n,250.0,14,6,10580843670991988774,250,1600,8,1021,3.19,8.0,cached,float32,1,0.3326797385620915,225.31855442234064,0.14435090787621438,7.390766483262176,1.1164176365861893,1.1318619097206293,0,0.992,2,0.33831140003167093
n,250.0,14,7,12867801787974317633,250,1600,8,1021,3.19,8.0,cached,float32,1,0.3326797385620915,225.31855442234064,0.14435090787621438,7.390766483262176,1.1164176365861893,1.1318619097206293,0,0.996,4,0.3287162999622524
n,250.0,14,8,2833271700738580912,250,1600,8,1021,3.19,8.0,cached,float32,1,0.3326797385620915,225.31855442234064,0.14435090787621438,7.390766483262176,1.1164176365861893,1.1318619097206293,1,1.0,0,0.33188000007066876
n,250.0,14,9,2279339364334024538,250,1600,8,1021,3.19,8.0,cached,float32,1,0.3326797385620915,225.31855442234064,0.14435090787621438,7.390766483262176,1.1164176365861893,1.1318619097206293,0,0.98,3,0.3302699000341818
n,250.0,14,10,7735712560862403331,250,1600,8,1021,3.19,8.0,cached,float32,1,0.3326797385620915,225.31855442234064,0.14435090787621438,7.390766483262176,1.1164176365861893,1.1318619097206293,1,1.0,0,0.33674970001447946
n,250.0,14,11,7302810416793238402,250,1600,8,1021,3.19,8.0,cached,float32,1,0.3326797385620915,225.31855442234064,0.14435090787621438,7.390766483262176,1.1164176365861893,1.1318619097206293,0,0.992,6,0.3297658000374213
n,250.0,14,12,12794762096522668124,250,1600,8,1021,3.19,8.0,cached,float32,1,0.3326797385620915,225.31855442234064,0.14435090787621438,7.390766483262176,1.1164176365861893,1.1318619097206293,0,0.996,9,0.3352941001066938
n,250.0,14,13,16413484472165669439,250,1600,8,1021,3.19,8.0,cached,float32,1,0.3326797385620915,225.31855442234064,0.14435090787621438,7.390766483262176,1.1164176365861893,1.1318619097206293,0,0.988,8,0.32837389991618693
n,250.0,14,14,754245768279616659,250,1600,8,1021,3.19,8.0,cached,float32,1,0.3326797385620915,225.31855442234064,0.14435090787621438,7.390766483262176,1.1164176365861893,1.1318619097206293,0,0.968,1,0.3327172000426799
n,250.0,14,15,4352716158405296858,250,1600,8,1021,3.19,8.0,cached,float32,1,0.3326797385620915,225.31855442234064,0.14435090787621438,7.390766483262176,1.1164176365861893,1.1318619097206293,0,0.992,8,0.3342901000287384
n,250.0,14,16,16317891931826913244,250,1600,8,1021,3.19,8.0,cached,float32,1,0.3326797385620915,225.31855442234064,0.14435090787621438,7.390766483262176,1.1164176365861893,1.1318619097206293,0,0.992,7,0.3340590000152588
n,250.0,14,17,7624108564578160765,250,1600,8,1021,3.19,8.0,cached,float32,1,0.3326797385620915,225.31855442234064,0.14435090787621438,7.390766483262176,1.1164176365861893,1.1318619097206293,0,0.996,48,0.3322869000257924
n,250.0,14,18,3513868626624207440,250,1600,8,1021,3.19,8.0,cached,float32,1,0.3326797385620915,225.31855442234064,0.14435090787621438,7.390766483262176,1.1164176365861893,1.1318619097206293,1,1.0,0,0.33112729992717505
n,250.0,14,19,2358079382884484036,250,1600,8,1021,3.19,8.0,cached,float32,1,0.3326797385620915,225.31855442234064,0.14435090787621438,7.390766483262176,1.1164176365861893,1.1318619097206293,0,0.996,4,0.32705319998785853
n,250.0,14,20,9084723770349081955,250,1600,8,1021,3.19,8.0,cached,float32,1,0.3326797385620915,225.31855442234064,0.14435090787621438,7.390766483262176,1.1164176365861893,1.1318619097206293,0,0.988,9,0.3293947000056505
n,250.0,14,21,17507857025707565812,250,1600,8,1021,3.19,8.0,cached,float32,1,0.3326797385620915,225.31855442234064,0.14435090787621438,7.390766483262176,1.1164176365861893,1.1318619097206293,0,0.988,1,0.32938989996910095
n,250.0,14,22,14734983741089269414,250,1600,8,1021,3.19,8.0,cached,float32,1,0.3326797385620915,225.31855442234064,0.14435090787621438,7.390766483262176,1.1164176365861893,1.1318619097206293,0,0.996,2,0.3429344000760466
n,250.0,14,23,15771502488617726263,250,1600,8,1021,3.19,8.0,cached,float32,1,0.3326797385620915,225.31855442234064,0.14435090787621438,7.390766483262176,1.1164176365861893,1.1318619097206293,0,0.992,6,0.3324004999594763
n,250.0,14,24,7609873751579140991,250,1600,8,1021,3.19,8.0,cached,float32,1,0.3326797385620915,225.31855442234064,0.14435090787621438,7.390766483262176,1.1164176365861893,1.1318619097206293,1,1.0,0,0.33258319995366037
n,250.0,14,25,15473551514767312600,250,1600,8,1021,3.19,8.0,cached,float32,1,0.3326797385620915,225.31855442234064,0.14435090787621438,7.390766483262176,1.1164176365861893,1.1318619097206293,1,1.0,0,0.3625387999927625
n,250.0,14,26,11778542819715200805,250,1600,8,1021,3.19,8.0,cached,float32,1,0.3326797385620915,225.31855442234064,0.14435090787621438,7.390766483262176,1.1164176365861893,1.1318619097206293,0,0.992,8,0.32822569995187223
n,250.0,14,27,7822612516145054438,250,1600,8,1021,3.19,8.0,cached,float32,1,0.3326797385620915,225.31855442234064,0.14435090787621438,7.390766483262176,1.1164176365861893,1.1318619097206293,1,1.0,0,0.3349999999627471
n,250.0,14,28,10575163350036682371,250,1600,8,1021,3.19,8.0,cached,float32,1,0.3326797385620915,225.31855442234064,0.14435090787621438,7.390766483262176,1.1164176365861893,1.1318619097206293,1,1.0,0,0.35791659995447844
n,250.0,14,29,10157968093765585354,250,1600,8,1021,3.19,8.0,cached,float32,1,0.3326797385620915,225.31855442234064,0.14435090787621438,7.390766483262176,1.1164176365861893,1.1318619097206293,0,0.996,3,0.35093139996752143
n,250.0,14,30,10869812082645437723,250,1600,8,1021,3.19,8.0,cached,float32,1,0.3326797385620915,225.31855442234064,0.14435090787621438,7.390766483262176,1.1164176365861893,1.1318619097206293,1,1.0,0,0.34463539998978376
n,250.0,14,31,5054244019147546368,250,1600,8,1021,3.19,8.0,cached,float32,1,0.3326797385620915,225.31855442234064,0.14435090787621438,7.390766483262176,1.1164176365861893,1.1318619097206293,0,0.996,1,0.350048299995251
n,250.0,14,32,3528691220938814975,250,1600,8,1021,3.19,8.0,cached,float32,1,0.3326797385620915,225.31855442234064,0.14435090787621438,7.390766483262176,1.1164176365861893,1.1318619097206293,0,0.996,4,0.3393848999403417
n,250.0,14,33,3061026675607338456,250,1600,8,1021,3.19,8.0,cached,float32,1,0.3326797385620915,225.31855442234064,0.14435090787621438,7.390766483262176,1.1164176365861893,1.1318619097206293,0,0.992,2,0.34504479996394366
n,250.0,14,34,11628095253819255068,250,1600,8,1021,3.19,8.0,cached,float32,1,0.3326797385620915,225.31855442234064,0.14435090787621438,7.390766483262176,1.1164176365861893,1.1318619097206293,1,1.0,0,0.32989239995367825
n,250.0,14,35,2361633971941838238,250,1600,8,1021,3.19,8.0,cached,float32,1,0.3326797385620915,225.31855442234064,0.14435090787621438,7.390766483262176,1.1164176365861893,1.1318619097206293,1,1.0,0,0.33070260006934404
n,250.0,14,36,17375735048131788982,250,1600,8,1021,3.19,8.0,cached,float32,1,0.3326797385620915,225.31855442234064,0.14435090787621438,7.390766483262176,1.1164176365861893,1.1318619097206293,0,0.992,2,0.3413301999680698
n,250.0,14,37,10138097906193782812,250,1600,8,1021,3.19,8.0,cached,float32,1,0.3326797385620915,225.31855442234064,0.14435090787621438,7.390766483262176,1.1164176365861893,1.1318619097206293,0,0.992,4,0.33656730002257973
n,250.0,14,38,3635205647721687973,250,1600,8,1021,3.19,8.0,cached,float32,1,0.3326797385620915,225.31855442234064,0.14435090787621438,7.390766483262176,1.1164176365861893,1.1318619097206293,1,1.0,0,0.33676939993165433
n,250.0,14,39,2686534787442748705,250,1600,8,1021,3.19,8.0,cached,float32,1,0.3326797385620915,225.31855442234064,0.14435090787621438,7.390766483262176,1.1164176365861893,1.1318619097206293,0,0.996,5,0.34020920004695654
n,250.0,14,40,13583347524877007258,250,1600,8,1021,3.19,8.0,cached,float32,1,0.3326797385620915,225.31855442234064,0.14435090787621438,7.390766483262176,1.1164176365861893,1.1318619097206293,0,0.992,6,0.3375944000435993
n,250.0,14,41,77787601182333380,250,1600,8,1021,3.19,8.0,cached,float32,1,0.3326797385620915,225.31855442234064,0.14435090787621438,7.390766483262176,1.1164176365861893,1.1318619097206293,0,0.996,23,0.33125310007017106
n,250.0,14,42,17463204207772165866,250,1600,8,1021,3.19,8.0,cached,float32,1,0.3326797385620915,225.31855442234064,0.14435090787621438,7.390766483262176,1.1164176365861893,1.1318619097206293,0,0.996,8,0.3397543999599293
n,250.0,14,43,1467644553904684168,250,1600,8,1021,3.19,8.0,cached,float32,1,0.3326797385620915,225.31855442234064,0.14435090787621438,7.390766483262176,1.1164176365861893,1.1318619097206293,1,1.0,0,0.3302594000706449
n,250.0,14,44,3759007250026509024,250,1600,8,1021,3.19,8.0,cached,float32,1,0.3326797385620915,225.31855442234064,0.14435090787621438,7.390766483262176,1.1164176365861893,1.1318619097206293,0,0.988,1,0.3310231000650674
n,250.0,14,45,16527235927131465056,250,1600,8,1021,3.19,8.0,cached,float32,1,0.3326797385620915,225.31855442234064,0.14435090787621438,7.390766483262176,1.1164176365861893,1.1318619097206293,0,0.996,15,0.33232779998797923
n,250.0,14,46,9234749444042683387,250,1600,8,1021,3.19,8.0,cached,float32,1,0.3326797385620915,225.31855442234064,0.14435090787621438,7.390766483262176,1.1164176365861893,1.1318619097206293,0,0.992,6,0.3333810999756679
n,250.0,14,47,8809142252424332512,250,1600,8,1021,3.19,8.0,cached,float32,1,0.3326797385620915,225.31855442234064,0.14435090787621438,7.390766483262176,1.1164176365861893,1.1318619097206293,1,1.0,0,0.3324727000435814
n,250.0,14,48,14535911479320074156,250,1600,8,1021,3.19,8.0,cached,float32,1,0.3326797385620915,225.31855442234064,0.14435090787621438,7.390766483262176,1.1164176365861893,1.1318619097206293,1,1.0,0,0.33136469998862594
n,250.0,14,49,3892756897802517350,250,1600,8,1021,3.19,8.0,cached,float32,1,0.3326797385620915,225.31855442234064,0.14435090787621438,7.390766483262176,1.1164176365861893,1.1318619097206293,0,0.996,6,0.37104739993810654
n,250.0,14,50,10741679697163447785,250,1600,8,1021,3.19,8.0,cached,float32,1,0.3326797385620915,225.31855442234064,0.14435090787621438,7.390766483262176,1.1164176365861893,1.1318619097206293,0,0.996,6,0.33448399999178946
n,250.0,14,51,12421084872381676492,250,1600,8,1021,3.19,8.0,cached,float32,1,0.3326797385620915,225.31855442234064,0.14435090787621438,7.390766483262176,1.1164176365861893,1.1318619097206293,0,0.996,18,0.3283668999793008
n,250.0,14,52,16059991743547444858,250,1600,8,1021,3.19,8.0,cached,float32,1,0.3326797385620915,225.31855442234064,0.14435090787621438,7.390766483262176,1.1164176365861893,1.1318619097206293,0,0.988,11,0.3323926000157371
n,250.0,14,53,1749588335028083145,250,1600,8,1021,3.19,8.0,cached,float32,1,0.3326797385620915,225.31855442234064,0.14435090787621438,7.390766483262176,1.1164176365861893,1.1318619097206293,1,1.0,0,0.33285170001909137
n,250.0,14,54,13747139478006585786,250,1600,8,1021,3.19,8.0,cached,float32,1,0.3326797385620915,225.31855442234064,0.14435090787621438,7.390766483262176,1.1164176365861893,1.1318619097206293,0,0.992,12,0.3294176999479532
n,250.0,14,55,2645431693780625899,250,1600,8,1021,3.19,8.0,cached,float32,1,0.3326797385620915,225.31855442234064,0.14435090787621438,7.390766483262176,1.1164176365861893,1.1318619097206293,0,0.992,13,0.32965800003148615
n,250.0,14,56,564824185444860424,250,1600,8,1021,3.19,8.0,cached,float32,1,0.3326797385620915,225.31855442234064,0.14435090787621438,7.390766483262176,1.1164176365861893,1.1318619097206293,0,0.992,2,0.32734880002681166
n,250.0,14,57,9420778835630143910,250,1600,8,1021,3.19,8.0,cached,float32,1,0.3326797385620915,225.31855442234064,0.14435090787621438,7.390766483262176,1.1164176365861893,1.1318619097206293,1,1.0,0,0.3315227000275627
n,250.0,14,58,14184561791393777259,250,1600,8,1021,3.19,8.0,cached,float32,1,0.3326797385620915,225.31855442234064,0.14435090787621438,7.390766483262176,1.1164176365861893,1.1318619097206293,0,0.992,5,0.33335880003869534
n,250.0,14,59,12490645016856771238,250,1600,8,1021,3.19,8.0,cached,float32,1,0.3326797385620915,225.31855442234064,0.14435090787621438,7.390766483262176,1.1164176365861893,1.1318619097206293,0,0.992,3,0.3302254000445828
n,250.0,14,60,1742748593339688491,250,1600,8,1021,3.19,8.0,cached,float32,1,0.3326797385620915,225.31855442234064,0.14435090787621438,7.390766483262176,1.1164176365861893,1.1318619097206293,0,0.996,6,0.32713230000808835
n,250.0,14,61,9072296563921261613,250,1600,8,1021,3.19,8.0,cached,float32,1,0.3326797385620915,225.31855442234064,0.14435090787621438,7.390766483262176,1.1164176365861893,1.1318619097206293,1,1.0,0,0.33725300000514835
n,250.0,14,62,8299471555361777714,250,1600,8,1021,3.19,8.0,cached,float32,1,0.3326797385620915,225.31855442234064,0.14435090787621438,7.390766483262176,1.1164176365861893,1.1318619097206293,0,0.996,6,0.3336919998982921
n,250.0,14,63,16777650783576962258,250,1600,8,1021,3.19,8.0,cached,float32,1,0.3326797385620915,225.31855442234064,0.14435090787621438,7.390766483262176,1.1164176365861893,1.1318619097206293,0,0.996,9,0.3319338000146672
n,250.0,14,64,3575437415552989391,250,1600,8,1021,3.19,8.0,cached,float32,1,0.3326797385620915,225.31855442234064,0.14435090787621438,7.390766483262176,1.1164176365861893,1.1318619097206293,0,0.996,13,0.3310609000036493
n,250.0,14,65,13617646054774301245,250,1600,8,1021,3.19,8.0,cached,float32,1,0.3326797385620915,225.31855442234064,0.14435090787621438,7.390766483262176,1.1164176365861893,1.1318619097206293,1,1.0,0,0.33288740005809814
n,250.0,14,66,3686930821825632188,250,1600,8,1021,3.19,8.0,cached,float32,1,0.3326797385620915,225.31855442234064,0.14435090787621438,7.390766483262176,1.1164176365861893,1.1318619097206293,1,1.0,0,0.33163909998256713
n,250.0,14,67,8236756087525887161,250,1600,8,1021,3.19,8.0,cached,float32,1,0.3326797385620915,225.31855442234064,0.14435090787621438,7.390766483262176,1.1164176365861893,1.1318619097206293,0,0.988,1,0.3350296000717208
n,250.0,14,68,737256175629851965,250,1600,8,1021,3.19,8.0,cached,float32,1,0.3326797385620915,225.31855442234064,0.14435090787621438,7.390766483262176,1.1164176365861893,1.1318619097206293,0,0.988,3,0.3328278000699356
n,250.0,14,69,8720766437981172787,250,1600,8,1021,3.19,8.0,cached,float32,1,0.3326797385620915,225.31855442234064,0.14435090787621438,7.390766483262176,1.1164176365861893,1.1318619097206293,0,0.996,13,0.3288607000140473
n,250.0,14,70,15500418791767467450,250,1600,8,1021,3.19,8.0,cached,float32,1,0.3326797385620915,225.31855442234064,0.14435090787621438,7.390766483262176,1.1164176365861893,1.1318619097206293,1,1.0,0,0.33176960004493594
n,250.0,14,71,9202147090045117663,250,1600,8,1021,3.19,8.0,cached,float32,1,0.3326797385620915,225.31855442234064,0.14435090787621438,7.390766483262176,1.1164176365861893,1.1318619097206293,0,0.996,16,0.3321960000321269
n,250.0,14,72,365841693350388975,250,1600,8,1021,3.19,8.0,cached,float32,1,0.3326797385620915,225.31855442234064,0.14435090787621438,7.390766483262176,1.1164176365861893,1.1318619097206293,0,0.988,7,0.32959640002809465
n,250.0,14,73,7802167986842400311,250,1600,8,1021,3.19,8.0,cached,float32,1,0.3326797385620915,225.31855442234064,0.14435090787621438,7.390766483262176,1.1164176365861893,1.1318619097206293,0,0.996,9,0.3326859000371769
n,250.0,14,74,15070431233676265069,250,1600,8,1021,3.19,8.0,cached,float32,1,0.3326797385620915,225.31855442234064,0.14435090787621438,7.390766483262176,1.1164176365861893,1.1318619097206293,0,0.992,3,0.3320800999645144
n,250.0,14,75,8988494299955936959,250,1600,8,1021,3.19,8.0,cached,float32,1,0.3326797385620915,225.31855442234064,0.14435090787621438,7.390766483262176,1.1164176365861893,1.1318619097206293,0,0.992,1,0.3326597000705078
n,250.0,14,76,12074182608523709280,250,1600,8,1021,3.19,8.0,cached,float32,1,0.3326797385620915,225.31855442234064,0.14435090787621438,7.390766483262176,1.1164176365861893,1.1318619097206293,1,1.0,0,0.3389170999871567
n,250.0,14,77,2129728453632581408,250,1600,8,1021,3.19,8.0,cached,float32,1,0.3326797385620915,225.31855442234064,0.14435090787621438,7.390766483262176,1.1164176365861893,1.1318619097206293,0,0.996,4,0.3294590999139473
n,250.0,14,78,14186634413792091606,250,1600,8,1021,3.19,8.0,cached,float32,1,0.3326797385620915,225.31855442234064,0.14435090787621438,7.390766483262176,1.1164176365861893,1.1318619097206293,1,1.0,0,0.3307743000332266
n,250.0,14,79,4251410846002884669,250,1600,8,1021,3.19,8.0,cached,float32,1,0.3326797385620915,225.31855442234064,0.14435090787621438,7.390766483262176,1.1164176365861893,1.1318619097206293,1,1.0,0,0.3295761999906972
n,250.0,14,80,6265108767984362363,250,1600,8,1021,3.19,8.0,cached,float32,1,0.3326797385620915,225.31855442234064,0.14435090787621438,7.390766483262176,1.1164176365861893,1.1318619097206293,0,0.996,16,0.32969379995483905
n,250.0,14,81,15272309466361539251,250,1600,8,1021,3.19,8.0,cached,float32,1,0.3326797385620915,225.31855442234064,0.14435090787621438,7.390766483262176,1.1164176365861893,1.1318619097206293,0,0.992,12,0.33918879996053874
n,250.0,14,82,3688102425810515262,250,1600,8,1021,3.19,8.0,cached,float32,1,0.3326797385620915,225.31855442234064,0.14435090787621438,7.390766483262176,1.1164176365861893,1.1318619097206293,0,0.996,3,0.3281285000266507
n,250.0,14,83,3040597820288279605,250,1600,8,1021,3.19,8.0,cached,float32,1,0.3326797385620915,225.31855442234064,0.14435090787621438,7.390766483262176,1.1164176365861893,1.1318619097206293,0,0.996,11,0.33150089997798204
n,250.0,14,84,12216844526902952542,250,1600,8,1021,3.19,8.0,cached,float32,1,0.3326797385620915,225.31855442234064,0.14435090787621438,7.390766483262176,1.1164176365861893,1.1318619097206293,0,0.992,5,0.32764189993031323
n,250.0,14,85,5494523650783078463,250,1600,8,1021,3.19,8.0,cached,float32,1,0.3326797385620915,225.31855442234064,0.14435090787621438,7.390766483262176,1.1164176365861893,1.1318619097206293,0,0.996,9,0.335635400027968
n,250.0,14,86,6156655825714073092,250,1600,8,1021,3.19,8.0,cached,float32,1,0.3326797385620915,225.31855442234064,0.14435090787621438,7.390766483262176,1.1164176365861893,1.1318619097206293,0,0.992,4,0.3573615000350401
n,250.0,14,87,6380548263921320631,250,1600,8,1021,3.19,8.0,cached,float32,1,0.3326797385620915,225.31855442234064,0.14435090787621438,7.390766483262176,1.1164176365861893,1.1318619097206293,1,1.0,0,0.336603399948217
n,250.0,14,88,9816824936816683256,250,1600,8,1021,3.19,8.0,cached,float32,1,0.3326797385620915,225.31855442234064,0.14435090787621438,7.390766483262176,1.1164176365861893,1.1318619097206293,0,0.996,19,0.33517879992723465
n,250.0,14,89,812484323889039145,250,1600,8,1021,3.19,8.0,cached,float32,1,0.3326797385620915,225.31855442234064,0.14435090787621438,7.390766483262176,1.1164176365861893,1.1318619097206293,0,0.996,21,0.3270689999917522
n,250.0,14,90,4977796628658250495,250,1600,8,1021,3.19,8.0,cached,float32,1,0.3326797385620915,225.31855442234064,0.14435090787621438,7.390766483262176,1.1164176365861893,1.1318619097206293,1,1.0,0,0.33207530004438013
n,250.0,14,91,10903958516704727280,250,1600,8,1021,3.19,8.0,cached,float32,1,0.3326797385620915,225.31855442234064,0.14435090787621438,7.390766483262176,1.1164176365861893,1.1318619097206293,1,1.0,0,0.33020179998129606
n,250.0,14,92,16082089497548620747,250,1600,8,1021,3.19,8.0,cached,float32,1,0.3326797385620915,225.31855442234064,0.14435090787621438,7.390766483262176,1.1164176365861893,1.1318619097206293,1,1.0,0,0.3327141999034211
n,250.0,14,93,6572544588042108009,250,1600,8,1021,3.19,8.0,cached,float32,1,0.3326797385620915,225.31855442234064,0.14435090787621438,7.390766483262176,1.1164176365861893,1.1318619097206293,1,1.0,0,0.333371700020507
n,250.0,14,94,1061690882324999079,250,1600,8,1021,3.19,8.0,cached,float32,1,0.3326797385620915,225.31855442234064,0.14435090787621438,7.390766483262176,1.1164176365861893,1.1318619097206293,0,0.996,1,0.3430143999867141
n,250.0,14,95,9953200649502165057,250,1600,8,1021,3.19,8.0,cached,float32,1,0.3326797385620915,225.31855442234064,0.14435090787621438,7.390766483262176,1.1164176365861893,1.1318619097206293,0,0.984,2,0.3333930999506265
n,250.0,14,96,240154818870691134,250,1600,8,1021,3.19,8.0,cached,float32,1,0.3326797385620915,225.31855442234064,0.14435090787621438,7.390766483262176,1.1164176365861893,1.1318619097206293,0,0.996,3,0.3300610000733286
n,250.0,14,97,2750422647815999704,250,1600,8,1021,3.19,8.0,cached,float32,1,0.3326797385620915,225.31855442234064,0.14435090787621438,7.390766483262176,1.1164176365861893,1.1318619097206293,0,0.996,8,0.3329076999798417
n,250.0,14,98,7444105199114656578,250,1600,8,1021,3.19,8.0,cached,float32,1,0.3326797385620915,225.31855442234064,0.14435090787621438,7.390766483262176,1.1164176365861893,1.1318619097206293,0,0.996,20,0.3299479999113828
n,250.0,14,99,7493896868001903933,250,1600,8,1021,3.19,8.0,cached,float32,1,0.3326797385620915,225.31855442234064,0.14435090787621438,7.390766483262176,1.1164176365861893,1.1318619097206293,1,1.0,0,0.3318809000775218
n,300.0,15,0,290647269744519116,300,1600,8,1021,3.19,8.0,cached,float32,1,0.3326797385620915,225.31855442234064,0.14435090787621438,6.158972069385147,0.9054123266399897,0.9179375992742306,0,0.9933333333333333,12,0.33979219989851117
n,300.0,15,1,3454496776039455839,300,1600,8,1021,3.19,8.0,cached,float32,1,0.3326797385620915,225.31855442234064,0.14435090787621438,6.158972069385147,0.9054123266399897,0.9179375992742306,0,0.9933333333333333,4,0.35160690010525286
n,300.0,15,2,17535987297579436682,300,1600,8,1021,3.19,8.0,cached,float32,1,0.3326797385620915,225.31855442234064,0.14435090787621438,6.158972069385147,0.9054123266399897,0.9179375992742306,0,0.9933333333333333,16,0.33621019998099655
n,300.0,15,3,9318791128771803489,300,1600,8,1021,3.19,8.0,cached,float32,1,0.3326797385620915,225.31855442234064,0.14435090787621438,6.158972069385147,0.9054123266399897,0.9179375992742306,0,0.9833333333333333,6,0.33866370003670454
n,300.0,15,4,2708776067349462777,300,1600,8,1021,3.19,8.0,cached,float32,1,0.3326797385620915,225.31855442234064,0.14435090787621438,6.158972069385147,0.9054123266399897,0.9179375992742306,0,0.9966666666666667,13,0.33284209994599223
n,300.0,15,5,9933024783397011115,300,1600,8,1021,3.19,8.0,cached,float32,1,0.3326797385620915,225.31855442234064,0.14435090787621438,6.158972069385147,0.9054123266399897,0.9179375992742306,0,0.9966666666666667,30,0.335089800064452
n,300.0,15,6,16143455794966934479,300,1600,8,1021,3.19,8.0,cached,float32,1,0.3326797385620915,225.31855442234064,0.14435090787621438,6.158972069385147,0.9054123266399897,0.9179375992742306,0,0.9933333333333333,7,0.33266469999216497
n,300.0,15,7,11056992554796700665,300,1600,8,1021,3.19,8.0,cached,float32,1,0.3326797385620915,225.31855442234064,0.14435090787621438,6.158972069385147,0.9054123266399897,0.9179375992742306,0,0.9833333333333333,1,0.33173890004400164
n,300.0,15,8,13876993752828754046,300,1600,8,1021,3.19,8.0,cached,float32,1,0.3326797385620915,225.31855442234064,0.14435090787621438,6.158972069385147,0.9054123266399897,0.9179375992742306,0,0.9966666666666667,9,0.33322970010340214
n,300.0,15,9,1932083711422801236,300,1600,8,1021,3.19,8.0,cached,float32,1,0.3326797385620915,225.31855442234064,0.14435090787621438,6.158972069385147,0.9054123266399897,0.9179375992742306,0,0.9933333333333333,10,0.3382734999759123
n,300.0,15,10,4365171763025607834,300,1600,8,1021,3.19,8.0,cached,float32,1,0.3326797385620915,225.31855442234064,0.14435090787621438,6.158972069385147,0.9054123266399897,0.9179375992742306,0,0.9966666666666667,15,0.3330987000372261
n,300.0,15,11,15149071705269813107,300,1600,8,1021,3.19,8.0,cached,float32,1,0.3326797385620915,225.31855442234064,0.14435090787621438,6.158972069385147,0.9054123266399897,0.9179375992742306,0,0.9966666666666667,21,0.338554700021632
n,300.0,15,12,10730984893346482969,300,1600,8,1021,3.19,8.0,cached,float32,1,0.3326797385620915,225.31855442234064,0.14435090787621438,6.158972069385147,0.9054123266399897,0.9179375992742306,0,0.9833333333333333,3,0.35286210000049323
n,300.0,15,13,2720282848341894055,300,1600,8,1021,3.19,8.0,cached,float32,1,0.3326797385620915,225.31855442234064,0.14435090787621438,6.158972069385147,0.9054123266399897,0.9179375992742306,0,0.9933333333333333,2,0.3505812999792397
n,300.0,15,14,5338879589411778620,300,1600,8,1021,3.19,8.0,cached,float32,1,0.3326797385620915,225.31855442234064,0.14435090787621438,6.158972069385147,0.9054123266399897,0.9179375992742306,0,0.9966666666666667,1,0.34840690006967634
n,300.0,15,15,3710811726515408343,300,1600,8,1021,3.19,8.0,cached,float32,1,0.3326797385620915,225.31855442234064,0.14435090787621438,6.158972069385147,0.9054123266399897,0.9179375992742306,0,0.9866666666666667,6,0.34175070002675056
n,300.0,15,16,9157138702843627030,300,1600,8,1021,3.19,8.0,cached,float32,1,0.3326797385620915,225.31855442234064,0.14435090787621438,6.158972069385147,0.9054123266399897,0.9179375992742306,0,0.9933333333333333,13,0.35140809998847544
n,300.0,15,17,2982077190449924634,300,1600,8,1021,3.19,8.0,cached,float32,1,0.3326797385620915,225.31855442234064,0.14435090787621438,6.158972069385147,0.9054123266399897,0.9179375992742306,0,0.99,1,0.3455244000069797
n,300.0,15,18,14345591004243394764,300,1600,8,1021,3.19,8.0,cached,float32,1,0.3326797385620915,225.31855442234064,0.14435090787621438,6.158972069385147,0.9054123266399897,0.9179375992742306,1,1.0,0,0.3403415000066161
n,300.0,15,19,13335915814382552285,300,1600,8,1021,3.19,8.0,cached,float32,1,0.3326797385620915,225.31855442234064,0.14435090787621438,6.158972069385147,0.9054123266399897,0.9179375992742306,0,0.9966666666666667,1,0.331039399956353
n,300.0,15,20,4076964882860180327,300,1600,8,1021,3.19,8.0,cached,float32,1,0.3326797385620915,225.31855442234064,0.14435090787621438,6.158972069385147,0.9054123266399897,0.9179375992742306,0,0.9966666666666667,4,0.37871660001110286
n,300.0,15,21,7004744517578551103,300,1600,8,1021,3.19,8.0,cached,float32,1,0.3326797385620915,225.31855442234064,0.14435090787621438,6.158972069385147,0.9054123266399897,0.9179375992742306,0,0.9966666666666667,26,0.33370019996073097
n,300.0,15,22,7383395399299314395,300,1600,8,1021,3.19,8.0,cached,float32,1,0.3326797385620915,225.31855442234064,0.14435090787621438,6.158972069385147,0.9054123266399897,0.9179375992742306,0,0.9933333333333333,4,0.33835089998319745
n,300.0,15,23,16438974661539203328,300,1600,8,1021,3.19,8.0,cached,float32,1,0.3326797385620915,225.31855442234064,0.14435090787621438,6.158972069385147,0.9054123266399897,0.9179375992742306,0,0.9733333333333334,3,0.3319362999172881
n,300.0,15,24,2393364223872387579,300,1600,8,1021,3.19,8.0,cached,float32,1,0.3326797385620915,225.31855442234064,0.14435090787621438,6.158972069385147,0.9054123266399897,0.9179375992742306,1,1.0,0,0.33060959994327277
n,300.0,15,25,8738517514574176361,300,1600,8,1021,3.19,8.0,cached,float32,1,0.3326797385620915,225.31855442234064,0.14435090787621438,6.158972069385147,0.9054123266399897,0.9179375992742306,0,0.9933333333333333,21,0.33145419997163117
n,300.0,15,26,4426686715981173323,300,1600,8,1021,3.19,8.0,cached,float32,1,0.3326797385620915,225.31855442234064,0.14435090787621438,6.158972069385147,0.9054123266399897,0.9179375992742306,0,0.99,10,0.3355944000650197
n,300.0,15,27,7543354716643422100,300,1600,8,1021,3.19,8.0,cached,float32,1,0.3326797385620915,225.31855442234064,0.14435090787621438,6.158972069385147,0.9054123266399897,0.9179375992742306,0,0.9933333333333333,8,0.33581439999397844
n,300.0,15,28,174747915221670992,300,1600,8,1021,3.19,8.0,cached,float32,1,0.3326797385620915,225.31855442234064,0.14435090787621438,6.158972069385147,0.9054123266399897,0.9179375992742306,0,0.9933333333333333,10,0.3308952000224963
n,300.0,15,29,8441886102639140933,300,1600,8,1021,3.19,8.0,cached,float32,1,0.3326797385620915,225.31855442234064,0.14435090787621438,6.158972069385147,0.9054123266399897,0.9179375992742306,0,0.9933333333333333,3,0.3369071000488475
n,300.0,15,30,6368538908416586601,300,1600,8,1021,3.19,8.0,cached,float32,1,0.3326797385620915,225.31855442234064,0.14435090787621438,6.158972069385147,0.9054123266399897,0.9179375992742306,0,0.9933333333333333,13,0.3342956000706181
n,300.0,15,31,5492576672613096446,300,1600,8,1021,3.19,8.0,cached,float32,1,0.3326797385620915,225.31855442234064,0.14435090787621438,6.158972069385147,0.9054123266399897,0.9179375992742306,0,0.9966666666666667,20,0.3362046000547707
n,300.0,15,32,10267319538992358176,300,1600,8,1021,3.19,8.0,cached,float32,1,0.3326797385620915,225.31855442234064,0.14435090787621438,6.158972069385147,0.9054123266399897,0.9179375992742306,0,0.98,1,0.34106560004875064
n,300.0,15,33,1746897079358205939,300,1600,8,1021,3.19,8.0,cached,float32,1,0.3326797385620915,225.31855442234064,0.14435090787621438,6.158972069385147,0.9054123266399897,0.9179375992742306,1,1.0,0,0.3354581999592483
n,300.0,15,34,4273556802855418396,300,1600,8,1021,3.19,8.0,cached,float32,1,0.3326797385620915,225.31855442234064,0.14435090787621438,6.158972069385147,0.9054123266399897,0.9179375992742306,0,0.9933333333333333,14,0.3445516999345273
n,300.0,15,35,5402878853015889167,300,1600,8,1021,3.19,8.0,cached,float32,1,0.3326797385620915,225.31855442234064,0.14435090787621438,6.158972069385147,0.9054123266399897,0.9179375992742306,0,0.99,8,0.3567975000478327
n,300.0,15,36,917442308903794164,300,1600,8,1021,3.19,8.0,cached,float32,1,0.3326797385620915,225.31855442234064,0.14435090787621438,6.158972069385147,0.9054123266399897,0.9179375992742306,0,0.9766666666666667,5,0.3410757000092417
n,300.0,15,37,11538303921390599955,300,1600,8,1021,3.19,8.0,cached,float32,1,0.3326797385620915,225.31855442234064,0.14435090787621438,6.158972069385147,0.9054123266399897,0.9179375992742306,0,0.9966666666666667,22,0.343548099976033
n,300.0,15,38,6402341157022221506,300,1600,8,1021,3.19,8.0,cached,float32,1,0.3326797385620915,225.31855442234064,0.14435090787621438,6.158972069385147,0.9054123266399897,0.9179375992742306,0,0.9866666666666667,2,0.3498239000327885
n,300.0,15,39,12482684413636763285,300,1600,8,1021,3.19,8.0,cached,float32,1,0.3326797385620915,225.31855442234064,0.14435090787621438,6.158972069385147,0.9054123266399897,0.9179375992742306,1,1.0,0,0.37028129992540926
n,300.0,15,40,2653134320564713871,300,1600,8,1021,3.19,8.0,cached,float32,1,0.3326797385620915,225.31855442234064,0.14435090787621438,6.158972069385147,0.9054123266399897,0.9179375992742306,1,1.0,0,0.33630429999902844
n,300.0,15,41,14365301591158086181,300,1600,8,1021,3.19,8.0,cached,float32,1,0.3326797385620915,225.31855442234064,0.14435090787621438,6.158972069385147,0.9054123266399897,0.9179375992742306,0,0.99,7,0.3340994999743998
n,300.0,15,42,16619639247946852365,300,1600,8,1021,3.19,8.0,cached,float32,1,0.3326797385620915,225.31855442234064,0.14435090787621438,6.158972069385147,0.9054123266399897,0.9179375992742306,1,1.0,0,0.341596300015226
n,300.0,15,43,5342833518666020076,300,1600,8,1021,3.19,8.0,cached,float32,1,0.3326797385620915,225.31855442234064,0.14435090787621438,6.158972069385147,0.9054123266399897,0.9179375992742306,0,0.9933333333333333,16,0.3528226000489667
n,300.0,15,44,1886511313515733742,300,1600,8,1021,3.19,8.0,cached,float32,1,0.3326797385620915,225.31855442234064,0.14435090787621438,6.158972069385147,0.9054123266399897,0.9179375992742306,1,1.0,0,0.3348952999804169
n,300.0,15,45,12006024551139262920,300,1600,8,1021,3.19,8.0,cached,float32,1,0.3326797385620915,225.31855442234064,0.14435090787621438,6.158972069385147,0.9054123266399897,0.9179375992742306,0,0.9866666666666667,3,0.3384359000483528
n,300.0,15,46,16753325278762576708,300,1600,8,1021,3.19,8.0,cached,float32,1,0.3326797385620915,225.31855442234064,0.14435090787621438,6.158972069385147,0.9054123266399897,0.9179375992742306,0,0.9966666666666667,6,0.33445940003730357
n,300.0,15,47,3764985135798136683,300,1600,8,1021,3.19,8.0,cached,float32,1,0.3326797385620915,225.31855442234064,0.14435090787621438,6.158972069385147,0.9054123266399897,0.9179375992742306,0,0.99,6,0.3370270000305027
n,300.0,15,48,6371241144012133288,300,1600,8,1021,3.19,8.0,cached,float32,1,0.3326797385620915,225.31855442234064,0.14435090787621438,6.158972069385147,0.9054123266399897,0.9179375992742306,0,0.9866666666666667,9,0.3311098999110982
n,300.0,15,49,17288392082735558814,300,1600,8,1021,3.19,8.0,cached,float32,1,0.3326797385620915,225.31855442234064,0.14435090787621438,6.158972069385147,0.9054123266399897,0.9179375992742306,0,0.9966666666666667,15,0.33459600002970546
n,300.0,15,50,14678272053857315232,300,1600,8,1021,3.19,8.0,cached,float32,1,0.3326797385620915,225.31855442234064,0.14435090787621438,6.158972069385147,0.9054123266399897,0.9179375992742306,1,1.0,0,0.3322454000590369
n,300.0,15,51,5498952559329272670,300,1600,8,1021,3.19,8.0,cached,float32,1,0.3326797385620915,225.31855442234064,0.14435090787621438,6.158972069385147,0.9054123266399897,0.9179375992742306,0,0.9966666666666667,36,0.33584920002613217
n,300.0,15,52,2239668363394359221,300,1600,8,1021,3.19,8.0,cached,float32,1,0.3326797385620915,225.31855442234064,0.14435090787621438,6.158972069385147,0.9054123266399897,0.9179375992742306,0,0.9933333333333333,1,0.3360302000073716
n,300.0,15,53,11908279045657482058,300,1600,8,1021,3.19,8.0,cached,float32,1,0.3326797385620915,225.31855442234064,0.14435090787621438,6.158972069385147,0.9054123266399897,0.9179375992742306,0,0.9966666666666667,4,0.33099090005271137
n,300.0,15,54,16434812102044931630,300,1600,8,1021,3.19,8.0,cached,float32,1,0.3326797385620915,225.31855442234064,0.14435090787621438,6.158972069385147,0.9054123266399897,0.9179375992742306,0,0.9833333333333333,2,0.34046410000883043
n,300.0,15,55,10322086183576948039,300,1600,8,1021,3.19,8.0,cached,float32,1,0.3326797385620915,225.31855442234064,0.14435090787621438,6.158972069385147,0.9054123266399897,0.9179375992742306,0,0.9966666666666667,21,0.3353554999921471
n,300.0,15,56,14332198073272234781,300,1600,8,1021,3.19,8.0,cached,float32,1,0.3326797385620915,225.31855442234064,0.14435090787621438,6.158972069385147,0.9054123266399897,0.9179375992742306,0,0.9933333333333333,2,0.37034200003836304
n,300.0,15,57,10356814513221063010,300,1600,8,1021,3.19,8.0,cached,float32,1,0.3326797385620915,225.31855442234064,0.14435090787621438,6.158972069385147,0.9054123266399897,0.9179375992742306,0,0.9966666666666667,7,0.3351884000003338
n,300.0,15,58,16350941263906180014,300,1600,8,1021,3.19,8.0,cached,float32,1,0.3326797385620915,225.31855442234064,0.14435090787621438,6.158972069385147,0.9054123266399897,0.9179375992742306,1,1.0,0,0.3318878000136465
n,300.0,15,59,11053201855088720277,300,1600,8,1021,3.19,8.0,cached,float32,1,0.3326797385620915,225.31855442234064,0.14435090787621438,6.158972069385147,0.9054123266399897,0.9179375992742306,1,1.0,0,0.33451990003231913
n,300.0,15,60,8237640327125646862,300,1600,8,1021,3.19,8.0,cached,float32,1,0.3326797385620915,225.31855442234064,0.14435090787621438,6.158972069385147,0.9054123266399897,0.9179375992742306,0,0.99,10,0.3324588999385014
n,300.0,15,61,10678698975681882233,300,1600,8,1021,3.19,8.0,cached,float32,1,0.3326797385620915,225.31855442234064,0.14435090787621438,6.158972069385147,0.9054123266399897,0.9179375992742306,0,0.99,5,0.3526386999292299
n,300.0,15,62,9243371333636279796,300,1600,8,1021,3.19,8.0,cached,float32,1,0.3326797385620915,225.31855442234064,0.14435090787621438,6.158972069385147,0.9054123266399897,0.9179375992742306,0,0.99,3,0.33748210000339895
n,300.0,15,63,2906214981649403400,300,1600,8,1021,3.19,8.0,cached,float32,1,0.3326797385620915,225.31855442234064,0.14435090787621438,6.158972069385147,0.9054123266399897,0.9179375992742306,0,0.9866666666666667,1,0.3332093999488279
n,300.0,15,64,2397080136068427748,300,1600,8,1021,3.19,8.0,cached,float32,1,0.3326797385620915,225.31855442234064,0.14435090787621438,6.158972069385147,0.9054123266399897,0.9179375992742306,0,0.99,6,0.335243699955754
n,300.0,15,65,4660479869816146376,300,1600,8,1021,3.19,8.0,cached,float32,1,0.3326797385620915,225.31855442234064,0.14435090787621438,6.158972069385147,0.9054123266399897,0.9179375992742306,0,0.9933333333333333,2,0.3332865000702441
n,300.0,15,66,7298833441643207818,300,1600,8,1021,3.19,8.0,cached,float32,1,0.3326797385620915,225.31855442234064,0.14435090787621438,6.158972069385147,0.9054123266399897,0.9179375992742306,0,0.9866666666666667,1,0.34246299997903407
n,300.0,15,67,15390796382693866062,300,1600,8,1021,3.19,8.0,cached,float32,1,0.3326797385620915,225.31855442234064,0.14435090787621438,6.158972069385147,0.9054123266399897,0.9179375992742306,0,0.9966666666666667,2,0.33574449992738664
n,300.0,15,68,5078740942567945852,300,1600,8,1021,3.19,8.0,cached,float32,1,0.3326797385620915,225.31855442234064,0.14435090787621438,6.158972069385147,0.9054123266399897,0.9179375992742306,0,0.9933333333333333,19,0.3351766000268981
n,300.0,15,69,11151731691466536272,300,1600,8,1021,3.19,8.0,cached,float32,1,0.3326797385620915,225.31855442234064,0.14435090787621438,6.158972069385147,0.9054123266399897,0.9179375992742306,1,1.0,0,0.33429430006071925
n,300.0,15,70,6210680323017805484,300,1600,8,1021,3.19,8.0,cached,float32,1,0.3326797385620915,225.31855442234064,0.14435090787621438,6.158972069385147,0.9054123266399897,0.9179375992742306,0,0.9966666666666667,4,0.331036499934271
n,300.0,15,71,13859895296073844985,300,1600,8,1021,3.19,8.0,cached,float32,1,0.3326797385620915,225.31855442234064,0.14435090787621438,6.158972069385147,0.9054123266399897,0.9179375992742306,0,0.9933333333333333,9,0.33133769989944994
n,300.0,15,72,4027817080719628698,300,1600,8,1021,3.19,8.0,cached,float32,1,0.3326797385620915,225.31855442234064,0.14435090787621438,6.158972069385147,0.9054123266399897,0.9179375992742306,1,1.0,0,0.3294637000653893
n,300.0,15,73,11968970753025637027,300,1600,8,1021,3.19,8.0,cached,float32,1,0.3326797385620915,225.31855442234064,0.14435090787621438,6.158972069385147,0.9054123266399897,0.9179375992742306,0,0.9966666666666667,32,0.360193399945274
n,300.0,15,74,14423044797173944447,300,1600,8,1021,3.19,8.0,cached,float32,1,0.3326797385620915,225.31855442234064,0.14435090787621438,6.158972069385147,0.9054123266399897,0.9179375992742306,0,0.98,1,0.32902989990543574
n,300.0,15,75,8830527828865516924,300,1600,8,1021,3.19,8.0,cached,float32,1,0.3326797385620915,225.31855442234064,0.14435090787621438,6.158972069385147,0.9054123266399897,0.9179375992742306,0,0.9966666666666667,1,0.33231059997342527
n,300.0,15,76,1099306135562831147,300,1600,8,1021,3.19,8.0,cached,float32,1,0.3326797385620915,225.31855442234064,0.14435090787621438,6.158972069385147,0.9054123266399897,0.9179375992742306,0,0.9966666666666667,2,0.33032189996447414
n,300.0,15,77,4860270423775575628,300,1600,8,1021,3.19,8.0,cached,float32,1,0.3326797385620915,225.31855442234064,0.14435090787621438,6.158972069385147,0.9054123266399897,0.9179375992742306,0,0.9933333333333333,7,0.33270719996653497
n,300.0,15,78,5223573667885740508,300,1600,8,1021,3.19,8.0,cached,float32,1,0.3326797385620915,225.31855442234064,0.14435090787621438,6.158972069385147,0.9054123266399897,0.9179375992742306,0,0.9966666666666667,8,0.334047699929215
n,300.0,15,79,3521059851106153669,300,1600,8,1021,3.19,8.0,cached,float32,1,0.3326797385620915,225.31855442234064,0.14435090787621438,6.158972069385147,0.9054123266399897,0.9179375992742306,0,0.98,6,0.3410069999517873
n,300.0,15,80,7579884145468792413,300,1600,8,1021,3.19,8.0,cached,float32,1,0.3326797385620915,225.31855442234064,0.14435090787621438,6.158972069385147,0.9054123266399897,0.9179375992742306,0,0.9966666666666667,17,0.335764899966307
n,300.0,15,81,5293224064052822455,300,1600,8,1021,3.19,8.0,cached,float32,1,0.3326797385620915,225.31855442234064,0.14435090787621438,6.158972069385147,0.9054123266399897,0.9179375992742306,0,0.9966666666666667,8,0.3332042000256479
n,300.0,15,82,4235462874679770470,300,1600,8,1021,3.19,8.0,cached,float32,1,0.3326797385620915,225.31855442234064,0.14435090787621438,6.158972069385147,0.9054123266399897,0.9179375992742306,0,0.99,1,0.33549830003175884
n,300.0,15,83,6192381817397751097,300,1600,8,1021,3.19,8.0,cached,float32,1,0.3326797385620915,225.31855442234064,0.14435090787621438,6.158972069385147,0.9054123266399897,0.9179375992742306,1,1.0,0,0.3334764000028372
n,300.0,15,84,5393984544022966431,300,1600,8,1021,3.19,8.0,cached,float32,1,0.3326797385620915,225.31855442234064,0.14435090787621438,6.158972069385147,0.9054123266399897,0.9179375992742306,0,0.99,1,0.3354737999616191
n,300.0,15,85,726479842432216606,300,1600,8,1021,3.19,8.0,cached,float32,1,0.3326797385620915,225.31855442234064,0.14435090787621438,6.158972069385147,0.9054123266399897,0.9179375992742306,0,0.9833333333333333,2,0.3339997000293806
n,300.0,15,86,16594732131183724242,300,1600,8,1021,3.19,8.0,cached,float32,1,0.3326797385620915,225.31855442234064,0.14435090787621438,6.158972069385147,0.9054123266399897,0.9179375992742306,0,0.9866666666666667,1,0.3332406000699848
n,300.0,15,87,12624985182105632990,300,1600,8,1021,3.19,8.0,cached,float32,1,0.3326797385620915,225.31855442234064,0.14435090787621438,6.158972069385147,0.9054123266399897,0.9179375992742306,0,0.98,6,0.3307483000680804
n,300.0,15,88,16675195746319546184,300,1600,8,1021,3.19,8.0,cached,float32,1,0.3326797385620915,225.31855442234064,0.14435090787621438,6.158972069385147,0.9054123266399897,0.9179375992742306,0,0.98,3,0.3376943999901414
n,300.0,15,89,5896973371804136027,300,1600,8,1021,3.19,8.0,cached,float32,1,0.3326797385620915,225.31855442234064,0.14435090787621438,6.158972069385147,0.9054123266399897,0.9179375992742306,0,0.98,4,0.3378877999493852
n,300.0,15,90,12411256766288075799,300,1600,8,1021,3.19,8.0,cached,float32,1,0.3326797385620915,225.31855442234064,0.14435090787621438,6.158972069385147,0.9054123266399897,0.9179375992742306,0,0.9966666666666667,6,0.3437829000176862
n,300.0,15,91,1156420170295186978,300,1600,8,1021,3.19,8.0,cached,float32,1,0.3326797385620915,225.31855442234064,0.14435090787621438,6.158972069385147,0.9054123266399897,0.9179375992742306,0,0.9466666666666667,1,0.34137359994929284
n,300.0,15,92,7277365651241073630,300,1600,8,1021,3.19,8.0,cached,float32,1,0.3326797385620915,225.31855442234064,0.14435090787621438,6.158972069385147,0.9054123266399897,0.9179375992742306,0,0.9833333333333333,2,0.3351654000580311
n,300.0,15,93,10366847490822594920,300,1600,8,1021,3.19,8.0,cached,float32,1,0.3326797385620915,225.31855442234064,0.14435090787621438,6.158972069385147,0.9054123266399897,0.9179375992742306,1,1.0,0,0.33017530001234263
n,300.0,15,94,370531947663226960,300,1600,8,1021,3.19,8.0,cached,float32,1,0.3326797385620915,225.31855442234064,0.14435090787621438,6.158972069385147,0.9054123266399897,0.9179375992742306,1,1.0,0,0.33214779989793897
n,300.0,15,95,18077701772851886383,300,1600,8,1021,3.19,8.0,cached,float32,1,0.3326797385620915,225.31855442234064,0.14435090787621438,6.158972069385147,0.9054123266399897,0.9179375992742306,0,0.9933333333333333,26,0.33753980009350926
n,300.0,15,96,13404832668231172928,300,1600,8,1021,3.19,8.0,cached,float32,1,0.3326797385620915,225.31855442234064,0.14435090787621438,6.158972069385147,0.9054123266399897,0.9179375992742306,1,1.0,0,0.3337642999831587
n,300.0,15,97,987035945293207494,300,1600,8,1021,3.19,8.0,cached,float32,1,0.3326797385620915,225.31855442234064,0.14435090787621438,6.158972069385147,0.9054123266399897,0.9179375992742306,0,0.9933333333333333,4,0.3360454000066966
n,300.0,15,98,17735696307123105861,300,1600,8,1021,3.19,8.0,cached,float32,1,0.3326797385620915,225.31855442234064,0.14435090787621438,6.158972069385147,0.9054123266399897,0.9179375992742306,0,0.9933333333333333,8,0.3359815999865532
n,300.0,15,99,5719204742923224325,300,1600,8,1021,3.19,8.0,cached,float32,1,0.3326797385620915,225.31855442234064,0.14435090787621438,6.158972069385147,0.9054123266399897,0.9179375992742306,1,1.0,0,0.33546049997676164
n,400.0,16,0,11982158679710143884,400,1600,8,1021,3.19,8.0,cached,float32,1,0.3326797385620915,225.31855442234064,0.14435090787621438,4.61922905203886,0.6515062049441431,0.6605189967956834,0,0.9875,7,0.3411185999866575
n,400.0,16,1,1402334468739193475,400,1600,8,1021,3.19,8.0,cached,float32,1,0.3326797385620915,225.31855442234064,0.14435090787621438,4.61922905203886,0.6515062049441431,0.6605189967956834,0,0.985,1,0.36019080004189163
n,400.0,16,2,5436358786568168797,400,1600,8,1021,3.19,8.0,cached,float32,1,0.3326797385620915,225.31855442234064,0.14435090787621438,4.61922905203886,0.6515062049441431,0.6605189967956834,1,1.0,0,0.433478599996306
n,400.0,16,3,8518598258286188498,400,1600,8,1021,3.19,8.0,cached,float32,1,0.3326797385620915,225.31855442234064,0.14435090787621438,4.61922905203886,0.6515062049441431,0.6605189967956834,0,0.99,2,0.3534465000266209
n,400.0,16,4,532644373761320148,400,1600,8,1021,3.19,8.0,cached,float32,1,0.3326797385620915,225.31855442234064,0.14435090787621438,4.61922905203886,0.6515062049441431,0.6605189967956834,0,0.97,3,0.3515586999710649
n,400.0,16,5,17455747708761186617,400,1600,8,1021,3.19,8.0,cached,float32,1,0.3326797385620915,225.31855442234064,0.14435090787621438,4.61922905203886,0.6515062049441431,0.6605189967956834,0,0.97,1,0.3535249000415206
n,400.0,16,6,13140822382599319525,400,1600,8,1021,3.19,8.0,cached,float32,1,0.3326797385620915,225.31855442234064,0.14435090787621438,4.61922905203886,0.6515062049441431,0.6605189967956834,0,0.98,1,0.36300480004865676
n,400.0,16,7,7361327964384437977,400,1600,8,1021,3.19,8.0,cached,float32,1,0.3326797385620915,225.31855442234064,0.14435090787621438,4.61922905203886,0.6515062049441431,0.6605189967956834,0,0.9775,1,0.3572535999119282
n,400.0,16,8,1950393385897003410,400,1600,8,1021,3.19,8.0,cached,float32,1,0.3326797385620915,225.31855442234064,0.14435090787621438,4.61922905203886,0.6515062049441431,0.6605189967956834,0,0.9725,1,0.34351290005724877
n,400.0,16,9,7375587595237312693,400,1600,8,1021,3.19,8.0,cached,float32,1,0.3326797385620915,225.31855442234064,0.14435090787621438,4.61922905203886,0.6515062049441431,0.6605189967956834,1,1.0,0,0.35469360009301454
n,400.0,16,10,5592071999068867457,400,1600,8,1021,3.19,8.0,cached,float32,1,0.3326797385620915,225.31855442234064,0.14435090787621438,4.61922905203886,0.6515062049441431,0.6605189967956834,0,0.9925,3,0.34353770001325756
n,400.0,16,11,17489771309829587,400,1600,8,1021,3.19,8.0,cached,float32,1,0.3326797385620915,225.31855442234064,0.14435090787621438,4.61922905203886,0.6515062049441431,0.6605189967956834,0,0.9925,38,0.34341940004378557
n,400.0,16,12,2681032638715478643,400,1600,8,1021,3.19,8.0,cached,float32,1,0.3326797385620915,225.31855442234064,0.14435090787621438,4.61922905203886,0.6515062049441431,0.6605189967956834,0,0.965,2,0.35090600000694394
n,400.0,16,13,14557433766450981089,400,1600,8,1021,3.19,8.0,cached,float32,1,0.3326797385620915,225.31855442234064,0.14435090787621438,4.61922905203886,0.6515062049441431,0.6605189967956834,0,0.9975,22,0.3418340999633074
n,400.0,16,14,4202021466902152254,400,1600,8,1021,3.19,8.0,cached,float32,1,0.3326797385620915,225.31855442234064,0.14435090787621438,4.61922905203886,0.6515062049441431,0.6605189967956834,0,0.9975,21,0.3441512000281364
n,400.0,16,15,14570982213749257519,400,1600,8,1021,3.19,8.0,cached,float32,1,0.3326797385620915,225.31855442234064,0.14435090787621438,4.61922905203886,0.6515062049441431,0.6605189967956834,0,0.975,1,0.33815049997065216
n,400.0,16,16,12066659214584659591,400,1600,8,1021,3.19,8.0,cached,float32,1,0.3326797385620915,225.31855442234064,0.14435090787621438,4.61922905203886,0.6515062049441431,0.6605189967956834,0,0.9925,8,0.33883200003765523
n,400.0,16,17,7372999271891343172,400,1600,8,1021,3.19,8.0,cached,float32,1,0.3326797385620915,225.31855442234064,0.14435090787621438,4.61922905203886,0.6515062049441431,0.6605189967956834,0,0.9725,2,0.3448659999994561
n,400.0,16,18,4888367393274388804,400,1600,8,1021,3.19,8.0,cached,float32,1,0.3326797385620915,225.31855442234064,0.14435090787621438,4.61922905203886,0.6515062049441431,0.6605189967956834,0,0.9775,2,0.3396962999831885
n,400.0,16,19,979401285842838650,400,1600,8,1021,3.19,8.0,cached,float32,1,0.3326797385620915,225.31855442234064,0.14435090787621438,4.61922905203886,0.6515062049441431,0.6605189967956834,0,0.995,12,0.34077780006919056
n,400.0,16,20,2641702327155077344,400,1600,8,1021,3.19,8.0,cached,float32,1,0.3326797385620915,225.31855442234064,0.14435090787621438,4.61922905203886,0.6515062049441431,0.6605189967956834,0,0.995,17,0.33721310005057603
n,400.0,16,21,8142151315540617518,400,1600,8,1021,3.19,8.0,cached,float32,1,0.3326797385620915,225.31855442234064,0.14435090787621438,4.61922905203886,0.6515062049441431,0.6605189967956834,0,0.985,3,0.3418546000029892
n,400.0,16,22,10486434077484630396,400,1600,8,1021,3.19,8.0,cached,float32,1,0.3326797385620915,225.31855442234064,0.14435090787621438,4.61922905203886,0.6515062049441431,0.6605189967956834,0,0.93,1,0.33855540002696216
n,400.0,16,23,14405167426185512364,400,1600,8,1021,3.19,8.0,cached,float32,1,0.3326797385620915,225.31855442234064,0.14435090787621438,4.61922905203886,0.6515062049441431,0.6605189967956834,0,0.995,12,0.3440108000067994
n,400.0,16,24,8035859924521333415,400,1600,8,1021,3.19,8.0,cached,float32,1,0.3326797385620915,225.31855442234064,0.14435090787621438,4.61922905203886,0.6515062049441431,0.6605189967956834,0,0.9975,35,0.3405130999162793
n,400.0,16,25,8691199925635592609,400,1600,8,1021,3.19,8.0,cached,float32,1,0.3326797385620915,225.31855442234064,0.14435090787621438,4.61922905203886,0.6515062049441431,0.6605189967956834,0,0.9775,3,0.3706458000233397
n,400.0,16,26,9585102562848607655,400,1600,8,1021,3.19,8.0,cached,float32,1,0.3326797385620915,225.31855442234064,0.14435090787621438,4.61922905203886,0.6515062049441431,0.6605189967956834,0,0.98,6,0.34349519992247224
n,400.0,16,27,11182690928747455635,400,1600,8,1021,3.19,8.0,cached,float32,1,0.3326797385620915,225.31855442234064,0.14435090787621438,4.61922905203886,0.6515062049441431,0.6605189967956834,0,0.985,4,0.34172709996346384
n,400.0,16,28,15287406355968237043,400,1600,8,1021,3.19,8.0,cached,float32,1,0.3326797385620915,225.31855442234064,0.14435090787621438,4.61922905203886,0.6515062049441431,0.6605189967956834,0,0.9775,3,0.3348509999923408
n,400.0,16,29,6919959710461341981,400,1600,8,1021,3.19,8.0,cached,float32,1,0.3326797385620915,225.31855442234064,0.14435090787621438,4.61922905203886,0.6515062049441431,0.6605189967956834,0,0.98,5,0.3399667999474332
n,400.0,16,30,10547338193292983986,400,1600,8,1021,3.19,8.0,cached,float32,1,0.3326797385620915,225.31855442234064,0.14435090787621438,4.61922905203886,0.6515062049441431,0.6605189967956834,1,1.0,0,0.3398809999926016
n,400.0,16,31,12157215124260123740,400,1600,8,1021,3.19,8.0,cached,float32,1,0.3326797385620915,225.31855442234064,0.14435090787621438,4.61922905203886,0.6515062049441431,0.6605189967956834,0,0.995,32,0.3370740000391379
n,400.0,16,32,5040422109595924358,400,1600,8,1021,3.19,8.0,cached,float32,1,0.3326797385620915,225.31855442234064,0.14435090787621438,4.61922905203886,0.6515062049441431,0.6605189967956834,0,0.9725,3,0.3405712000094354
n,400.0,16,33,6005840551982505553,400,1600,8,1021,3.19,8.0,cached,float32,1,0.3326797385620915,225.31855442234064,0.14435090787621438,4.61922905203886,0.6515062049441431,0.6605189967956834,0,0.99,4,0.34018769999966025
n,400.0,16,34,3858925866860246114,400,1600,8,1021,3.19,8.0,cached,float32,1,0.3326797385620915,225.31855442234064,0.14435090787621438,4.61922905203886,0.6515062049441431,0.6605189967956834,0,0.9925,7,0.3496449999511242
n,400.0,16,35,8622635456962150563,400,1600,8,1021,3.19,8.0,cached,float32,1,0.3326797385620915,225.31855442234064,0.14435090787621438,4.61922905203886,0.6515062049441431,0.6605189967956834,0,0.9375,2,0.3429314000532031
n,400.0,16,36,14643039517605707220,400,1600,8,1021,3.19,8.0,cached,float32,1,0.3326797385620915,225.31855442234064,0.14435090787621438,4.61922905203886,0.6515062049441431,0.6605189967956834,0,0.9425,1,0.33590349997393787
n,400.0,16,37,16839474528687082376,400,1600,8,1021,3.19,8.0,cached,float32,1,0.3326797385620915,225.31855442234064,0.14435090787621438,4.61922905203886,0.6515062049441431,0.6605189967956834,0,0.99,2,0.3414936000481248
n,400.0,16,38,3246825461122739770,400,1600,8,1021,3.19,8.0,cached,float32,1,0.3326797385620915,225.31855442234064,0.14435090787621438,4.61922905203886,0.6515062049441431,0.6605189967956834,0,0.9775,1,0.341454999987036
n,400.0,16,39,2572827492016935447,400,1600,8,1021,3.19,8.0,cached,float32,1,0.3326797385620915,225.31855442234064,0.14435090787621438,4.61922905203886,0.6515062049441431,0.6605189967956834,0,0.9875,24,0.3408551000757143
n,400.0,16,40,9219661827063665220,400,1600,8,1021,3.19,8.0,cached,float32,1,0.3326797385620915,225.31855442234064,0.14435090787621438,4.61922905203886,0.6515062049441431,0.6605189967956834,0,0.97,1,0.34091439994517714
n,400.0,16,41,11201700678216464945,400,1600,8,1021,3.19,8.0,cached,float32,1,0.3326797385620915,225.31855442234064,0.14435090787621438,4.61922905203886,0.6515062049441431,0.6605189967956834,0,0.985,10,0.3403291000286117
n,400.0,16,42,2673185050237172649,400,1600,8,1021,3.19,8.0,cached,float32,1,0.3326797385620915,225.31855442234064,0.14435090787621438,4.61922905203886,0.6515062049441431,0.6605189967956834,0,0.98,1,0.3354846000438556
n,400.0,16,43,13978402459075733767,400,1600,8,1021,3.19,8.0,cached,float32,1,0.3326797385620915,225.31855442234064,0.14435090787621438,4.61922905203886,0.6515062049441431,0.6605189967956834,0,0.9825,8,0.36518029996659607
n,400.0,16,44,13726490919372579611,400,1600,8,1021,3.19,8.0,cached,float32,1,0.3326797385620915,225.31855442234064,0.14435090787621438,4.61922905203886,0.6515062049441431,0.6605189967956834,0,0.985,16,0.3548962000058964
n,400.0,16,45,4982184516441364066,400,1600,8,1021,3.19,8.0,cached,float32,1,0.3326797385620915,225.31855442234064,0.14435090787621438,4.61922905203886,0.6515062049441431,0.6605189967956834,0,0.9925,24,0.3408203999279067
n,400.0,16,46,17030397158019186870,400,1600,8,1021,3.19,8.0,cached,float32,1,0.3326797385620915,225.31855442234064,0.14435090787621438,4.61922905203886,0.6515062049441431,0.6605189967956834,0,0.9675,3,0.34313260007184
n,400.0,16,47,10344478124281427325,400,1600,8,1021,3.19,8.0,cached,float32,1,0.3326797385620915,225.31855442234064,0.14435090787621438,4.61922905203886,0.6515062049441431,0.6605189967956834,0,0.965,2,0.3411106000421569
n,400.0,16,48,7364949879078046669,400,1600,8,1021,3.19,8.0,cached,float32,1,0.3326797385620915,225.31855442234064,0.14435090787621438,4.61922905203886,0.6515062049441431,0.6605189967956834,0,0.9825,2,0.3427753000287339
n,400.0,16,49,15254489696065412134,400,1600,8,1021,3.19,8.0,cached,float32,1,0.3326797385620915,225.31855442234064,0.14435090787621438,4.61922905203886,0.6515062049441431,0.6605189967956834,0,0.9875,3,0.33367740001995116
n,400.0,16,50,11161218356502280390,400,1600,8,1021,3.19,8.0,cached,float32,1,0.3326797385620915,225.31855442234064,0.14435090787621438,4.61922905203886,0.6515062049441431,0.6605189967956834,0,0.98,1,0.3354516999097541
n,400.0,16,51,14745346247603586419,400,1600,8,1021,3.19,8.0,cached,float32,1,0.3326797385620915,225.31855442234064,0.14435090787621438,4.61922905203886,0.6515062049441431,0.6605189967956834,0,0.9875,1,0.3394706000108272
n,400.0,16,52,1858121430933961930,400,1600,8,1021,3.19,8.0,cached,float32,1,0.3326797385620915,225.31855442234064,0.14435090787621438,4.61922905203886,0.6515062049441431,0.6605189967956834,0,0.975,6,0.34115039999596775
n,400.0,16,53,11281018273502792605,400,1600,8,1021,3.19,8.0,cached,float32,1,0.3326797385620915,225.31855442234064,0.14435090787621438,4.61922905203886,0.6515062049441431,0.6605189967956834,0,0.985,3,0.33636590000241995
n,400.0,16,54,16348771058449405239,400,1600,8,1021,3.19,8.0,cached,float32,1,0.3326797385620915,225.31855442234064,0.14435090787621438,4.61922905203886,0.6515062049441431,0.6605189967956834,0,0.9775,7,0.33927699993364513
n,400.0,16,55,10116229840124533889,400,1600,8,1021,3.19,8.0,cached,float32,1,0.3326797385620915,225.31855442234064,0.14435090787621438,4.61922905203886,0.6515062049441431,0.6605189967956834,0,0.9775,3,0.3350292999530211
n,400.0,16,56,12557183988637701517,400,1600,8,1021,3.19,8.0,cached,float32,1,0.3326797385620915,225.31855442234064,0.14435090787621438,4.61922905203886,0.6515062049441431,0.6605189967956834,0,0.985,2,0.3380276000825688
n,400.0,16,57,15295270448074294954,400,1600,8,1021,3.19,8.0,cached,float32,1,0.3326797385620915,225.31855442234064,0.14435090787621438,4.61922905203886,0.6515062049441431,0.6605189967956834,0,0.9925,25,0.34802539995871484
n,400.0,16,58,18418514077898303523,400,1600,8,1021,3.19,8.0,cached,float32,1,0.3326797385620915,225.31855442234064,0.14435090787621438,4.61922905203886,0.6515062049441431,0.6605189967956834,0,0.99,5,0.34044030006043613
n,400.0,16,59,17132035742148250133,400,1600,8,1021,3.19,8.0,cached,float32,1,0.3326797385620915,225.31855442234064,0.14435090787621438,4.61922905203886,0.6515062049441431,0.6605189967956834,0,0.965,5,0.34000960004050285
n,400.0,16,60,14639987232908489998,400,1600,8,1021,3.19,8.0,cached,float32,1,0.3326797385620915,225.31855442234064,0.14435090787621438,4.61922905203886,0.6515062049441431,0.6605189967956834,0,0.9825,18,0.3427175000542775
n,400.0,16,61,270543428011999820,400,1600,8,1021,3.19,8.0,cached,float32,1,0.3326797385620915,225.31855442234064,0.14435090787621438,4.61922905203886,0.6515062049441431,0.6605189967956834,0,0.9675,1,0.34242160001304
n,400.0,16,62,15625800271403439282,400,1600,8,1021,3.19,8.0,cached,float32,1,0.3326797385620915,225.31855442234064,0.14435090787621438,4.61922905203886,0.6515062049441431,0.6605189967956834,0,0.99,2,0.334824200021103
n,400.0,16,63,11655307940967317071,400,1600,8,1021,3.19,8.0,cached,float32,1,0.3326797385620915,225.31855442234064,0.14435090787621438,4.61922905203886,0.6515062049441431,0.6605189967956834,0,0.9875,8,0.3398498999886215
n,400.0,16,64,14531121653563231933,400,1600,8,1021,3.19,8.0,cached,float32,1,0.3326797385620915,225.31855442234064,0.14435090787621438,4.61922905203886,0.6515062049441431,0.6605189967956834,0,0.9825,10,0.33713180001359433
n,400.0,16,65,3815900471849132296,400,1600,8,1021,3.19,8.0,cached,float32,1,0.3326797385620915,225.31855442234064,0.14435090787621438,4.61922905203886,0.6515062049441431,0.6605189967956834,0,0.9775,3,0.3402429000707343
n,400.0,16,66,10636813384927336039,400,1600,8,1021,3.19,8.0,cached,float32,1,0.3326797385620915,225.31855442234064,0.14435090787621438,4.61922905203886,0.6515062049441431,0.6605189967956834,0,0.97,9,0.33853469998575747
n,400.0,16,67,17483038246662299496,400,1600,8,1021,3.19,8.0,cached,float32,1,0.3326797385620915,225.31855442234064,0.14435090787621438,4.61922905203886,0.6515062049441431,0.6605189967956834,0,0.9675,3,0.3391258999472484
n,400.0,16,68,7184082368575068272,400,1600,8,1021,3.19,8.0,cached,float32,1,0.3326797385620915,225.31855442234064,0.14435090787621438,4.61922905203886,0.6515062049441431,0.6605189967956834,0,0.9925,9,0.33852119999937713
n,400.0,16,69,8341645848135950580,400,1600,8,1021,3.19,8.0,cached,float32,1,0.3326797385620915,225.31855442234064,0.14435090787621438,4.61922905203886,0.6515062049441431,0.6605189967956834,0,0.9925,1,0.3425065000774339
n,400.0,16,70,11154033193148575211,400,1600,8,1021,3.19,8.0,cached,float32,1,0.3326797385620915,225.31855442234064,0.14435090787621438,4.61922905203886,0.6515062049441431,0.6605189967956834,0,0.985,8,0.33924850006587803
n,400.0,16,71,6060602812107398601,400,1600,8,1021,3.19,8.0,cached,float32,1,0.3326797385620915,225.31855442234064,0.14435090787621438,4.61922905203886,0.6515062049441431,0.6605189967956834,0,0.985,5,0.34883989999070764
n,400.0,16,72,89502065246348892,400,1600,8,1021,3.19,8.0,cached,float32,1,0.3326797385620915,225.31855442234064,0.14435090787621438,4.61922905203886,0.6515062049441431,0.6605189967956834,0,0.975,11,0.3371575999772176
n,400.0,16,73,6452287474384980481,400,1600,8,1021,3.19,8.0,cached,float32,1,0.3326797385620915,225.31855442234064,0.14435090787621438,4.61922905203886,0.6515062049441431,0.6605189967956834,0,0.995,1,0.34115839994046837
n,400.0,16,74,5025826803925459386,400,1600,8,1021,3.19,8.0,cached,float32,1,0.3326797385620915,225.31855442234064,0.14435090787621438,4.61922905203886,0.6515062049441431,0.6605189967956834,0,0.9825,2,0.34104739991016686
n,400.0,16,75,14099839279407863048,400,1600,8,1021,3.19,8.0,cached,float32,1,0.3326797385620915,225.31855442234064,0.14435090787621438,4.61922905203886,0.6515062049441431,0.6605189967956834,0,0.99,7,0.336149699985981
n,400.0,16,76,13811716739761752465,400,1600,8,1021,3.19,8.0,cached,float32,1,0.3326797385620915,225.31855442234064,0.14435090787621438,4.61922905203886,0.6515062049441431,0.6605189967956834,0,0.99,2,0.33745869994163513
n,400.0,16,77,5202298082708042119,400,1600,8,1021,3.19,8.0,cached,float32,1,0.3326797385620915,225.31855442234064,0.14435090787621438,4.61922905203886,0.6515062049441431,0.6605189967956834,0,0.99,7,0.33821409998927265
n,400.0,16,78,4881191706762341091,400,1600,8,1021,3.19,8.0,cached,float32,1,0.3326797385620915,225.31855442234064,0.14435090787621438,4.61922905203886,0.6515062049441431,0.6605189967956834,0,0.9925,33,0.3438784000463784
n,400.0,16,79,18262908202911614739,400,1600,8,1021,3.19,8.0,cached,float32,1,0.3326797385620915,225.31855442234064,0.14435090787621438,4.61922905203886,0.6515062049441431,0.6605189967956834,0,0.95,2,0.3418947000754997
n,400.0,16,80,6770330936775262077,400,1600,8,1021,3.19,8.0,cached,float32,1,0.3326797385620915,225.31855442234064,0.14435090787621438,4.61922905203886,0.6515062049441431,0.6605189967956834,0,0.9825,4,0.3461807999992743
n,400.0,16,81,2329947630896250196,400,1600,8,1021,3.19,8.0,cached,float32,1,0.3326797385620915,225.31855442234064,0.14435090787621438,4.61922905203886,0.6515062049441431,0.6605189967956834,0,0.99,6,0.3709670000243932
n,400.0,16,82,16852601756898111882,400,1600,8,1021,3.19,8.0,cached,float32,1,0.3326797385620915,225.31855442234064,0.14435090787621438,4.61922905203886,0.6515062049441431,0.6605189967956834,0,0.985,1,0.3411661999998614
n,400.0,16,83,7416522195442238656,400,1600,8,1021,3.19,8.0,cached,float32,1,0.3326797385620915,225.31855442234064,0.14435090787621438,4.61922905203886,0.6515062049441431,0.6605189967956834,0,0.9725,10,0.34283109998796135
n,400.0,16,84,12108448990865893109,400,1600,8,1021,3.19,8.0,cached,float32,1,0.3326797385620915,225.31855442234064,0.14435090787621438,4.61922905203886,0.6515062049441431,0.6605189967956834,0,0.9875,1,0.33915389992762357
n,400.0,16,85,6010567582236485981,400,1600,8,1021,3.19,8.0,cached,float32,1,0.3326797385620915,225.31855442234064,0.14435090787621438,4.61922905203886,0.6515062049441431,0.6605189967956834,0,0.9925,3,0.3363029001047835
n,400.0,16,86,12257006949041893756,400,1600,8,1021,3.19,8.0,cached,float32,1,0.3326797385620915,225.31855442234064,0.14435090787621438,4.61922905203886,0.6515062049441431,0.6605189967956834,0,0.99,10,0.33994769991841167
n,400.0,16,87,2638274378883519038,400,1600,8,1021,3.19,8.0,cached,float32,1,0.3326797385620915,225.31855442234064,0.14435090787621438,4.61922905203886,0.6515062049441431,0.6605189967956834,0,0.995,20,0.34227959997951984
n,400.0,16,88,4845029055076272251,400,1600,8,1021,3.19,8.0,cached,float32,1,0.3326797385620915,225.31855442234064,0.14435090787621438,4.61922905203886,0.6515062049441431,0.6605189967956834,0,0.955,1,0.33695949998218566
n,400.0,16,89,15917809949356659413,400,1600,8,1021,3.19,8.0,cached,float32,1,0.3326797385620915,225.31855442234064,0.14435090787621438,4.61922905203886,0.6515062049441431,0.6605189967956834,0,0.9625,5,0.33671760000288486
n,400.0,16,90,11376591248652534138,400,1600,8,1021,3.19,8.0,cached,float32,1,0.3326797385620915,225.31855442234064,0.14435090787621438,4.61922905203886,0.6515062049441431,0.6605189967956834,0,0.9925,8,0.33823500003200024
n,400.0,16,91,2846346716565466207,400,1600,8,1021,3.19,8.0,cached,float32,1,0.3326797385620915,225.31855442234064,0.14435090787621438,4.61922905203886,0.6515062049441431,0.6605189967956834,0,0.9525,8,0.33944130002055317
n,400.0,16,92,12277072789196286860,400,1600,8,1021,3.19,8.0,cached,float32,1,0.3326797385620915,225.31855442234064,0.14435090787621438,4.61922905203886,0.6515062049441431,0.6605189967956834,0,0.995,15,0.33876720000989735
n,400.0,16,93,6892977922851985081,400,1600,8,1021,3.19,8.0,cached,float32,1,0.3326797385620915,225.31855442234064,0.14435090787621438,4.61922905203886,0.6515062049441431,0.6605189967956834,0,0.9475,1,0.36920189997181296
n,400.0,16,94,4434679835820756970,400,1600,8,1021,3.19,8.0,cached,float32,1,0.3326797385620915,225.31855442234064,0.14435090787621438,4.61922905203886,0.6515062049441431,0.6605189967956834,0,0.99,12,0.35484080004971474
n,400.0,16,95,1033229713188102612,400,1600,8,1021,3.19,8.0,cached,float32,1,0.3326797385620915,225.31855442234064,0.14435090787621438,4.61922905203886,0.6515062049441431,0.6605189967956834,0,0.99,3,0.3385413000360131
n,400.0,16,96,15157774214488973524,400,1600,8,1021,3.19,8.0,cached,float32,1,0.3326797385620915,225.31855442234064,0.14435090787621438,4.61922905203886,0.6515062049441431,0.6605189967956834,0,0.9925,1,0.3372148999478668
n,400.0,16,97,2668384677032666756,400,1600,8,1021,3.19,8.0,cached,float32,1,0.3326797385620915,225.31855442234064,0.14435090787621438,4.61922905203886,0.6515062049441431,0.6605189967956834,0,0.985,1,0.3364966999506578
n,400.0,16,98,11046740524939956760,400,1600,8,1021,3.19,8.0,cached,float32,1,0.3326797385620915,225.31855442234064,0.14435090787621438,4.61922905203886,0.6515062049441431,0.6605189967956834,0,0.9875,7,0.3423018000321463
n,400.0,16,99,1866042304820997641,400,1600,8,1021,3.19,8.0,cached,float32,1,0.3326797385620915,225.31855442234064,0.14435090787621438,4.61922905203886,0.6515062049441431,0.6605189967956834,0,0.975,3,0.3378350998973474
n,500.0,17,0,10996754938083332860,500,1600,8,1021,3.19,8.0,cached,float32,1,0.3326797385620915,225.31855442234064,0.14435090787621438,3.695383241631088,0.5053017748725831,0.5122920071751762,0,0.992,12,0.3458125999895856
n,500.0,17,1,13494092483815119170,500,1600,8,1021,3.19,8.0,cached,float32,1,0.3326797385620915,225.31855442234064,0.14435090787621438,3.695383241631088,0.5053017748725831,0.5122920071751762,0,0.978,5,0.34860539995133877
n,500.0,17,2,11035802394178517611,500,1600,8,1021,3.19,8.0,cached,float32,1,0.3326797385620915,225.31855442234064,0.14435090787621438,3.695383241631088,0.5053017748725831,0.5122920071751762,0,0.972,1,0.3484770000213757
n,500.0,17,3,1043772914524360423,500,1600,8,1021,3.19,8.0,cached,float32,1,0.3326797385620915,225.31855442234064,0.14435090787621438,3.695383241631088,0.5053017748725831,0.5122920071751762,0,0.946,3,0.34475040005054325
n,500.0,17,4,1974203299095717887,500,1600,8,1021,3.19,8.0,cached,float32,1,0.3326797385620915,225.31855442234064,0.14435090787621438,3.695383241631088,0.5053017748725831,0.5122920071751762,0,0.982,3,0.3484403999755159
n,500.0,17,5,3051105692041140759,500,1600,8,1021,3.19,8.0,cached,float32,1,0.3326797385620915,225.31855442234064,0.14435090787621438,3.695383241631088,0.5053017748725831,0.5122920071751762,0,0.976,7,0.34668499999679625
n,500.0,17,6,1058792068539226375,500,1600,8,1021,3.19,8.0,cached,float32,1,0.3326797385620915,225.31855442234064,0.14435090787621438,3.695383241631088,0.5053017748725831,0.5122920071751762,0,0.984,8,0.342667399905622
n,500.0,17,7,5794965470464760584,500,1600,8,1021,3.19,8.0,cached,float32,1,0.3326797385620915,225.31855442234064,0.14435090787621438,3.695383241631088,0.5053017748725831,0.5122920071751762,0,0.966,5,0.34322099993005395
n,500.0,17,8,12943108384804794597,500,1600,8,1021,3.19,8.0,cached,float32,1,0.3326797385620915,225.31855442234064,0.14435090787621438,3.695383241631088,0.5053017748725831,0.5122920071751762,0,0.978,7,0.34394299995619804
n,500.0,17,9,1842741703947808604,500,1600,8,1021,3.19,8.0,cached,float32,1,0.3326797385620915,225.31855442234064,0.14435090787621438,3.695383241631088,0.5053017748725831,0.5122920071751762,0,0.986,5,0.3411684000166133
n,500.0,17,10,1098525606388687739,500,1600,8,1021,3.19,8.0,cached,float32,1,0.3326797385620915,225.31855442234064,0.14435090787621438,3.695383241631088,0.5053017748725831,0.5122920071751762,0,0.954,1,0.3421402000822127
n,500.0,17,11,3941481863651255015,500,1600,8,1021,3.19,8.0,cached,float32,1,0.3326797385620915,225.31855442234064,0.14435090787621438,3.695383241631088,0.5053017748725831,0.5122920071751762,0,0.952,3,0.34204440005123615
n,500.0,17,12,14331921749238301213,500,1600,8,1021,3.19,8.0,cached,float32,1,0.3326797385620915,225.31855442234064,0.14435090787621438,3.695383241631088,0.5053017748725831,0.5122920071751762,0,0.986,1,0.34647540003061295
n,500.0,17,13,11730173050135793452,500,1600,8,1021,3.19,8.0,cached,float32,1,0.3326797385620915,225.31855442234064,0.14435090787621438,3.695383241631088,0.5053017748725831,0.5122920071751762,0,0.956,1,0.34585749998223037
n,500.0,17,14,4490517847375051114,500,1600,8,1021,3.19,8.0,cached,float32,1,0.3326797385620915,225.31855442234064,0.14435090787621438,3.695383241631088,0.5053017748725831,0.5122920071751762,0,0.988,13,0.3481659999815747
n,500.0,17,15,11674234092469699720,500,1600,8,1021,3.19,8.0,cached,float32,1,0.3326797385620915,225.31855442234064,0.14435090787621438,3.695383241631088,0.5053017748725831,0.5122920071751762,0,0.966,1,0.3424016999779269
n,500.0,17,16,6371708119852364512,500,1600,8,1021,3.19,8.0,cached,float32,1,0.3326797385620915,225.31855442234064,0.14435090787621438,3.695383241631088,0.5053017748725831,0.5122920071751762,0,0.976,7,0.3462285998975858
n,500.0,17,17,1156510995216766113,500,1600,8,1021,3.19,8.0,cached,float32,1,0.3326797385620915,225.31855442234064,0.14435090787621438,3.695383241631088,0.5053017748725831,0.5122920071751762,0,0.978,6,0.343440999975428
n,500.0,17,18,4961055516712704681,500,1600,8,1021,3.19,8.0,cached,float32,1,0.3326797385620915,225.31855442234064,0.14435090787621438,3.695383241631088,0.5053017748725831,0.5122920071751762,0,0.976,4,0.341958099976182
n,500.0,17,19,2954137102205285523,500,1600,8,1021,3.19,8.0,cached,float32,1,0.3326797385620915,225.31855442234064,0.14435090787621438,3.695383241631088,0.5053017748725831,0.5122920071751762,0,0.96,3,0.3487652000039816
n,500.0,17,20,15404022031269242867,500,1600,8,1021,3.19,8.0,cached,float32,1,0.3326797385620915,225.31855442234064,0.14435090787621438,3.695383241631088,0.5053017748725831,0.5122920071751762,0,0.964,2,0.34955500008072704
n,500.0,17,21,16359479959224333399,500,1600,8,1021,3.19,8.0,cached,float32,1,0.3326797385620915,225.31855442234064,0.14435090787621438,3.695383241631088,0.5053017748725831,0.5122920071751762,0,0.97,4,0.35122439998667687
n,500.0,17,22,6194471402813220277,500,1600,8,1021,3.19,8.0,cached,float32,1,0.3326797385620915,225.31855442234064,0.14435090787621438,3.695383241631088,0.5053017748725831,0.5122920071751762,0,0.974,3,0.35359499999321997
n,500.0,17,23,9565248092383040786,500,1600,8,1021,3.19,8.0,cached,float32,1,0.3326797385620915,225.31855442234064,0.14435090787621438,3.695383241631088,0.5053017748725831,0.5122920071751762,0,0.96,5,0.3564581999089569
n,500.0,17,24,10728982968041619366,500,1600,8,1021,3.19,8.0,cached,float32,1,0.3326797385620915,225.31855442234064,0.14435090787621438,3.695383241631088,0.5053017748725831,0.5122920071751762,0,0.958,1,0.3605253000278026
n,500.0,17,25,11898614195719932458,500,1600,8,1021,3.19,8.0,cached,float32,1,0.3326797385620915,225.31855442234064,0.14435090787621438,3.695383241631088,0.5053017748725831,0.5122920071751762,0,0.972,1,0.35858090000692755
n,500.0,17,26,15355683741287452515,500,1600,8,1021,3.19,8.0,cached,float32,1,0.3326797385620915,225.31855442234064,0.14435090787621438,3.695383241631088,0.5053017748725831,0.5122920071751762,0,0.956,2,0.3604557999642566
n,500.0,17,27,5743927329724113365,500,1600,8,1021,3.19,8.0,cached,float32,1,0.3326797385620915,225.31855442234064,0.14435090787621438,3.695383241631088,0.5053017748725831,0.5122920071751762,0,0.984,1,0.3548958000028506
n,500.0,17,28,16164338856962140382,500,1600,8,1021,3.19,8.0,cached,float32,1,0.3326797385620915,225.31855442234064,0.14435090787621438,3.695383241631088,0.5053017748725831,0.5122920071751762,0,0.954,1,0.35481190006248653
n,500.0,17,29,3826988191095824702,500,1600,8,1021,3.19,8.0,cached,float32,1,0.3326797385620915,225.31855442234064,0.14435090787621438,3.695383241631088,0.5053017748725831,0.5122920071751762,0,0.984,4,0.35727809998206794
n,500.0,17,30,10567600470032295475,500,1600,8,1021,3.19,8.0,cached,float32,1,0.3326797385620915,225.31855442234064,0.14435090787621438,3.695383241631088,0.5053017748725831,0.5122920071751762,0,0.976,6,0.35720760002732277
n,500.0,17,31,18119942338020011068,500,1600,8,1021,3.19,8.0,cached,float32,1,0.3326797385620915,225.31855442234064,0.14435090787621438,3.695383241631088,0.5053017748725831,0.5122920071751762,0,0.974,4,0.350584700005129
n,500.0,17,32,10518554719418054699,500,1600,8,1021,3.19,8.0,cached,float32,1,0.3326797385620915,225.31855442234064,0.14435090787621438,3.695383241631088,0.5053017748725831,0.5122920071751762,0,0.92,3,0.345885599963367
n,500.0,17,33,11771988374383006149,500,1600,8,1021,3.19,8.0,cached,float32,1,0.3326797385620915,225.31855442234064,0.14435090787621438,3.695383241631088,0.5053017748725831,0.5122920071751762,0,0.98,1,0.3474350000033155
n,500.0,17,34,7843053969517507196,500,1600,8,1021,3.19,8.0,cached,float32,1,0.3326797385620915,225.31855442234064,0.14435090787621438,3.695383241631088,0.5053017748725831,0.5122920071751762,0,0.998,57,0.3411482999799773
n,500.0,17,35,6030695011058457066,500,1600,8,1021,3.19,8.0,cached,float32,1,0.3326797385620915,225.31855442234064,0.14435090787621438,3.695383241631088,0.5053017748725831,0.5122920071751762,0,0.984,7,0.34242959995754063
n,500.0,17,36,7811493640643240675,500,1600,8,1021,3.19,8.0,cached,float32,1,0.3326797385620915,225.31855442234064,0.14435090787621438,3.695383241631088,0.5053017748725831,0.5122920071751762,0,0.978,4,0.35109609994105995
n,500.0,17,37,14509277971647903764,500,1600,8,1021,3.19,8.0,cached,float32,1,0.3326797385620915,225.31855442234064,0.14435090787621438,3.695383241631088,0.5053017748725831,0.5122920071751762,0,0.984,1,0.34505590004846454
n,500.0,17,38,9299110908064389808,500,1600,8,1021,3.19,8.0,cached,float32,1,0.3326797385620915,225.31855442234064,0.14435090787621438,3.695383241631088,0.5053017748725831,0.5122920071751762,0,0.948,1,0.3540736000286415
n,500.0,17,39,12187728170932154316,500,1600,8,1021,3.19,8.0,cached,float32,1,0.3326797385620915,225.31855442234064,0.14435090787621438,3.695383241631088,0.5053017748725831,0.5122920071751762,0,0.98,1,0.362660099985078
n,500.0,17,40,8057813331597425238,500,1600,8,1021,3.19,8.0,cached,float32,1,0.3326797385620915,225.31855442234064,0.14435090787621438,3.695383241631088,0.5053017748725831,0.5122920071751762,0,0.968,3,0.34105629997793585
n,500.0,17,41,7094499780410753408,500,1600,8,1021,3.19,8.0,cached,float32,1,0.3326797385620915,225.31855442234064,0.14435090787621438,3.695383241631088,0.5053017748725831,0.5122920071751762,0,0.986,6,0.3443039000267163
n,500.0,17,42,15263362118774503489,500,1600,8,1021,3.19,8.0,cached,float32,1,0.3326797385620915,225.31855442234064,0.14435090787621438,3.695383241631088,0.5053017748725831,0.5122920071751762,0,0.98,17,0.3411462999647483
n,500.0,17,43,14671322778372572902,500,1600,8,1021,3.19,8.0,cached,float32,1,0.3326797385620915,225.31855442234064,0.14435090787621438,3.695383241631088,0.5053017748725831,0.5122920071751762,0,0.988,5,0.3422980000032112
n,500.0,17,44,12161618877382241291,500,1600,8,1021,3.19,8.0,cached,float32,1,0.3326797385620915,225.31855442234064,0.14435090787621438,3.695383241631088,0.5053017748725831,0.5122920071751762,0,0.97,1,0.340082100010477
n,500.0,17,45,10890278840398679104,500,1600,8,1021,3.19,8.0,cached,float32,1,0.3326797385620915,225.31855442234064,0.14435090787621438,3.695383241631088,0.5053017748725831,0.5122920071751762,0,0.986,24,0.3404310999903828
n,500.0,17,46,18178375750770072283,500,1600,8,1021,3.19,8.0,cached,float32,1,0.3326797385620915,225.31855442234064,0.14435090787621438,3.695383241631088,0.5053017748725831,0.5122920071751762,0,0.982,7,0.3407413000240922
n,500.0,17,47,11110099775583898848,500,1600,8,1021,3.19,8.0,cached,float32,1,0.3326797385620915,225.31855442234064,0.14435090787621438,3.695383241631088,0.5053017748725831,0.5122920071751762,0,0.986,10,0.35086050000973046
n,500.0,17,48,40360605942009670,500,1600,8,1021,3.19,8.0,cached,float32,1,0.3326797385620915,225.31855442234064,0.14435090787621438,3.695383241631088,0.5053017748725831,0.5122920071751762,0,0.974,2,0.34718969999812543
n,500.0,17,49,9788522569091322301,500,1600,8,1021,3.19,8.0,cached,float32,1,0.3326797385620915,225.31855442234064,0.14435090787621438,3.695383241631088,0.5053017748725831,0.5122920071751762,0,0.99,9,0.3498726999387145
n,500.0,17,50,3790454468281193364,500,1600,8,1021,3.19,8.0,cached,float32,1,0.3326797385620915,225.31855442234064,0.14435090787621438,3.695383241631088,0.5053017748725831,0.5122920071751762,0,0.942,4,0.34156019997317344
n,500.0,17,51,4303168835862959328,500,1600,8,1021,3.19,8.0,cached,float32,1,0.3326797385620915,225.31855442234064,0.14435090787621438,3.695383241631088,0.5053017748725831,0.5122920071751762,0,0.962,1,0.3395007000071928
n,500.0,17,52,6190718730868323433,500,1600,8,1021,3.19,8.0,cached,float32,1,0.3326797385620915,225.31855442234064,0.14435090787621438,3.695383241631088,0.5053017748725831,0.5122920071751762,0,0.96,5,0.342141899978742
n,500.0,17,53,16372429023962460094,500,1600,8,1021,3.19,8.0,cached,float32,1,0.3326797385620915,225.31855442234064,0.14435090787621438,3.695383241631088,0.5053017748725831,0.5122920071751762,0,0.972,2,0.3434538000728935
n,500.0,17,54,11698306032593815838,500,1600,8,1021,3.19,8.0,cached,float32,1,0.3326797385620915,225.31855442234064,0.14435090787621438,3.695383241631088,0.5053017748725831,0.5122920071751762,0,0.964,2,0.3407915000570938
n,500.0,17,55,4327248197087532235,500,1600,8,1021,3.19,8.0,cached,float32,1,0.3326797385620915,225.31855442234064,0.14435090787621438,3.695383241631088,0.5053017748725831,0.5122920071751762,0,0.988,3,0.34907690004911274
n,500.0,17,56,17954403078437503917,500,1600,8,1021,3.19,8.0,cached,float32,1,0.3326797385620915,225.31855442234064,0.14435090787621438,3.695383241631088,0.5053017748725831,0.5122920071751762,0,0.974,9,0.3440126000205055
n,500.0,17,57,16735678867288729136,500,1600,8,1021,3.19,8.0,cached,float32,1,0.3326797385620915,225.31855442234064,0.14435090787621438,3.695383241631088,0.5053017748725831,0.5122920071751762,0,0.972,1,0.34543460002169013
n,500.0,17,58,8154172203459404443,500,1600,8,1021,3.19,8.0,cached,float32,1,0.3326797385620915,225.31855442234064,0.14435090787621438,3.695383241631088,0.5053017748725831,0.5122920071751762,0,0.976,4,0.3481636999640614
n,500.0,17,59,9953770503509360767,500,1600,8,1021,3.19,8.0,cached,float32,1,0.3326797385620915,225.31855442234064,0.14435090787621438,3.695383241631088,0.5053017748725831,0.5122920071751762,0,0.986,1,0.3523134000133723
n,500.0,17,60,6673529558696008963,500,1600,8,1021,3.19,8.0,cached,float32,1,0.3326797385620915,225.31855442234064,0.14435090787621438,3.695383241631088,0.5053017748725831,0.5122920071751762,0,0.986,8,0.34747779997996986
n,500.0,17,61,4953056705218369865,500,1600,8,1021,3.19,8.0,cached,float32,1,0.3326797385620915,225.31855442234064,0.14435090787621438,3.695383241631088,0.5053017748725831,0.5122920071751762,0,0.974,2,0.34239790006540716
n,500.0,17,62,7005371169954089421,500,1600,8,1021,3.19,8.0,cached,float32,1,0.3326797385620915,225.31855442234064,0.14435090787621438,3.695383241631088,0.5053017748725831,0.5122920071751762,0,0.964,1,0.3403778000501916
n,500.0,17,63,7193272726686726691,500,1600,8,1021,3.19,8.0,cached,float32,1,0.3326797385620915,225.31855442234064,0.14435090787621438,3.695383241631088,0.5053017748725831,0.5122920071751762,0,0.936,2,0.34543769992887974
n,500.0,17,64,12329789750737455947,500,1600,8,1021,3.19,8.0,cached,float32,1,0.3326797385620915,225.31855442234064,0.14435090787621438,3.695383241631088,0.5053017748725831,0.5122920071751762,0,0.954,10,0.34965610003564507
n,500.0,17,65,668442930168469404,500,1600,8,1021,3.19,8.0,cached,float32,1,0.3326797385620915,225.31855442234064,0.14435090787621438,3.695383241631088,0.5053017748725831,0.5122920071751762,0,0.986,4,0.34255059994757175
n,500.0,17,66,16211723739477534267,500,1600,8,1021,3.19,8.0,cached,float32,1,0.3326797385620915,225.31855442234064,0.14435090787621438,3.695383241631088,0.5053017748725831,0.5122920071751762,0,0.974,1,0.34354539995547384
n,500.0,17,67,16627098439801425379,500,1600,8,1021,3.19,8.0,cached,float32,1,0.3326797385620915,225.31855442234064,0.14435090787621438,3.695383241631088,0.5053017748725831,0.5122920071751762,0,0.956,1,0.3375926000298932
n,500.0,17,68,11424366853806272957,500,1600,8,1021,3.19,8.0,cached,float32,1,0.3326797385620915,225.31855442234064,0.14435090787621438,3.695383241631088,0.5053017748725831,0.5122920071751762,0,0.966,1,0.3426795999985188
n,500.0,17,69,6133311451518396172,500,1600,8,1021,3.19,8.0,cached,float32,1,0.3326797385620915,225.31855442234064,0.14435090787621438,3.695383241631088,0.5053017748725831,0.5122920071751762,0,0.952,4,0.34498649998568
n,500.0,17,70,2651367213558202748,500,1600,8,1021,3.19,8.0,cached,float32,1,0.3326797385620915,225.31855442234064,0.14435090787621438,3.695383241631088,0.5053017748725831,0.5122920071751762,0,0.974,1,0.3742054000031203
n,500.0,17,71,3978717385945784713,500,1600,8,1021,3.19,8.0,cached,float32,1,0.3326797385620915,225.31855442234064,0.14435090787621438,3.695383241631088,0.5053017748725831,0.5122920071751762,0,0.966,3,0.35548789997119457
n,500.0,17,72,13611824139344676542,500,1600,8,1021,3.19,8.0,cached,float32,1,0.3326797385620915,225.31855442234064,0.14435090787621438,3.695383241631088,0.5053017748725831,0.5122920071751762,0,0.984,10,0.36316310008987784
n,500.0,17,73,16243952107380332872,500,1600,8,1021,3.19,8.0,cached,float32,1,0.3326797385620915,225.31855442234064,0.14435090787621438,3.695383241631088,0.5053017748725831,0.5122920071751762,0,0.968,2,0.3515900999773294
n,500.0,17,74,16244381215815759106,500,1600,8,1021,3.19,8.0,cached,float32,1,0.3326797385620915,225.31855442234064,0.14435090787621438,3.695383241631088,0.5053017748725831,0.5122920071751762,0,0.966,1,0.3577821000944823
n,500.0,17,75,18155351820548157641,500,1600,8,1021,3.19,8.0,cached,float32,1,0.3326797385620915,225.31855442234064,0.14435090787621438,3.695383241631088,0.5053017748725831,0.5122920071751762,0,0.99,15,0.3544794999761507
n,500.0,17,76,15726486760598374158,500,1600,8,1021,3.19,8.0,cached,float32,1,0.3326797385620915,225.31855442234064,0.14435090787621438,3.695383241631088,0.5053017748725831,0.5122920071751762,0,0.984,9,0.34466529998462647
n,500.0,17,77,5492883250537650616,500,1600,8,1021,3.19,8.0,cached,float32,1,0.3326797385620915,225.31855442234064,0.14435090787621438,3.695383241631088,0.5053017748725831,0.5122920071751762,0,0.974,3,0.36376670002937317
n,500.0,17,78,6721933663102542970,500,1600,8,1021,3.19,8.0,cached,float32,1,0.3326797385620915,225.31855442234064,0.14435090787621438,3.695383241631088,0.5053017748725831,0.5122920071751762,0,0.976,3,0.3671988999703899
n,500.0,17,79,956980791790752868,500,1600,8,1021,3.19,8.0,cached,float32,1,0.3326797385620915,225.31855442234064,0.14435090787621438,3.695383241631088,0.5053017748725831,0.5122920071751762,0,0.97,10,0.3430399999488145
n,500.0,17,80,6698354461226019964,500,1600,8,1021,3.19,8.0,cached,float32,1,0.3326797385620915,225.31855442234064,0.14435090787621438,3.695383241631088,0.5053017748725831,0.5122920071751762,0,0.98,6,0.3627513999817893
n,500.0,17,81,12675937821674661314,500,1600,8,1021,3.19,8.0,cached,float32,1,0.3326797385620915,225.31855442234064,0.14435090787621438,3.695383241631088,0.5053017748725831,0.5122920071751762,0,0.944,1,0.34470200003124774
n,500.0,17,82,8533386716840735658,500,1600,8,1021,3.19,8.0,cached,float32,1,0.3326797385620915,225.31855442234064,0.14435090787621438,3.695383241631088,0.5053017748725831,0.5122920071751762,0,0.948,9,0.3423766999039799
n,500.0,17,83,1696019235582735909,500,1600,8,1021,3.19,8.0,cached,float32,1,0.3326797385620915,225.31855442234064,0.14435090787621438,3.695383241631088,0.5053017748725831,0.5122920071751762,0,0.972,4,0.34463519998826087
n,500.0,17,84,8249201724602087293,500,1600,8,1021,3.19,8.0,cached,float32,1,0.3326797385620915,225.31855442234064,0.14435090787621438,3.695383241631088,0.5053017748725831,0.5122920071751762,0,0.974,1,0.3421911000041291
n,500.0,17,85,13083787839803284312,500,1600,8,1021,3.19,8.0,cached,float32,1,0.3326797385620915,225.31855442234064,0.14435090787621438,3.695383241631088,0.5053017748725831,0.5122920071751762,0,0.974,1,0.34333930001594126
n,500.0,17,86,17626924640709005170,500,1600,8,1021,3.19,8.0,cached,float32,1,0.3326797385620915,225.31855442234064,0.14435090787621438,3.695383241631088,0.5053017748725831,0.5122920071751762,0,0.988,1,0.348827000008896
n,500.0,17,87,11590984466796400613,500,1600,8,1021,3.19,8.0,cached,float32,1,0.3326797385620915,225.31855442234064,0.14435090787621438,3.695383241631088,0.5053017748725831,0.5122920071751762,0,0.97,1,0.345448000007309
n,500.0,17,88,59351252040967631,500,1600,8,1021,3.19,8.0,cached,float32,1,0.3326797385620915,225.31855442234064,0.14435090787621438,3.695383241631088,0.5053017748725831,0.5122920071751762,0,0.98,3,0.34002140001393855
n,500.0,17,89,16879465088796566942,500,1600,8,1021,3.19,8.0,cached,float32,1,0.3326797385620915,225.31855442234064,0.14435090787621438,3.695383241631088,0.5053017748725831,0.5122920071751762,0,0.976,9,0.3444123000372201
n,500.0,17,90,7180317568470076416,500,1600,8,1021,3.19,8.0,cached,float32,1,0.3326797385620915,225.31855442234064,0.14435090787621438,3.695383241631088,0.5053017748725831,0.5122920071751762,0,0.99,12,0.3395547999534756
n,500.0,17,91,6365895844453751509,500,1600,8,1021,3.19,8.0,cached,float32,1,0.3326797385620915,225.31855442234064,0.14435090787621438,3.695383241631088,0.5053017748725831,0.5122920071751762,0,0.948,3,0.3508072999538854
n,500.0,17,92,14379265306545162703,500,1600,8,1021,3.19,8.0,cached,float32,1,0.3326797385620915,225.31855442234064,0.14435090787621438,3.695383241631088,0.5053017748725831,0.5122920071751762,0,0.97,3,0.34876840002834797
n,500.0,17,93,17391055368735818001,500,1600,8,1021,3.19,8.0,cached,float32,1,0.3326797385620915,225.31855442234064,0.14435090787621438,3.695383241631088,0.5053017748725831,0.5122920071751762,0,0.974,3,0.34538979991339147
n,500.0,17,94,13586993939030263614,500,1600,8,1021,3.19,8.0,cached,float32,1,0.3326797385620915,225.31855442234064,0.14435090787621438,3.695383241631088,0.5053017748725831,0.5122920071751762,0,0.962,1,0.34637380007188767
n,500.0,17,95,8233659848012514828,500,1600,8,1021,3.19,8.0,cached,float32,1,0.3326797385620915,225.31855442234064,0.14435090787621438,3.695383241631088,0.5053017748725831,0.5122920071751762,0,0.948,1,0.3391802000114694
n,500.0,17,96,9884662748455301130,500,1600,8,1021,3.19,8.0,cached,float32,1,0.3326797385620915,225.31855442234064,0.14435090787621438,3.695383241631088,0.5053017748725831,0.5122920071751762,0,0.974,14,0.3487888000672683
n,500.0,17,97,4025037446852321050,500,1600,8,1021,3.19,8.0,cached,float32,1,0.3326797385620915,225.31855442234064,0.14435090787621438,3.695383241631088,0.5053017748725831,0.5122920071751762,0,0.96,2,0.3469215000513941
n,500.0,17,98,6342058007056033898,500,1600,8,1021,3.19,8.0,cached,float32,1,0.3326797385620915,225.31855442234064,0.14435090787621438,3.695383241631088,0.5053017748725831,0.5122920071751762,0,0.976,3,0.34400070004630834
n,500.0,17,99,867714127052401181,500,1600,8,1021,3.19,8.0,cached,float32,1,0.3326797385620915,225.31855442234064,0.14435090787621438,3.695383241631088,0.5053017748725831,0.5122920071751762,0,0.976,16,0.3467640000162646
k,7.0,18,0,6939605787690474215,200,1600,7,1021,3.19,8.0,cached,float32,1,0.3326797385620915,225.31855442234064,0.4339035148342005,24.298596830715226,3.798478041868384,3.8434743116958217,1,1.0,0,0.28070410003419966
k,7.0,18,1,9278882048048294606,200,1600,7,1021,3.19,8.0,cached,float32,1,0.3326797385620915,225.31855442234064,0.4339035148342005,24.298596830715226,3.798478041868384,3.8434743116958217,1,1.0,0,0.2838295999681577
k,7.0,18,2,15877739344466539237,200,1600,7,1021,3.19,8.0,cached,float32,1,0.3326797385620915,225.31855442234064,0.4339035148342005,24.298596830715226,3.798478041868384,3.8434743116958217,1,1.0,0,0.279234999907203
k,7.0,18,3,2473388297505630481,200,1600,7,1021,3.19,8.0,cached,float32,1,0.3326797385620915,225.31855442234064,0.4339035148342005,24.298596830715226,3.798478041868384,3.8434743116958217,1,1.0,0,0.28550080000422895
k,7.0,18,4,12667319235799183663,200,1600,7,1021,3.19,8.0,cached,float32,1,0.3326797385620915,225.31855442234064,0.4339035148342005,24.298596830715226,3.798478041868384,3.8434743116958217,1,1.0,0,0.28327920008450747
k,7.0,18,5,6641521435326825065,200,1600,7,1021,3.19,8.0,cached,float32,1,0.3326797385620915,225.31855442234064,0.4339035148342005,24.298596830715226,3.798478041868384,3.8434743116958217,1,1.0,0,0.2843306000577286
k,7.0,18,6,12492425917473954074,200,1600,7,1021,3.19,8.0,cached,float32,1,0.3326797385620915,225.31855442234064,0.4339035148342005,24.298596830715226,3.798478041868384,3.8434743116958217,1,1.0,0,0.2890505000250414
k,7.0,18,7,1030735741925517457,200,1600,7,1021,3.19,8.0,cached,float32,1,0.3326797385620915,225.31855442234064,0.4339035148342005,24.298596830715226,3.798478041868384,3.8434743116958217,1,1.0,0,0.28449400002136827
k,7.0,18,8,1737521516549732405,200,1600,7,1021,3.19,8.0,cached,float32,1,0.3326797385620915,225.31855442234064,0.4339035148342005,24.298596830715226,3.798478041868384,3.8434743116958217,0,0.995,4,0.28191989997867495
k,7.0,18,9,14226670903733351175,200,1600,7,1021,3.19,8.0,cached,float32,1,0.3326797385620915,225.31855442234064,0.4339035148342005,24.298596830715226,3.798478041868384,3.8434743116958217,1,1.0,0,0.2798183999257162
k,7.0,18,10,7947210638653359910,200,1600,7,1021,3.19,8.0,cached,float32,1,0.3326797385620915,225.31855442234064,0.4339035148342005,24.298596830715226,3.798478041868384,3.8434743116958217,1,1.0,0,0.28280089993495494
k,7.0,18,11,14030232621484447254,200,1600,7,1021,3.19,8.0,cached,float32,1,0.3326797385620915,225.31855442234064,0.4339035148342005,24.298596830715226,3.798478041868384,3.8434743116958217,1,1.0,0,0.28103479999117553
k,7.0,18,12,16720350929167710512,200,1600,7,1021,3.19,8.0,cached,float32,1,0.3326797385620915,225.31855442234064,0.4339035148342005,24.298596830715226,3.798478041868384,3.8434743116958217,0,0.995,3,0.2828389999922365
k,7.0,18,13,6045643977572078214,200,1600,7,1021,3.19,8.0,cached,float32,1,0.3326797385620915,225.31855442234064,0.4339035148342005,24.298596830715226,3.798478041868384,3.8434743116958217,1,1.0,0,0.28568259999156
k,7.0,18,14,14737323092123305921,200,1600,7,1021,3.19,8.0,cached,float32,1,0.3326797385620915,225.31855442234064,0.4339035148342005,24.298596830715226,3.798478041868384,3.8434743116958217,1,1.0,0,0.283917999942787
k,7.0,18,15,13893129384479568486,200,1600,7,1021,3.19,8.0,cached,float32,1,0.3326797385620915,225.31855442234064,0.4339035148342005,24.298596830715226,3.798478041868384,3.8434743116958217,1,1.0,0,0.28245009994134307
k,7.0,18,16,11663845515471348503,200,1600,7,1021,3.19,8.0,cached,float32,1,0.3326797385620915,225.31855442234064,0.4339035148342005,24.298596830715226,3.798478041868384,3.8434743116958217,1,1.0,0,0.2800352000631392
k,7.0,18,17,15730014508720911450,200,1600,7,1021,3.19,8.0,cached,float32,1,0.3326797385620915,225.31855442234064,0.4339035148342005,24.298596830715226,3.798478041868384,3.8434743116958217,1,1.0,0,0.28571530000772327
k,7.0,18,18,3212828304011465917,200,1600,7,1021,3.19,8.0,cached,float32,1,0.3326797385620915,225.31855442234064,0.4339035148342005,24.298596830715226,3.798478041868384,3.8434743116958217,1,1.0,0,0.3125821000430733
k,7.0,18,19,17450015506303746840,200,1600,7,1021,3.19,8.0,cached,float32,1,0.3326797385620915,225.31855442234064,0.4339035148342005,24.298596830715226,3.798478041868384,3.8434743116958217,1,1.0,0,0.2812601999612525
k,7.0,18,20,7796715040622885105,200,1600,7,1021,3.19,8.0,cached,float32,1,0.3326797385620915,225.31855442234064,0.4339035148342005,24.298596830715226,3.798478041868384,3.8434743116958217,1,1.0,0,0.2827574999537319
k,7.0,18,21,15789327068567948729,200,1600,7,1021,3.19,8.0,cached,float32,1,0.3326797385620915,225.31855442234064,0.4339035148342005,24.298596830715226,3.798478041868384,3.8434743116958217,1,1.0,0,0.2792778000002727
k,7.0,18,22,8805461738309791879,200,1600,7,1021,3.19,8.0,cached,float32,1,0.3326797385620915,225.31855442234064,0.4339035148342005,24.298596830715226,3.798478041868384,3.8434743116958217,1,1.0,0,0.2827250000555068
k,7.0,18,23,12076467637647077222,200,1600,7,1021,3.19,8.0,cached,float32,1,0.3326797385620915,225.31855442234064,0.4339035148342005,24.298596830715226,3.798478041868384,3.8434743116958217,1,1.0,0,0.28533450001850724
k,7.0,18,24,15007925647998497766,200,1600,7,1021,3.19,8.0,cached,float32,1,0.3326797385620915,225.31855442234064,0.4339035148342005,24.298596830715226,3.798478041868384,3.8434743116958217,1,1.0,0,0.2808759999461472
k,7.0,18,25,12735171131974655118,200,1600,7,1021,3.19,8.0,cached,float32,1,0.3326797385620915,225.31855442234064,0.4339035148342005,24.298596830715226,3.798478041868384,3.8434743116958217,1,1.0,0,0.2816096000606194
k,7.0,18,26,5882301779556384400,200,1600,7,1021,3.19,8.0,cached,float32,1,0.3326797385620915,225.31855442234064,0.4339035148342005,24.298596830715226,3.798478041868384,3.8434743116958217,1,1.0,0,0.28454099991358817
k,7.0,18,27,17366322909116961074,200,1600,7,1021,3.19,8.0,cached,float32,1,0.3326797385620915,225.31855442234064,0.4339035148342005,24.298596830715226,3.798478041868384,3.8434743116958217,1,1.0,0,0.2801867000525817
k,7.0,18,28,18184058405142040959,200,1600,7,1021,3.19,8.0,cached,float32,1,0.3326797385620915,225.31855442234064,0.4339035148342005,24.298596830715226,3.798478041868384,3.8434743116958217,1,1.0,0,0.2880439000437036
k,7.0,18,29,8315240848331091894,200,1600,7,1021,3.19,8.0,cached,float32,1,0.3326797385620915,225.31855442234064,0.4339035148342005,24.298596830715226,3.798478041868384,3.8434743116958217,1,1.0,0,0.28200249990914017
k,7.0,18,30,2350039882085599964,200,1600,7,1021,3.19,8.0,cached,float32,1,0.3326797385620915,225.31855442234064,0.4339035148342005,24.298596830715226,3.798478041868384,3.8434743116958217,1,1.0,0,0.284790400066413
k,7.0,18,31,7084420524425184575,200,1600,7,1021,3.19,8.0,cached,float32,1,0.3326797385620915,225.31855442234064,0.4339035148342005,24.298596830715226,3.798478041868384,3.8434743116958217,1,1.0,0,0.2898028999334201
k,7.0,18,32,15483879981921917671,200,1600,7,1021,3.19,8.0,cached,float32,1,0.3326797385620915,225.31855442234064,0.4339035148342005,24.298596830715226,3.798478041868384,3.8434743116958217,1,1.0,0,0.28646860003937036
k,7.0,18,33,10277580416627338290,200,1600,7,1021,3.19,8.0,cached,float32,1,0.3326797385620915,225.31855442234064,0.4339035148342005,24.298596830715226,3.798478041868384,3.8434743116958217,1,1.0,0,0.28466840006876737
k,7.0,18,34,10585586549811352056,200,1600,7,1021,3.19,8.0,cached,float32,1,0.3326797385620915,225.31855442234064,0.4339035148342005,24.298596830715226,3.798478041868384,3.8434743116958217,1,1.0,0,0.31048340001143515
k,7.0,18,35,12309983414042210718,200,1600,7,1021,3.19,8.0,cached,float32,1,0.3326797385620915,225.31855442234064,0.4339035148342005,24.298596830715226,3.798478041868384,3.8434743116958217,1,1.0,0,0.28098749998025596
k,7.0,18,36,1582532629404549587,200,1600,7,1021,3.19,8.0,cached,float32,1,0.3326797385620915,225.31855442234064,0.4339035148342005,24.298596830715226,3.798478041868384,3.8434743116958217,1,1.0,0,0.2828423000173643
k,7.0,18,37,10054293890074323777,200,1600,7,1021,3.19,8.0,cached,float32,1,0.3326797385620915,225.31855442234064,0.4339035148342005,24.298596830715226,3.798478041868384,3.8434743116958217,1,1.0,0,0.2810868000378832
k,7.0,18,38,12720076491529161332,200,1600,7,1021,3.19,8.0,cached,float32,1,0.3326797385620915,225.31855442234064,0.4339035148342005,24.298596830715226,3.798478041868384,3.8434743116958217,1,1.0,0,0.2818809000309557
k,7.0,18,39,5928299176276809647,200,1600,7,1021,3.19,8.0,cached,float32,1,0.3326797385620915,225.31855442234064,0.4339035148342005,24.298596830715226,3.798478041868384,3.8434743116958217,1,1.0,0,0.28678850003052503
k,7.0,18,40,14059620978166999591,200,1600,7,1021,3.19,8.0,cached,float32,1,0.3326797385620915,225.31855442234064,0.4339035148342005,24.298596830715226,3.798478041868384,3.8434743116958217,1,1.0,0,0.31558930000755936
k,7.0,18,41,10469510261079604465,200,1600,7,1021,3.19,8.0,cached,float32,1,0.3326797385620915,225.31855442234064,0.4339035148342005,24.298596830715226,3.798478041868384,3.8434743116958217,1,1.0,0,0.28517739998642355
k,7.0,18,42,13615265278607098133,200,1600,7,1021,3.19,8.0,cached,float32,1,0.3326797385620915,225.31855442234064,0.4339035148342005,24.298596830715226,3.798478041868384,3.8434743116958217,1,1.0,0,0.28197190002538264
k,7.0,18,43,12174078591205482735,200,1600,7,1021,3.19,8.0,cached,float32,1,0.3326797385620915,225.31855442234064,0.4339035148342005,24.298596830715226,3.798478041868384,3.8434743116958217,1,1.0,0,0.28364229993894696
k,7.0,18,44,825595494434970573,200,1600,7,1021,3.19,8.0,cached,float32,1,0.3326797385620915,225.31855442234064,0.4339035148342005,24.298596830715226,3.798478041868384,3.8434743116958217,1,1.0,0,0.2849327999865636
k,7.0,18,45,9089751494853347078,200,1600,7,1021,3.19,8.0,cached,float32,1,0.3326797385620915,225.31855442234064,0.4339035148342005,24.298596830715226,3.798478041868384,3.8434743116958217,1,1.0,0,0.28380570001900196
k,7.0,18,46,15518264745888850529,200,1600,7,1021,3.19,8.0,cached,float32,1,0.3326797385620915,225.31855442234064,0.4339035148342005,24.298596830715226,3.798478041868384,3.8434743116958217,1,1.0,0,0.28376460005529225
k,7.0,18,47,1342974200743630662,200,1600,7,1021,3.19,8.0,cached,float32,1,0.3326797385620915,225.31855442234064,0.4339035148342005,24.298596830715226,3.798478041868384,3.8434743116958217,1,1.0,0,0.3028045000974089
k,7.0,18,48,12706036825010056281,200,1600,7,1021,3.19,8.0,cached,float32,1,0.3326797385620915,225.31855442234064,0.4339035148342005,24.298596830715226,3.798478041868384,3.8434743116958217,1,1.0,0,0.28134640003554523
k,7.0,18,49,7740922691222326899,200,1600,7,1021,3.19,8.0,cached,float32,1,0.3326797385620915,225.31855442234064,0.4339035148342005,24.298596830715226,3.798478041868384,3.8434743116958217,1,1.0,0,0.2833935000235215
k,7.0,18,50,5922448706622264605,200,1600,7,1021,3.19,8.0,cached,float32,1,0.3326797385620915,225.31855442234064,0.4339035148342005,24.298596830715226,3.798478041868384,3.8434743116958217,1,1.0,0,0.28286979999393225
k,7.0,18,51,16308523914061044138,200,1600,7,1021,3.19,8.0,cached,float32,1,0.3326797385620915,225.31855442234064,0.4339035148342005,24.298596830715226,3.798478041868384,3.8434743116958217,1,1.0,0,0.2823909999569878
k,7.0,18,52,14277475192129605784,200,1600,7,1021,3.19,8.0,cached,float32,1,0.3326797385620915,225.31855442234064,0.4339035148342005,24.298596830715226,3.798478041868384,3.8434743116958217,1,1.0,0,0.2819913999410346
k,7.0,18,53,15620389185764369821,200,1600,7,1021,3.19,8.0,cached,float32,1,0.3326797385620915,225.31855442234064,0.4339035148342005,24.298596830715226,3.798478041868384,3.8434743116958217,1,1.0,0,0.2881983000552282
k,7.0,18,54,12366616729315332132,200,1600,7,1021,3.19,8.0,cached,float32,1,0.3326797385620915,225.31855442234064,0.4339035148342005,24.298596830715226,3.798478041868384,3.8434743116958217,1,1.0,0,0.28463440004270524
k,7.0,18,55,15183518132265566330,200,1600,7,1021,3.19,8.0,cached,float32,1,0.3326797385620915,225.31855442234064,0.4339035148342005,24.298596830715226,3.798478041868384,3.8434743116958217,1,1.0,0,0.282703600008972
k,7.0,18,56,5368606691999396954,200,1600,7,1021,3.19,8.0,cached,float32,1,0.3326797385620915,225.31855442234064,0.4339035148342005,24.298596830715226,3.798478041868384,3.8434743116958217,1,1.0,0,0.2832938999636099
k,7.0,18,57,1104341456096322919,200,1600,7,1021,3.19,8.0,cached,float32,1,0.3326797385620915,225.31855442234064,0.4339035148342005,24.298596830715226,3.798478041868384,3.8434743116958217,1,1.0,0,0.28314870002213866
k,7.0,18,58,2482383460953600809,200,1600,7,1021,3.19,8.0,cached,float32,1,0.3326797385620915,225.31855442234064,0.4339035148342005,24.298596830715226,3.798478041868384,3.8434743116958217,1,1.0,0,0.28627369995228946
k,7.0,18,59,15137540634938051151,200,1600,7,1021,3.19,8.0,cached,float32,1,0.3326797385620915,225.31855442234064,0.4339035148342005,24.298596830715226,3.798478041868384,3.8434743116958217,1,1.0,0,0.2843697000062093
k,7.0,18,60,8394195805421001065,200,1600,7,1021,3.19,8.0,cached,float32,1,0.3326797385620915,225.31855442234064,0.4339035148342005,24.298596830715226,3.798478041868384,3.8434743116958217,1,1.0,0,0.29172980005387217
k,7.0,18,61,13293271130529799377,200,1600,7,1021,3.19,8.0,cached,float32,1,0.3326797385620915,225.31855442234064,0.4339035148342005,24.298596830715226,3.798478041868384,3.8434743116958217,1,1.0,0,0.2841374999843538
k,7.0,18,62,2063426209806144809,200,1600,7,1021,3.19,8.0,cached,float32,1,0.3326797385620915,225.31855442234064,0.4339035148342005,24.298596830715226,3.798478041868384,3.8434743116958217,1,1.0,0,0.3019595000660047
k,7.0,18,63,15899015344801600787,200,1600,7,1021,3.19,8.0,cached,float32,1,0.3326797385620915,225.31855442234064,0.4339035148342005,24.298596830715226,3.798478041868384,3.8434743116958217,1,1.0,0,0.2854356999741867
k,7.0,18,64,6610394076482172945,200,1600,7,1021,3.19,8.0,cached,float32,1,0.3326797385620915,225.31855442234064,0.4339035148342005,24.298596830715226,3.798478041868384,3.8434743116958217,1,1.0,0,0.276700499933213
k,7.0,18,65,17308351061425504822,200,1600,7,1021,3.19,8.0,cached,float32,1,0.3326797385620915,225.31855442234064,0.4339035148342005,24.298596830715226,3.798478041868384,3.8434743116958217,1,1.0,0,0.2850947000551969
k,7.0,18,66,12059253804385159043,200,1600,7,1021,3.19,8.0,cached,float32,1,0.3326797385620915,225.31855442234064,0.4339035148342005,24.298596830715226,3.798478041868384,3.8434743116958217,1,1.0,0,0.28262239997275174
k,7.0,18,67,16533145483426576885,200,1600,7,1021,3.19,8.0,cached,float32,1,0.3326797385620915,225.31855442234064,0.4339035148342005,24.298596830715226,3.798478041868384,3.8434743116958217,1,1.0,0,0.28518109989818186
k,7.0,18,68,3534890191318446870,200,1600,7,1021,3.19,8.0,cached,float32,1,0.3326797385620915,225.31855442234064,0.4339035148342005,24.298596830715226,3.798478041868384,3.8434743116958217,1,1.0,0,0.28317920002155006
k,7.0,18,69,16708026807728145847,200,1600,7,1021,3.19,8.0,cached,float32,1,0.3326797385620915,225.31855442234064,0.4339035148342005,24.298596830715226,3.798478041868384,3.8434743116958217,1,1.0,0,0.28158710000570863
k,7.0,18,70,16431654083876213756,200,1600,7,1021,3.19,8.0,cached,float32,1,0.3326797385620915,225.31855442234064,0.4339035148342005,24.298596830715226,3.798478041868384,3.8434743116958217,1,1.0,0,0.28903279989026487
k,7.0,18,71,8529542209328746725,200,1600,7,1021,3.19,8.0,cached,float32,1,0.3326797385620915,225.31855442234064,0.4339035148342005,24.298596830715226,3.798478041868384,3.8434743116958217,1,1.0,0,0.2857206000480801
k,7.0,18,72,15451812588744402393,200,1600,7,1021,3.19,8.0,cached,float32,1,0.3326797385620915,225.31855442234064,0.4339035148342005,24.298596830715226,3.798478041868384,3.8434743116958217,1,1.0,0,0.2849754000781104
k,7.0,18,73,6820763076265107342,200,1600,7,1021,3.19,8.0,cached,float32,1,0.3326797385620915,225.31855442234064,0.4339035148342005,24.298596830715226,3.798478041868384,3.8434743116958217,1,1.0,0,0.2850448000244796
k,7.0,18,74,12521585987916563752,200,1600,7,1021,3.19,8.0,cached,float32,1,0.3326797385620915,225.31855442234064,0.4339035148342005,24.298596830715226,3.798478041868384,3.8434743116958217,1,1.0,0,0.2865843999898061
k,7.0,18,75,1077134375225549906,200,1600,7,1021,3.19,8.0,cached,float32,1,0.3326797385620915,225.31855442234064,0.4339035148342005,24.298596830715226,3.798478041868384,3.8434743116958217,1,1.0,0,0.28360319999046624
k,7.0,18,76,15447290961975814713,200,1600,7,1021,3.19,8.0,cached,float32,1,0.3326797385620915,225.31855442234064,0.4339035148342005,24.298596830715226,3.798478041868384,3.8434743116958217,1,1.0,0,0.2821216000011191
k,7.0,18,77,3077057365860383921,200,1600,7,1021,3.19,8.0,cached,float32,1,0.3326797385620915,225.31855442234064,0.4339035148342005,24.298596830715226,3.798478041868384,3.8434743116958217,1,1.0,0,0.28229290002491325
k,7.0,18,78,4977374258804170098,200,1600,7,1021,3.19,8.0,cached,float32,1,0.3326797385620915,225.31855442234064,0.4339035148342005,24.298596830715226,3.798478041868384,3.8434743116958217,1,1.0,0,0.2812342999968678
k,7.0,18,79,15232850687573523071,200,1600,7,1021,3.19,8.0,cached,float32,1,0.3326797385620915,225.31855442234064,0.4339035148342005,24.298596830715226,3.798478041868384,3.8434743116958217,1,1.0,0,0.28386870003305376
k,7.0,18,80,11726050539524884860,200,1600,7,1021,3.19,8.0,cached,float32,1,0.3326797385620915,225.31855442234064,0.4339035148342005,24.298596830715226,3.798478041868384,3.8434743116958217,1,1.0,0,0.2868867999641225
k,7.0,18,81,7571826236994508673,200,1600,7,1021,3.19,8.0,cached,float32,1,0.3326797385620915,225.31855442234064,0.4339035148342005,24.298596830715226,3.798478041868384,3.8434743116958217,1,1.0,0,0.28769850009121
k,7.0,18,82,11691415961694564235,200,1600,7,1021,3.19,8.0,cached,float32,1,0.3326797385620915,225.31855442234064,0.4339035148342005,24.298596830715226,3.798478041868384,3.8434743116958217,1,1.0,0,0.30120410001836717
k,7.0,18,83,1028082410697965353,200,1600,7,1021,3.19,8.0,cached,float32,1,0.3326797385620915,225.31855442234064,0.4339035148342005,24.298596830715226,3.798478041868384,3.8434743116958217,1,1.0,0,0.28179999999701977
k,7.0,18,84,6034109196527063194,200,1600,7,1021,3.19,8.0,cached,float32,1,0.3326797385620915,225.31855442234064,0.4339035148342005,24.298596830715226,3.798478041868384,3.8434743116958217,1,1.0,0,0.2902960000792518
k,7.0,18,85,17790955845370433548,200,1600,7,1021,3.19,8.0,cached,float32,1,0.3326797385620915,225.31855442234064,0.4339035148342005,24.298596830715226,3.798478041868384,3.8434743116958217,0,0.99,2,0.28529340005479753
k,7.0,18,86,5624931189526103035,200,1600,7,1021,3.19,8.0,cached,float32,1,0.3326797385620915,225.31855442234064,0.4339035148342005,24.298596830715226,3.798478041868384,3.8434743116958217,1,1.0,0,0.2889063999755308
k,7.0,18,87,2441682499614647111,200,1600,7,1021,3.19,8.0,cached,float32,1,0.3326797385620915,225.31855442234064,0.4339035148342005,24.298596830715226,3.798478041868384,3.8434743116958217,1,1.0,0,0.285157399950549
k,7.0,18,88,6185665227901751007,200,1600,7,1021,3.19,8.0,cached,float32,1,0.3326797385620915,225.31855442234064,0.4339035148342005,24.298596830715226,3.798478041868384,3.8434743116958217,1,1.0,0,0.2883901000022888
k,7.0,18,89,15312889809765423955,200,1600,7,1021,3.19,8.0,cached,float32,1,0.3326797385620915,225.31855442234064,0.4339035148342005,24.298596830715226,3.798478041868384,3.8434743116958217,1,1.0,0,0.2828796999529004
k,7.0,18,90,8971524858467223220,200,1600,7,1021,3.19,8.0,cached,float32,1,0.3326797385620915,225.31855442234064,0.4339035148342005,24.298596830715226,3.798478041868384,3.8434743116958217,1,1.0,0,0.284542900044471
k,7.0,18,91,11500580148428596398,200,1600,7,1021,3.19,8.0,cached,float32,1,0.3326797385620915,225.31855442234064,0.4339035148342005,24.298596830715226,3.798478041868384,3.8434743116958217,1,1.0,0,0.28827939997427166
k,7.0,18,92,15312416768709939486,200,1600,7,1021,3.19,8.0,cached,float32,1,0.3326797385620915,225.31855442234064,0.4339035148342005,24.298596830715226,3.798478041868384,3.8434743116958217,1,1.0,0,0.2863579000113532
k,7.0,18,93,16732703788135493959,200,1600,7,1021,3.19,8.0,cached,float32,1,0.3326797385620915,225.31855442234064,0.4339035148342005,24.298596830715226,3.798478041868384,3.8434743116958217,1,1.0,0,0.2844223999418318
k,7.0,18,94,6142520535653787258,200,1600,7,1021,3.19,8.0,cached,float32,1,0.3326797385620915,225.31855442234064,0.4339035148342005,24.298596830715226,3.798478041868384,3.8434743116958217,1,1.0,0,0.28335990000050515
k,7.0,18,95,18075215905216896031,200,1600,7,1021,3.19,8.0,cached,float32,1,0.3326797385620915,225.31855442234064,0.4339035148342005,24.298596830715226,3.798478041868384,3.8434743116958217,1,1.0,0,0.2852540999883786
k,7.0,18,96,11418685498012656150,200,1600,7,1021,3.19,8.0,cached,float32,1,0.3326797385620915,225.31855442234064,0.4339035148342005,24.298596830715226,3.798478041868384,3.8434743116958217,1,1.0,0,0.28097770002204925
k,7.0,18,97,15668577040554482427,200,1600,7,1021,3.19,8.0,cached,float32,1,0.3326797385620915,225.31855442234064,0.4339035148342005,24.298596830715226,3.798478041868384,3.8434743116958217,0,0.995,3,0.28431650006677955
k,7.0,18,98,3771396048063802128,200,1600,7,1021,3.19,8.0,cached,float32,1,0.3326797385620915,225.31855442234064,0.4339035148342005,24.298596830715226,3.798478041868384,3.8434743116958217,1,1.0,0,0.28527009999379516
k,7.0,18,99,2981808073663290380,200,1600,7,1021,3.19,8.0,cached,float32,1,0.3326797385620915,225.31855442234064,0.4339035148342005,24.298596830715226,3.798478041868384,3.8434743116958217,1,1.0,0,0.28947359998710454
k,8.0,19,0,5899226652065494456,200,1600,8,1021,3.19,8.0,cached,float32,1,0.3326797385620915,225.31855442234064,0.14435090787621438,9.23845810407772,1.4442019221744218,1.4641806901698369,1,1.0,0,0.33029279997572303
k,8.0,19,1,14278293572984222199,200,1600,8,1021,3.19,8.0,cached,float32,1,0.3326797385620915,225.31855442234064,0.14435090787621438,9.23845810407772,1.4442019221744218,1.4641806901698369,0,0.98,1,0.33297630003653467
k,8.0,19,2,17211303530282989461,200,1600,8,1021,3.19,8.0,cached,float32,1,0.3326797385620915,225.31855442234064,0.14435090787621438,9.23845810407772,1.4442019221744218,1.4641806901698369,1,1.0,0,0.3313779999734834
k,8.0,19,3,17689352592723246322,200,1600,8,1021,3.19,8.0,cached,float32,1,0.3326797385620915,225.31855442234064,0.14435090787621438,9.23845810407772,1.4442019221744218,1.4641806901698369,0,0.995,12,0.32591689995024353
k,8.0,19,4,5833719088605260717,200,1600,8,1021,3.19,8.0,cached,float32,1,0.3326797385620915,225.31855442234064,0.14435090787621438,9.23845810407772,1.4442019221744218,1.4641806901698369,1,1.0,0,0.32586910005193204
k,8.0,19,5,11831123443897051800,200,1600,8,1021,3.19,8.0,cached,float32,1,0.3326797385620915,225.31855442234064,0.14435090787621438,9.23845810407772,1.4442019221744218,1.4641806901698369,1,1.0,0,0.32948039995972067
k,8.0,19,6,12634972050917788349,200,1600,8,1021,3.19,8.0,cached,float32,1,0.3326797385620915,225.31855442234064,0.14435090787621438,9.23845810407772,1.4442019221744218,1.4641806901698369,1,1.0,0,0.3253375000786036
k,8.0,19,7,13292640164505137271,200,1600,8,1021,3.19,8.0,cached,float32,1,0.3326797385620915,225.31855442234064,0.14435090787621438,9.23845810407772,1.4442019221744218,1.4641806901698369,0,0.995,2,0.32782589993439615
k,8.0,19,8,3672843924499472726,200,1600,8,1021,3.19,8.0,cached,float32,1,0.3326797385620915,225.31855442234064,0.14435090787621438,9.23845810407772,1.4442019221744218,1.4641806901698369,1,1.0,0,0.3288602000102401
k,8.0,19,9,6487181546319620742,200,1600,8,1021,3.19,8.0,cached,float32,1,0.3326797385620915,225.31855442234064,0.14435090787621438,9.23845810407772,1.4442019221744218,1.4641806901698369,1,1.0,0,0.329652399988845
k,8.0,19,10,10190148724204500657,200,1600,8,1021,3.19,8.0,cached,float32,1,0.3326797385620915,225.31855442234064,0.14435090787621438,9.23845810407772,1.4442019221744218,1.4641806901698369,0,0.995,4,0.3342125000199303
k,8.0,19,11,2130030893467095832,200,1600,8,1021,3.19,8.0,cached,float32,1,0.3326797385620915,225.31855442234064,0.14435090787621438,9.23845810407772,1.4442019221744218,1.4641806901698369,1,1.0,0,0.33010769996326417
k,8.0,19,12,16565109036144237819,200,1600,8,1021,3.19,8.0,cached,float32,1,0.3326797385620915,225.31855442234064,0.14435090787621438,9.23845810407772,1.4442019221744218,1.4641806901698369,0,0.995,4,0.33101429999805987
k,8.0,19,13,1904651013302137817,200,1600,8,1021,3.19,8.0,cached,float32,1,0.3326797385620915,225.31855442234064,0.14435090787621438,9.23845810407772,1.4442019221744218,1.4641806901698369,0,0.995,4,0.33179359999485314
k,8.0,19,14,10884744424925079653,200,1600,8,1021,3.19,8.0,cached,float32,1,0.3326797385620915,225.31855442234064,0.14435090787621438,9.23845810407772,1.4442019221744218,1.4641806901698369,1,1.0,0,0.35382489999756217
k,8.0,19,15,15868528429478298262,200,1600,8,1021,3.19,8.0,cached,float32,1,0.3326797385620915,225.31855442234064,0.14435090787621438,9.23845810407772,1.4442019221744218,1.4641806901698369,1,1.0,0,0.33859119995031506
k,8.0,19,16,2468964454834446897,200,1600,8,1021,3.19,8.0,cached,float32,1,0.3326797385620915,225.31855442234064,0.14435090787621438,9.23845810407772,1.4442019221744218,1.4641806901698369,0,0.995,15,0.3229357999516651
k,8.0,19,17,2489551688881641468,200,1600,8,1021,3.19,8.0,cached,float32,1,0.3326797385620915,225.31855442234064,0.14435090787621438,9.23845810407772,1.4442019221744218,1.4641806901698369,1,1.0,0,0.32618159998673946
k,8.0,19,18,4780282974884449645,200,1600,8,1021,3.19,8.0,cached,float32,1,0.3326797385620915,225.31855442234064,0.14435090787621438,9.23845810407772,1.4442019221744218,1.4641806901698369,0,0.99,3,0.3270917000481859
k,8.0,19,19,1328648915626550526,200,1600,8,1021,3.19,8.0,cached,float32,1,0.3326797385620915,225.31855442234064,0.14435090787621438,9.23845810407772,1.4442019221744218,1.4641806901698369,0,0.995,10,0.33271340001374483
k,8.0,19,20,205650370933619380,200,1600,8,1021,3.19,8.0,cached,float32,1,0.3326797385620915,225.31855442234064,0.14435090787621438,9.23845810407772,1.4442019221744218,1.4641806901698369,0,0.99,19,0.3292407999979332
k,8.0,19,21,16816299378461637121,200,1600,8,1021,3.19,8.0,cached,float32,1,0.3326797385620915,225.31855442234064,0.14435090787621438,9.23845810407772,1.4442019221744218,1.4641806901698369,1,1.0,0,0.34167160000652075
k,8.0,19,22,12160050745137715158,200,1600,8,1021,3.19,8.0,cached,float32,1,0.3326797385620915,225.31855442234064,0.14435090787621438,9.23845810407772,1.4442019221744218,1.4641806901698369,1,1.0,0,0.3327946000499651
k,8.0,19,23,9682142255933950659,200,1600,8,1021,3.19,8.0,cached,float32,1,0.3326797385620915,225.31855442234064,0.14435090787621438,9.23845810407772,1.4442019221744218,1.4641806901698369,0,0.99,1,0.32764530007261783
k,8.0,19,24,2015595816293862421,200,1600,8,1021,3.19,8.0,cached,float32,1,0.3326797385620915,225.31855442234064,0.14435090787621438,9.23845810407772,1.4442019221744218,1.4641806901698369,1,1.0,0,0.33250300004146993
k,8.0,19,25,17253262755605697758,200,1600,8,1021,3.19,8.0,cached,float32,1,0.3326797385620915,225.31855442234064,0.14435090787621438,9.23845810407772,1.4442019221744218,1.4641806901698369,0,0.99,3,0.32692299992777407
k,8.0,19,26,2191816292944395324,200,1600,8,1021,3.19,8.0,cached,float32,1,0.3326797385620915,225.31855442234064,0.14435090787621438,9.23845810407772,1.4442019221744218,1.4641806901698369,1,1.0,0,0.3235923000611365
k,8.0,19,27,5699506541214759609,200,1600,8,1021,3.19,8.0,cached,float32,1,0.3326797385620915,225.31855442234064,0.14435090787621438,9.23845810407772,1.4442019221744218,1.4641806901698369,1,1.0,0,0.3289118999382481
k,8.0,19,28,10682565588663789881,200,1600,8,1021,3.19,8.0,cached,float32,1,0.3326797385620915,225.31855442234064,0.14435090787621438,9.23845810407772,1.4442019221744218,1.4641806901698369,0,0.995,3,0.33087890001479536
k,8.0,19,29,13155949209513411575,200,1600,8,1021,3.19,8.0,cached,float32,1,0.3326797385620915,225.31855442234064,0.14435090787621438,9.23845810407772,1.4442019221744218,1.4641806901698369,0,0.985,5,0.33011030009947717
k,8.0,19,30,11617750997822075271,200,1600,8,1021,3.19,8.0,cached,float32,1,0.3326797385620915,225.31855442234064,0.14435090787621438,9.23845810407772,1.4442019221744218,1.4641806901698369,1,1.0,0,0.3313907999545336
k,8.0,19,31,12314738648372875556,200,1600,8,1021,3.19,8.0,cached,float32,1,0.3326797385620915,225.31855442234064,0.14435090787621438,9.23845810407772,1.4442019221744218,1.4641806901698369,0,0.995,7,0.3338542999699712
k,8.0,19,32,15811074092676937680,200,1600,8,1021,3.19,8.0,cached,float32,1,0.3326797385620915,225.31855442234064,0.14435090787621438,9.23845810407772,1.4442019221744218,1.4641806901698369,1,1.0,0,0.32949270005337894
k,8.0,19,33,5853505123321190321,200,1600,8,1021,3.19,8.0,cached,float32,1,0.3326797385620915,225.31855442234064,0.14435090787621438,9.23845810407772,1.4442019221744218,1.4641806901698369,1,1.0,0,0.32803790003526956
k,8.0,19,34,6302488209323640772,200,1600,8,1021,3.19,8.0,cached,float32,1,0.3326797385620915,225.31855442234064,0.14435090787621438,9.23845810407772,1.4442019221744218,1.4641806901698369,1,1.0,0,0.33172730007208884
k,8.0,19,35,15127834611535032546,200,1600,8,1021,3.19,8.0,cached,float32,1,0.3326797385620915,225.31855442234064,0.14435090787621438,9.23845810407772,1.4442019221744218,1.4641806901698369,1,1.0,0,0.34708219999447465
k,8.0,19,36,11239078787338382064,200,1600,8,1021,3.19,8.0,cached,float32,1,0.3326797385620915,225.31855442234064,0.14435090787621438,9.23845810407772,1.4442019221744218,1.4641806901698369,0,0.99,6,0.35669980000238866
k,8.0,19,37,6265222009082578044,200,1600,8,1021,3.19,8.0,cached,float32,1,0.3326797385620915,225.31855442234064,0.14435090787621438,9.23845810407772,1.4442019221744218,1.4641806901698369,1,1.0,0,0.3480771000031382
k,8.0,19,38,17428986404135110946,200,1600,8,1021,3.19,8.0,cached,float32,1,0.3326797385620915,225.31855442234064,0.14435090787621438,9.23845810407772,1.4442019221744218,1.4641806901698369,0,0.995,13,0.3415911999763921
k,8.0,19,39,5065687310704592251,200,1600,8,1021,3.19,8.0,cached,float32,1,0.3326797385620915,225.31855442234064,0.14435090787621438,9.23845810407772,1.4442019221744218,1.4641806901698369,1,1.0,0,0.33346760005224496
k,8.0,19,40,16553016759616122459,200,1600,8,1021,3.19,8.0,cached,float32,1,0.3326797385620915,225.31855442234064,0.14435090787621438,9.23845810407772,1.4442019221744218,1.4641806901698369,1,1.0,0,0.34087800001725554
k,8.0,19,41,6974454716963382246,200,1600,8,1021,3.19,8.0,cached,float32,1,0.3326797385620915,225.31855442234064,0.14435090787621438,9.23845810407772,1.4442019221744218,1.4641806901698369,0,0.995,4,0.3735731999622658
k,8.0,19,42,15449905767167185299,200,1600,8,1021,3.19,8.0,cached,float32,1,0.3326797385620915,225.31855442234064,0.14435090787621438,9.23845810407772,1.4442019221744218,1.4641806901698369,1,1.0,0,0.32940100005362183
k,8.0,19,43,15527679186552687620,200,1600,8,1021,3.19,8.0,cached,float32,1,0.3326797385620915,225.31855442234064,0.14435090787621438,9.23845810407772,1.4442019221744218,1.4641806901698369,1,1.0,0,0.34895029990002513
k,8.0,19,44,4513183268389358008,200,1600,8,1021,3.19,8.0,cached,float32,1,0.3326797385620915,225.31855442234064,0.14435090787621438,9.23845810407772,1.4442019221744218,1.4641806901698369,1,1.0,0,0.3330828999169171
k,8.0,19,45,1719687856015942546,200,1600,8,1021,3.19,8.0,cached,float32,1,0.3326797385620915,225.31855442234064,0.14435090787621438,9.23845810407772,1.4442019221744218,1.4641806901698369,1,1.0,0,0.3334157000062987
k,8.0,19,46,4357182596545173231,200,1600,8,1021,3.19,8.0,cached,float32,1,0.3326797385620915,225.31855442234064,0.14435090787621438,9.23845810407772,1.4442019221744218,1.4641806901698369,1,1.0,0,0.3363209000090137
k,8.0,19,47,9717796648208027799,200,1600,8,1021,3.19,8.0,cached,float32,1,0.3326797385620915,225.31855442234064,0.14435090787621438,9.23845810407772,1.4442019221744218,1.4641806901698369,0,0.99,1,0.33014400000683963
k,8.0,19,48,8252701729536754794,200,1600,8,1021,3.19,8.0,cached,float32,1,0.3326797385620915,225.31855442234064,0.14435090787621438,9.23845810407772,1.4442019221744218,1.4641806901698369,1,1.0,0,0.32542969996575266
k,8.0,19,49,2683145998426126053,200,1600,8,1021,3.19,8.0,cached,float32,1,0.3326797385620915,225.31855442234064,0.14435090787621438,9.23845810407772,1.4442019221744218,1.4641806901698369,0,0.99,4,0.3282071999274194
k,8.0,19,50,18324228600768869659,200,1600,8,1021,3.19,8.0,cached,float32,1,0.3326797385620915,225.31855442234064,0.14435090787621438,9.23845810407772,1.4442019221744218,1.4641806901698369,0,0.995,6,0.33820070000365376
k,8.0,19,51,10234137380724978176,200,1600,8,1021,3.19,8.0,cached,float32,1,0.3326797385620915,225.31855442234064,0.14435090787621438,9.23845810407772,1.4442019221744218,1.4641806901698369,0,0.995,9,0.34616219997406006
k,8.0,19,52,1111001966073167647,200,1600,8,1021,3.19,8.0,cached,float32,1,0.3326797385620915,225.31855442234064,0.14435090787621438,9.23845810407772,1.4442019221744218,1.4641806901698369,1,1.0,0,0.34954160009510815
k,8.0,19,53,9275196823975090130,200,1600,8,1021,3.19,8.0,cached,float32,1,0.3326797385620915,225.31855442234064,0.14435090787621438,9.23845810407772,1.4442019221744218,1.4641806901698369,1,1.0,0,0.3972670999355614
k,8.0,19,54,13798789514581882153,200,1600,8,1021,3.19,8.0,cached,float32,1,0.3326797385620915,225.31855442234064,0.14435090787621438,9.23845810407772,1.4442019221744218,1.4641806901698369,1,1.0,0,0.34977600001730025
k,8.0,19,55,17435840086961429003,200,1600,8,1021,3.19,8.0,cached,float32,1,0.3326797385620915,225.31855442234064,0.14435090787621438,9.23845810407772,1.4442019221744218,1.4641806901698369,1,1.0,0,0.3364534000866115
k,8.0,19,56,3291764649399934689,200,1600,8,1021,3.19,8.0,cached,float32,1,0.3326797385620915,225.31855442234064,0.14435090787621438,9.23845810407772,1.4442019221744218,1.4641806901698369,1,1.0,0,0.3434822999406606
k,8.0,19,57,11019318465893448959,200,1600,8,1021,3.19,8.0,cached,float32,1,0.3326797385620915,225.31855442234064,0.14435090787621438,9.23845810407772,1.4442019221744218,1.4641806901698369,0,0.995,1,0.3500544000416994
k,8.0,19,58,6171863268111446713,200,1600,8,1021,3.19,8.0,cached,float32,1,0.3326797385620915,225.31855442234064,0.14435090787621438,9.23845810407772,1.4442019221744218,1.4641806901698369,1,1.0,0,0.3465149999829009
k,8.0,19,59,7105503519467523893,200,1600,8,1021,3.19,8.0,cached,float32,1,0.3326797385620915,225.31855442234064,0.14435090787621438,9.23845810407772,1.4442019221744218,1.4641806901698369,1,1.0,0,0.34023999993223697
k,8.0,19,60,5725934815795897684,200,1600,8,1021,3.19,8.0,cached,float32,1,0.3326797385620915,225.31855442234064,0.14435090787621438,9.23845810407772,1.4442019221744218,1.4641806901698369,1,1.0,0,0.3385444999439642
k,8.0,19,61,9851860538109422129,200,1600,8,1021,3.19,8.0,cached,float32,1,0.3326797385620915,225.31855442234064,0.14435090787621438,9.23845810407772,1.4442019221744218,1.4641806901698369,1,1.0,0,0.3480505000334233
k,8.0,19,62,5329543452182651889,200,1600,8,1021,3.19,8.0,cached,float32,1,0.3326797385620915,225.31855442234064,0.14435090787621438,9.23845810407772,1.4442019221744218,1.4641806901698369,1,1.0,0,0.35439929994754493
k,8.0,19,63,11210454112959885416,200,1600,8,1021,3.19,8.0,cached,float32,1,0.3326797385620915,225.31855442234064,0.14435090787621438,9.23845810407772,1.4442019221744218,1.4641806901698369,0,0.995,7,0.344251700094901
k,8.0,19,64,4145204924157303270,200,1600,8,1021,3.19,8.0,cached,float32,1,0.3326797385620915,225.31855442234064,0.14435090787621438,9.23845810407772,1.4442019221744218,1.4641806901698369,0,0.995,7,0.3344328999519348
k,8.0,19,65,4911362160468328,200,1600,8,1021,3.19,8.0,cached,float32,1,0.3326797385620915,225.31855442234064,0.14435090787621438,9.23845810407772,1.4442019221744218,1.4641806901698369,0,0.985,5,0.3359600999392569
k,8.0,19,66,17016698447363554043,200,1600,8,1021,3.19,8.0,cached,float32,1,0.3326797385620915,225.31855442234064,0.14435090787621438,9.23845810407772,1.4442019221744218,1.4641806901698369,1,1.0,0,0.34007469995412976
k,8.0,19,67,14410912592859440587,200,1600,8,1021,3.19,8.0,cached,float32,1,0.3326797385620915,225.31855442234064,0.14435090787621438,9.23845810407772,1.4442019221744218,1.4641806901698369,1,1.0,0,0.3324832000071183
k,8.0,19,68,15605829778205830528,200,1600,8,1021,3.19,8.0,cached,float32,1,0.3326797385620915,225.31855442234064,0.14435090787621438,9.23845810407772,1.4442019221744218,1.4641806901698369,1,1.0,0,0.33848199993371964
k,8.0,19,69,13036429462787412050,200,1600,8,1021,3.19,8.0,cached,float32,1,0.3326797385620915,225.31855442234064,0.14435090787621438,9.23845810407772,1.4442019221744218,1.4641806901698369,0,0.99,3,0.33318339998368174
k,8.0,19,70,2527303172047643819,200,1600,8,1021,3.19,8.0,cached,float32,1,0.3326797385620915,225.31855442234064,0.14435090787621438,9.23845810407772,1.4442019221744218,1.4641806901698369,0,0.99,4,0.3268977999687195
k,8.0,19,71,8079111729989236410,200,1600,8,1021,3.19,8.0,cached,float32,1,0.3326797385620915,225.31855442234064,0.14435090787621438,9.23845810407772,1.4442019221744218,1.4641806901698369,1,1.0,0,0.3288205999415368
k,8.0,19,72,11071818853415225553,200,1600,8,1021,3.19,8.0,cached,float32,1,0.3326797385620915,225.31855442234064,0.14435090787621438,9.23845810407772,1.4442019221744218,1.4641806901698369,1,1.0,0,0.3326381000224501
k,8.0,19,73,11244131344889960408,200,1600,8,1021,3.19,8.0,cached,float32,1,0.3326797385620915,225.31855442234064,0.14435090787621438,9.23845810407772,1.4442019221744218,1.4641806901698369,0,0.995,6,0.3287537000142038
k,8.0,19,74,2612026245008707231,200,1600,8,1021,3.19,8.0,cached,float32,1,0.3326797385620915,225.31855442234064,0.14435090787621438,9.23845810407772,1.4442019221744218,1.4641806901698369,0,0.99,6,0.32883659994695336
k,8.0,19,75,12069665260041481899,200,1600,8,1021,3.19,8.0,cached,float32,1,0.3326797385620915,225.31855442234064,0.14435090787621438,9.23845810407772,1.4442019221744218,1.4641806901698369,1,1.0,0,0.33420240005943924
k,8.0,19,76,18317695107179213898,200,1600,8,1021,3.19,8.0,cached,float32,1,0.3326797385620915,225.31855442234064,0.14435090787621438,9.23845810407772,1.4442019221744218,1.4641806901698369,0,0.995,7,0.3335478000808507
k,8.0,19,77,13982162494841537122,200,1600,8,1021,3.19,8.0,cached,float32,1,0.3326797385620915,225.31855442234064,0.14435090787621438,9.23845810407772,1.4442019221744218,1.4641806901698369,1,1.0,0,0.3300453000701964
k,8.0,19,78,39514176043184651,200,1600,8,1021,3.19,8.0,cached,float32,1,0.3326797385620915,225.31855442234064,0.14435090787621438,9.23845810407772,1.4442019221744218,1.4641806901698369,1,1.0,0,0.333542300038971
k,8.0,19,79,5271172819304151710,200,1600,8,1021,3.19,8.0,cached,float32,1,0.3326797385620915,225.31855442234064,0.14435090787621438,9.23845810407772,1.4442019221744218,1.4641806901698369,1,1.0,0,0.3298198999837041
k,8.0,19,80,4650023048079883089,200,1600,8,1021,3.19,8.0,cached,float32,1,0.3326797385620915,225.31855442234064,0.14435090787621438,9.23845810407772,1.4442019221744218,1.4641806901698369,1,1.0,0,0.3414287999039516
k,8.0,19,81,17235983967472666838,200,1600,8,1021,3.19,8.0,cached,float32,1,0.3326797385620915,225.31855442234064,0.14435090787621438,9.23845810407772,1.4442019221744218,1.4641806901698369,1,1.0,0,0.3357090000063181
k,8.0,19,82,5467141697658731625,200,1600,8,1021,3.19,8.0,cached,float32,1,0.3326797385620915,225.31855442234064,0.14435090787621438,9.23845810407772,1.4442019221744218,1.4641806901698369,0,0.995,15,0.34771889995317906
k,8.0,19,83,3708496636067966226,200,1600,8,1021,3.19,8.0,cached,float32,1,0.3326797385620915,225.31855442234064,0.14435090787621438,9.23845810407772,1.4442019221744218,1.4641806901698369,1,1.0,0,0.3294294000370428
k,8.0,19,84,4132058735295443644,200,1600,8,1021,3.19,8.0,cached,float32,1,0.3326797385620915,225.31855442234064,0.14435090787621438,9.23845810407772,1.4442019221744218,1.4641806901698369,1,1.0,0,0.3291317999828607
k,8.0,19,85,3188110238364063886,200,1600,8,1021,3.19,8.0,cached,float32,1,0.3326797385620915,225.31855442234064,0.14435090787621438,9.23845810407772,1.4442019221744218,1.4641806901698369,0,0.995,15,0.3274087000172585
k,8.0,19,86,637342350319469236,200,1600,8,1021,3.19,8.0,cached,float32,1,0.3326797385620915,225.31855442234064,0.14435090787621438,9.23845810407772,1.4442019221744218,1.4641806901698369,0,0.995,4,0.3294367999769747
k,8.0,19,87,16600422436103771015,200,1600,8,1021,3.19,8.0,cached,float32,1,0.3326797385620915,225.31855442234064,0.14435090787621438,9.23845810407772,1.4442019221744218,1.4641806901698369,0,0.995,5,0.33078109996858984
k,8.0,19,88,17301536849728705270,200,1600,8,1021,3.19,8.0,cached,float32,1,0.3326797385620915,225.31855442234064,0.14435090787621438,9.23845810407772,1.4442019221744218,1.4641806901698369,1,1.0,0,0.33344670000951737
k,8.0,19,89,3060131978544458752,200,1600,8,1021,3.19,8.0,cached,float32,1,0.3326797385620915,225.31855442234064,0.14435090787621438,9.23845810407772,1.4442019221744218,1.4641806901698369,1,1.0,0,0.3340683999704197
k,8.0,19,90,3851957423181890189,200,1600,8,1021,3.19,8.0,cached,float32,1,0.3326797385620915,225.31855442234064,0.14435090787621438,9.23845810407772,1.4442019221744218,1.4641806901698369,1,1.0,0,0.33878899994306266
k,8.0,19,91,11881773006095582309,200,1600,8,1021,3.19,8.0,cached,float32,1,0.3326797385620915,225.31855442234064,0.14435090787621438,9.23845810407772,1.4442019221744218,1.4641806901698369,0,0.985,1,0.3250764000695199
k,8.0,19,92,1429027844158449007,200,1600,8,1021,3.19,8.0,cached,float32,1,0.3326797385620915,225.31855442234064,0.14435090787621438,9.23845810407772,1.4442019221744218,1.4641806901698369,1,1.0,0,0.3260863000759855
k,8.0,19,93,17802458312408216131,200,1600,8,1021,3.19,8.0,cached,float32,1,0.3326797385620915,225.31855442234064,0.14435090787621438,9.23845810407772,1.4442019221744218,1.4641806901698369,1,1.0,0,0.3294084999943152
k,8.0,19,94,721864934797334358,200,1600,8,1021,3.19,8.0,cached,float32,1,0.3326797385620915,225.31855442234064,0.14435090787621438,9.23845810407772,1.4442019221744218,1.4641806901698369,1,1.0,0,0.32742529991082847
k,8.0,19,95,13523351067262085098,200,1600,8,1021,3.19,8.0,cached,float32,1,0.3326797385620915,225.31855442234064,0.14435090787621438,9.23845810407772,1.4442019221744218,1.4641806901698369,0,0.99,11,0.32808540004771203
k,8.0,19,96,12530992511044298482,200,1600,8,1021,3.19,8.0,cached,float32,1,0.3326797385620915,225.31855442234064,0.14435090787621438,9.23845810407772,1.4442019221744218,1.4641806901698369,0,0.995,12,0.32653260009828955
k,8.0,19,97,14028259197934178259,200,1600,8,1021,3.19,8.0,cached,float32,1,0.3326797385620915,225.31855442234064,0.14435090787621438,9.23845810407772,1.4442019221744218,1.4641806901698369,1,1.0,0,0.32625739998184144
k,8.0,19,98,17680211991271226971,200,1600,8,1021,3.19,8.0,cached,float32,1,0.3326797385620915,225.31855442234064,0.14435090787621438,9.23845810407772,1.4442019221744218,1.4641806901698369,0,0.995,12,0.32666779996361583
k,8.0,19,99,2430695552737742388,200,1600,8,1021,3.19,8.0,cached,float32,1,0.3326797385620915,225.31855442234064,0.14435090787621438,9.23845810407772,1.4442019221744218,1.4641806901698369,0,0.99,3,0.3366605000337586
k,9.0,20,0,4880689913749482179,200,1600,9,1021,3.19,8.0,cached,float32,1,0.3326797385620915,225.31855442234064,0.04802262229345955,3.4576288051290875,0.5405138076373387,0.5490677588136889,0,0.97,6,0.37601080001331866
k,9.0,20,1,17668804092477695954,200,1600,9,1021,3.19,8.0,cached,float32,1,0.3326797385620915,225.31855442234064,0.04802262229345955,3.4576288051290875,0.5405138076373387,0.5490677588136889,0,0.945,6,0.36896320001687855
k,9.0,20,2,4528280418872271128,200,1600,9,1021,3.19,8.0,cached,float32,1,0.3326797385620915,225.31855442234064,0.04802262229345955,3.4576288051290875,0.5405138076373387,0.5490677588136889,0,0.975,6,0.37704529997427016
k,9.0,20,3,14942557294718786971,200,1600,9,1021,3.19,8.0,cached,float32,1,0.3326797385620915,225.31855442234064,0.04802262229345955,3.4576288051290875,0.5405138076373387,0.5490677588136889,0,0.98,6,0.3710214000893757
k,9.0,20,4,1469266411543979900,200,1600,9,1021,3.19,8.0,cached,float32,1,0.3326797385620915,225.31855442234064,0.04802262229345955,3.4576288051290875,0.5405138076373387,0.5490677588136889,0,0.985,3,0.3959807000355795
k,9.0,20,5,10217645284714277449,200,1600,9,1021,3.19,8.0,cached,float32,1,0.3326797385620915,225.31855442234064,0.04802262229345955,3.4576288051290875,0.5405138076373387,0.5490677588136889,0,0.99,12,0.38033850002102554
k,9.0,20,6,9905432231738008508,200,1600,9,1021,3.19,8.0,cached,float32,1,0.3326797385620915,225.31855442234064,0.04802262229345955,3.4576288051290875,0.5405138076373387,0.5490677588136889,0,0.965,2,0.37704829999711365
k,9.0,20,7,1939814253060337857,200,1600,9,1021,3.19,8.0,cached,float32,1,0.3326797385620915,225.31855442234064,0.04802262229345955,3.4576288051290875,0.5405138076373387,0.5490677588136889,0,0.97,9,0.38703340000938624
k,9.0,20,8,12762914527738509525,200,1600,9,1021,3.19,8.0,cached,float32,1,0.3326797385620915,225.31855442234064,0.04802262229345955,3.4576288051290875,0.5405138076373387,0.5490677588136889,0,0.99,2,0.3813036000356078
k,9.0,20,9,2698015999967496132,200,1600,9,1021,3.19,8.0,cached,float32,1,0.3326797385620915,225.31855442234064,0.04802262229345955,3.4576288051290875,0.5405138076373387,0.5490677588136889,0,0.93,6,0.37620089994743466
k,9.0,20,10,6439606566477419528,200,1600,9,1021,3.19,8.0,cached,float32,1,0.3326797385620915,225.31855442234064,0.04802262229345955,3.4576288051290875,0.5405138076373387,0.5490677588136889,0,0.945,3,0.380445700022392
k,9.0,20,11,8139493170201131107,200,1600,9,1021,3.19,8.0,cached,float32,1,0.3326797385620915,225.31855442234064,0.04802262229345955,3.4576288051290875,0.5405138076373387,0.5490677588136889,0,0.965,1,0.38967069995123893
k,9.0,20,12,506092606197773800,200,1600,9,1021,3.19,8.0,cached,float32,1,0.3326797385620915,225.31855442234064,0.04802262229345955,3.4576288051290875,0.5405138076373387,0.5490677588136889,0,0.97,2,0.3771606999216601
k,9.0,20,13,12730851031385495049,200,1600,9,1021,3.19,8.0,cached,float32,1,0.3326797385620915,225.31855442234064,0.04802262229345955,3.4576288051290875,0.5405138076373387,0.5490677588136889,0,0.97,1,0.37619109998922795
k,9.0,20,14,847360654365419318,200,1600,9,1021,3.19,8.0,cached,float32,1,0.3326797385620915,225.31855442234064,0.04802262229345955,3.4576288051290875,0.5405138076373387,0.5490677588136889,1,1.0,0,0.37062990001868457
k,9.0,20,15,13662909821037214987,200,1600,9,1021,3.19,8.0,cached,float32,1,0.3326797385620915,225.31855442234064,0.04802262229345955,3.4576288051290875,0.5405138076373387,0.5490677588136889,0,0.995,3,0.37792790005914867
k,9.0,20,16,2128787693184620619,200,1600,9,1021,3.19,8.0,cached,float32,1,0.3326797385620915,225.31855442234064,0.04802262229345955,3.4576288051290875,0.5405138076373387,0.5490677588136889,0,0.99,7,0.3692592999432236
k,9.0,20,17,4516464611598109744,200,1600,9,1021,3.19,8.0,cached,float32,1,0.3326797385620915,225.31855442234064,0.04802262229345955,3.4576288051290875,0.5405138076373387,0.5490677588136889,0,0.985,9,0.3695967000676319
k,9.0,20,18,17384663756971962073,200,1600,9,1021,3.19,8.0,cached,float32,1,0.3326797385620915,225.31855442234064,0.04802262229345955,3.4576288051290875,0.5405138076373387,0.5490677588136889,0,0.985,9,0.37051769997924566
k,9.0,20,19,18289571868983723646,200,1600,9,1021,3.19,8.0,cached,float32,1,0.3326797385620915,225.31855442234064,0.04802262229345955,3.4576288051290875,0.5405138076373387,0.5490677588136889,0,0.955,3,0.36865720001515
k,9.0,20,20,1466051523591543998,200,1600,9,1021,3.19,8.0,cached,float32,1,0.3326797385620915,225.31855442234064,0.04802262229345955,3.4576288051290875,0.5405138076373387,0.5490677588136889,0,0.96,4,0.3955478999996558
k,9.0,20,21,645560639120955012,200,1600,9,1021,3.19,8.0,cached,float32,1,0.3326797385620915,225.31855442234064,0.04802262229345955,3.4576288051290875,0.5405138076373387,0.5490677588136889,0,0.93,2,0.37514809996355325
k,9.0,20,22,12129186052027634550,200,1600,9,1021,3.19,8.0,cached,float32,1,0.3326797385620915,225.31855442234064,0.04802262229345955,3.4576288051290875,0.5405138076373387,0.5490677588136889,0,0.995,36,0.369344100006856
k,9.0,20,23,12866262711172188603,200,1600,9,1021,3.19,8.0,cached,float32,1,0.3326797385620915,225.31855442234064,0.04802262229345955,3.4576288051290875,0.5405138076373387,0.5490677588136889,0,0.885,1,0.37131399998907
k,9.0,20,24,2114009502242727183,200,1600,9,1021,3.19,8.0,cached,float32,1,0.3326797385620915,225.31855442234064,0.04802262229345955,3.4576288051290875,0.5405138076373387,0.5490677588136889,0,0.955,1,0.3704065999481827
k,9.0,20,25,4534541807412442609,200,1600,9,1021,3.19,8.0,cached,float32,1,0.3326797385620915,225.31855442234064,0.04802262229345955,3.4576288051290875,0.5405138076373387,0.5490677588136889,0,0.95,2,0.37199080002028495
k,9.0,20,26,5056935336374882616,200,1600,9,1021,3.19,8.0,cached,float32,1,0.3326797385620915,225.31855442234064,0.04802262229345955,3.4576288051290875,0.5405138076373387,0.5490677588136889,0,0.99,7,0.37278869992587715
k,9.0,20,27,820502171934695242,200,1600,9,1021,3.19,8.0,cached,float32,1,0.3326797385620915,225.31855442234064,0.04802262229345955,3.4576288051290875,0.5405138076373387,0.5490677588136889,0,0.99,3,0.3698201000224799
k,9.0,20,28,12183309521835594526,200,1600,9,1021,3.19,8.0,cached,float32,1,0.3326797385620915,225.31855442234064,0.04802262229345955,3.4576288051290875,0.5405138076373387,0.5490677588136889,0,0.995,3,0.37130430003162473
k,9.0,20,29,11655812319252032985,200,1600,9,1021,3.19,8.0,cached,float32,1,0.3326797385620915,225.31855442234064,0.04802262229345955,3.4576288051290875,0.5405138076373387,0.5490677588136889,0,0.98,3,0.368224999983795
k,9.0,20,30,8229032850760825898,200,1600,9,1021,3.19,8.0,cached,float32,1,0.3326797385620915,225.31855442234064,0.04802262229345955,3.4576288051290875,0.5405138076373387,0.5490677588136889,0,0.985,3,0.3776888999855146
k,9.0,20,31,15459649622806354998,200,1600,9,1021,3.19,8.0,cached,float32,1,0.3326797385620915,225.31855442234064,0.04802262229345955,3.4576288051290875,0.5405138076373387,0.5490677588136889,0,0.995,2,0.3785039000213146
k,9.0,20,32,9674410942857361697,200,1600,9,1021,3.19,8.0,cached,float32,1,0.3326797385620915,225.31855442234064,0.04802262229345955,3.4576288051290875,0.5405138076373387,0.5490677588136889,0,0.99,17,0.37590750004164875
k,9.0,20,33,12374790357734614206,200,1600,9,1021,3.19,8.0,cached,float32,1,0.3326797385620915,225.31855442234064,0.04802262229345955,3.4576288051290875,0.5405138076373387,0.5490677588136889,0,0.985,7,0.36770089995115995
k,9.0,20,34,11918767856947332408,200,1600,9,1021,3.19,8.0,cached,float32,1,0.3326797385620915,225.31855442234064,0.04802262229345955,3.4576288051290875,0.5405138076373387,0.5490677588136889,1,1.0,0,0.39212830003816634
k,9.0,20,35,3765038888942005087,200,1600,9,1021,3.19,8.0,cached,float32,1,0.3326797385620915,225.31855442234064,0.04802262229345955,3.4576288051290875,0.5405138076373387,0.5490677588136889,0,0.985,12,0.3759489000076428
k,9.0,20,36,4177549659683681442,200,1600,9,1021,3.19,8.0,cached,float32,1,0.3326797385620915,225.31855442234064,0.04802262229345955,3.4576288051290875,0.5405138076373387,0.5490677588136889,0,0.975,1,0.37363589997403324
k,9.0,20,37,4468942670801796601,200,1600,9,1021,3.19,8.0,cached,float32,1,0.3326797385620915,225.31855442234064,0.04802262229345955,3.4576288051290875,0.5405138076373387,0.5490677588136889,0,0.985,10,0.37748439994174987
k,9.0,20,38,6263187367528549509,200,1600,9,1021,3.19,8.0,cached,float32,1,0.3326797385620915,225.31855442234064,0.04802262229345955,3.4576288051290875,0.5405138076373387,0.5490677588136889,0,0.945,4,0.37561340001411736
k,9.0,20,39,2367828699936892268,200,1600,9,1021,3.19,8.0,cached,float32,1,0.3326797385620915,225.31855442234064,0.04802262229345955,3.4576288051290875,0.5405138076373387,0.5490677588136889,0,0.99,13,0.40266109991353005
k,9.0,20,40,4572280769824909316,200,1600,9,1021,3.19,8.0,cached,float32,1,0.3326797385620915,225.31855442234064,0.04802262229345955,3.4576288051290875,0.5405138076373387,0.5490677588136889,0,0.955,1,0.38245909998659045
k,9.0,20,41,16225975680499979817,200,1600,9,1021,3.19,8.0,cached,float32,1,0.3326797385620915,225.31855442234064,0.04802262229345955,3.4576288051290875,0.5405138076373387,0.5490677588136889,0,0.995,11,0.3771742000244558
k,9.0,20,42,8600307673733458906,200,1600,9,1021,3.19,8.0,cached,float32,1,0.3326797385620915,225.31855442234064,0.04802262229345955,3.4576288051290875,0.5405138076373387,0.5490677588136889,1,1.0,0,0.3797379999887198
k,9.0,20,43,11499102831178451111,200,1600,9,1021,3.19,8.0,cached,float32,1,0.3326797385620915,225.31855442234064,0.04802262229345955,3.4576288051290875,0.5405138076373387,0.5490677588136889,0,0.95,5,0.3708053999580443
k,9.0,20,44,3431584716865779659,200,1600,9,1021,3.19,8.0,cached,float32,1,0.3326797385620915,225.31855442234064,0.04802262229345955,3.4576288051290875,0.5405138076373387,0.5490677588136889,0,0.97,1,0.37184529996011406
k,9.0,20,45,4657458052627560573,200,1600,9,1021,3.19,8.0,cached,float32,1,0.3326797385620915,225.31855442234064,0.04802262229345955,3.4576288051290875,0.5405138076373387,0.5490677588136889,0,0.93,1,0.3773459999356419
k,9.0,20,46,10121540444031651201,200,1600,9,1021,3.19,8.0,cached,float32,1,0.3326797385620915,225.31855442234064,0.04802262229345955,3.4576288051290875,0.5405138076373387,0.5490677588136889,0,0.99,2,0.36939250002615154
k,9.0,20,47,7148719764036034215,200,1600,9,1021,3.19,8.0,cached,float32,1,0.3326797385620915,225.31855442234064,0.04802262229345955,3.4576288051290875,0.5405138076373387,0.5490677588136889,0,0.995,8,0.3749625999480486
k,9.0,20,48,4704804155559510325,200,1600,9,1021,3.19,8.0,cached,float32,1,0.3326797385620915,225.31855442234064,0.04802262229345955,3.4576288051290875,0.5405138076373387,0.5490677588136889,0,0.98,13,0.3669819999486208
k,9.0,20,49,9040725442614139411,200,1600,9,1021,3.19,8.0,cached,float32,1,0.3326797385620915,225.31855442234064,0.04802262229345955,3.4576288051290875,0.5405138076373387,0.5490677588136889,0,0.98,10,0.3748642000136897
k,9.0,20,50,7096021925712516108,200,1600,9,1021,3.19,8.0,cached,float32,1,0.3326797385620915,225.31855442234064,0.04802262229345955,3.4576288051290875,0.5405138076373387,0.5490677588136889,0,0.98,3,0.3693360999459401
k,9.0,20,51,11093930550503522544,200,1600,9,1021,3.19,8.0,cached,float32,1,0.3326797385620915,225.31855442234064,0.04802262229345955,3.4576288051290875,0.5405138076373387,0.5490677588136889,0,0.975,1,0.3758348999544978
k,9.0,20,52,2726600708711195628,200,1600,9,1021,3.19,8.0,cached,float32,1,0.3326797385620915,225.31855442234064,0.04802262229345955,3.4576288051290875,0.5405138076373387,0.5490677588136889,0,0.97,11,0.3742176000960171
k,9.0,20,53,15798474889401325695,200,1600,9,1021,3.19,8.0,cached,float32,1,0.3326797385620915,225.31855442234064,0.04802262229345955,3.4576288051290875,0.5405138076373387,0.5490677588136889,0,0.995,2,0.37310069997329265
k,9.0,20,54,1602867225363749068,200,1600,9,1021,3.19,8.0,cached,float32,1,0.3326797385620915,225.31855442234064,0.04802262229345955,3.4576288051290875,0.5405138076373387,0.5490677588136889,0,0.97,9,0.3708492999430746
k,9.0,20,55,1496957248651322590,200,1600,9,1021,3.19,8.0,cached,float32,1,0.3326797385620915,225.31855442234064,0.04802262229345955,3.4576288051290875,0.5405138076373387,0.5490677588136889,0,0.985,6,0.37780670006759465
k,9.0,20,56,1387257512979918800,200,1600,9,1021,3.19,8.0,cached,float32,1,0.3326797385620915,225.31855442234064,0.04802262229345955,3.4576288051290875,0.5405138076373387,0.5490677588136889,0,0.96,1,0.371424000011757
k,9.0,20,57,1111714692723474023,200,1600,9,1021,3.19,8.0,cached,float32,1,0.3326797385620915,225.31855442234064,0.04802262229345955,3.4576288051290875,0.5405138076373387,0.5490677588136889,0,0.92,1,0.3708617000374943
k,9.0,20,58,14093367035747646765,200,1600,9,1021,3.19,8.0,cached,float32,1,0.3326797385620915,225.31855442234064,0.04802262229345955,3.4576288051290875,0.5405138076373387,0.5490677588136889,0,0.985,11,0.3775462999474257
k,9.0,20,59,5180076579669863277,200,1600,9,1021,3.19,8.0,cached,float32,1,0.3326797385620915,225.31855442234064,0.04802262229345955,3.4576288051290875,0.5405138076373387,0.5490677588136889,0,0.975,1,0.37094229995273054
k,9.0,20,60,13696266904761841548,200,1600,9,1021,3.19,8.0,cached,float32,1,0.3326797385620915,225.31855442234064,0.04802262229345955,3.4576288051290875,0.5405138076373387,0.5490677588136889,0,0.95,1,0.37787379999645054
k,9.0,20,61,13751683077854937785,200,1600,9,1021,3.19,8.0,cached,float32,1,0.3326797385620915,225.31855442234064,0.04802262229345955,3.4576288051290875,0.5405138076373387,0.5490677588136889,0,0.98,1,0.37475720001384616
k,9.0,20,62,15221074863843636998,200,1600,9,1021,3.19,8.0,cached,float32,1,0.3326797385620915,225.31855442234064,0.04802262229345955,3.4576288051290875,0.5405138076373387,0.5490677588136889,0,0.94,4,0.3726609000004828
k,9.0,20,63,817402995416436482,200,1600,9,1021,3.19,8.0,cached,float32,1,0.3326797385620915,225.31855442234064,0.04802262229345955,3.4576288051290875,0.5405138076373387,0.5490677588136889,0,0.985,4,0.37933979998342693
k,9.0,20,64,12489981970121564641,200,1600,9,1021,3.19,8.0,cached,float32,1,0.3326797385620915,225.31855442234064,0.04802262229345955,3.4576288051290875,0.5405138076373387,0.5490677588136889,0,0.98,10,0.37648769991938025
k,9.0,20,65,16225162468097008038,200,1600,9,1021,3.19,8.0,cached,float32,1,0.3326797385620915,225.31855442234064,0.04802262229345955,3.4576288051290875,0.5405138076373387,0.5490677588136889,0,0.98,2,0.374796099960804
k,9.0,20,66,5340727862891187489,200,1600,9,1021,3.19,8.0,cached,float32,1,0.3326797385620915,225.31855442234064,0.04802262229345955,3.4576288051290875,0.5405138076373387,0.5490677588136889,0,0.99,13,0.3695344999432564
k,9.0,20,67,4474338778804776833,200,1600,9,1021,3.19,8.0,cached,float32,1,0.3326797385620915,225.31855442234064,0.04802262229345955,3.4576288051290875,0.5405138076373387,0.5490677588136889,0,0.96,2,0.3673352999612689
k,9.0,20,68,16569676085741935139,200,1600,9,1021,3.19,8.0,cached,float32,1,0.3326797385620915,225.31855442234064,0.04802262229345955,3.4576288051290875,0.5405138076373387,0.5490677588136889,0,0.955,2,0.3711473000003025
k,9.0,20,69,5628610636669939214,200,1600,9,1021,3.19,8.0,cached,float32,1,0.3326797385620915,225.31855442234064,0.04802262229345955,3.4576288051290875,0.5405138076373387,0.5490677588136889,0,0.945,1,0.36740430002100766
k,9.0,20,70,17136474785818164779,200,1600,9,1021,3.19,8.0,cached,float32,1,0.3326797385620915,225.31855442234064,0.04802262229345955,3.4576288051290875,0.5405138076373387,0.5490677588136889,0,0.97,4,0.36999969999305904
k,9.0,20,71,410107449830200625,200,1600,9,1021,3.19,8.0,cached,float32,1,0.3326797385620915,225.31855442234064,0.04802262229345955,3.4576288051290875,0.5405138076373387,0.5490677588136889,0,0.995,15,0.3780157999135554
k,9.0,20,72,18125305030815166080,200,1600,9,1021,3.19,8.0,cached,float32,1,0.3326797385620915,225.31855442234064,0.04802262229345955,3.4576288051290875,0.5405138076373387,0.5490677588136889,0,0.98,3,0.37334990000817925
k,9.0,20,73,4062259370466658876,200,1600,9,1021,3.19,8.0,cached,float32,1,0.3326797385620915,225.31855442234064,0.04802262229345955,3.4576288051290875,0.5405138076373387,0.5490677588136889,0,0.97,3,0.37246059998869896
k,9.0,20,74,7695791854143466090,200,1600,9,1021,3.19,8.0,cached,float32,1,0.3326797385620915,225.31855442234064,0.04802262229345955,3.4576288051290875,0.5405138076373387,0.5490677588136889,0,0.995,9,0.37426560011226684
k,9.0,20,75,14714900725837515935,200,1600,9,1021,3.19,8.0,cached,float32,1,0.3326797385620915,225.31855442234064,0.04802262229345955,3.4576288051290875,0.5405138076373387,0.5490677588136889,0,0.96,4,0.3727592999348417
k,9.0,20,76,16490867906978407080,200,1600,9,1021,3.19,8.0,cached,float32,1,0.3326797385620915,225.31855442234064,0.04802262229345955,3.4576288051290875,0.5405138076373387,0.5490677588136889,1,1.0,0,0.37527489999774843
k,9.0,20,77,1580602190623092407,200,1600,9,1021,3.19,8.0,cached,float32,1,0.3326797385620915,225.31855442234064,0.04802262229345955,3.4576288051290875,0.5405138076373387,0.5490677588136889,0,0.905,1,0.3910640000831336
k,9.0,20,78,17609712683214943106,200,1600,9,1021,3.19,8.0,cached,float32,1,0.3326797385620915,225.31855442234064,0.04802262229345955,3.4576288051290875,0.5405138076373387,0.5490677588136889,0,0.99,13,0.3722954000113532
k,9.0,20,79,16119716260747066171,200,1600,9,1021,3.19,8.0,cached,float32,1,0.3326797385620915,225.31855442234064,0.04802262229345955,3.4576288051290875,0.5405138076373387,0.5490677588136889,0,0.98,1,0.38011719996575266
k,9.0,20,80,11790712218311792619,200,1600,9,1021,3.19,8.0,cached,float32,1,0.3326797385620915,225.31855442234064,0.04802262229345955,3.4576288051290875,0.5405138076373387,0.5490677588136889,0,0.975,6,0.37409629998728633
k,9.0,20,81,8539454746024983789,200,1600,9,1021,3.19,8.0,cached,float32,1,0.3326797385620915,225.31855442234064,0.04802262229345955,3.4576288051290875,0.5405138076373387,0.5490677588136889,0,0.985,8,0.37024449999444187
k,9.0,20,82,10675895074964431516,200,1600,9,1021,3.19,8.0,cached,float32,1,0.3326797385620915,225.31855442234064,0.04802262229345955,3.4576288051290875,0.5405138076373387,0.5490677588136889,0,0.96,6,0.3740885000443086
k,9.0,20,83,6058580980568680524,200,1600,9,1021,3.19,8.0,cached,float32,1,0.3326797385620915,225.31855442234064,0.04802262229345955,3.4576288051290875,0.5405138076373387,0.5490677588136889,0,0.975,2,0.37142390001099557
k,9.0,20,84,1557597897090696175,200,1600,9,1021,3.19,8.0,cached,float32,1,0.3326797385620915,225.31855442234064,0.04802262229345955,3.4576288051290875,0.5405138076373387,0.5490677588136889,0,0.96,2,0.37922250002156943
k,9.0,20,85,6263620215836621147,200,1600,9,1021,3.19,8.0,cached,float32,1,0.3326797385620915,225.31855442234064,0.04802262229345955,3.4576288051290875,0.5405138076373387,0.5490677588136889,0,0.99,1,0.37605329998768866
k,9.0,20,86,2341623239170826215,200,1600,9,1021,3.19,8.0,cached,float32,1,0.3326797385620915,225.31855442234064,0.04802262229345955,3.4576288051290875,0.5405138076373387,0.5490677588136889,0,0.975,4,0.3713729999726638
k,9.0,20,87,7144382860143991136,200,1600,9,1021,3.19,8.0,cached,float32,1,0.3326797385620915,225.31855442234064,0.04802262229345955,3.4576288051290875,0.5405138076373387,0.5490677588136889,0,0.99,12,0.38397760002408177
k,9.0,20,88,18307577818436987006,200,1600,9,1021,3.19,8.0,cached,float32,1,0.3326797385620915,225.31855442234064,0.04802262229345955,3.4576288051290875,0.5405138076373387,0.5490677588136889,0,0.965,5,0.37319539999589324
k,9.0,20,89,10310395059073480914,200,1600,9,1021,3.19,8.0,cached,float32,1,0.3326797385620915,225.31855442234064,0.04802262229345955,3.4576288051290875,0.5405138076373387,0.5490677588136889,0,0.955,3,0.3713174000149593
k,9.0,20,90,3654006098126084596,200,1600,9,1021,3.19,8.0,cached,float32,1,0.3326797385620915,225.31855442234064,0.04802262229345955,3.4576288051290875,0.5405138076373387,0.5490677588136889,0,0.95,3,0.37173859996255487
k,9.0,20,91,11039585075724056647,200,1600,9,1021,3.19,8.0,cached,float32,1,0.3326797385620915,225.31855442234064,0.04802262229345955,3.4576288051290875,0.5405138076373387,0.5490677588136889,0,0.97,1,0.37264779990073293
k,9.0,20,92,8741086219814702674,200,1600,9,1021,3.19,8.0,cached,float32,1,0.3326797385620915,225.31855442234064,0.04802262229345955,3.4576288051290875,0.5405138076373387,0.5490677588136889,0,0.975,2,0.3790322000859305
k,9.0,20,93,15111280799494505111,200,1600,9,1021,3.19,8.0,cached,float32,1,0.3326797385620915,225.31855442234064,0.04802262229345955,3.4576288051290875,0.5405138076373387,0.5490677588136889,0,0.96,3,0.3735420999582857
k,9.0,20,94,9568042968814976376,200,1600,9,1021,3.19,8.0,cached,float32,1,0.3326797385620915,225.31855442234064,0.04802262229345955,3.4576288051290875,0.5405138076373387,0.5490677588136889,0,0.985,8,0.3711005999939516
k,9.0,20,95,8432509323118503376,200,1600,9,1021,3.19,8.0,cached,float32,1,0.3326797385620915,225.31855442234064,0.04802262229345955,3.4576288051290875,0.5405138076373387,0.5490677588136889,0,0.995,2,0.37423479999415576
k,9.0,20,96,2738872204769819398,200,1600,9,1021,3.19,8.0,cached,float32,1,0.3326797385620915,225.31855442234064,0.04802262229345955,3.4576288051290875,0.5405138076373387,0.5490677588136889,0,0.945,2,0.37525420007295907
k,9.0,20,97,3670947864574438030,200,1600,9,1021,3.19,8.0,cached,float32,1,0.3326797385620915,225.31855442234064,0.04802262229345955,3.4576288051290875,0.5405138076373387,0.5490677588136889,0,0.95,3,0.41255310003180057
k,9.0,20,98,3206995892830670775,200,1600,9,1021,3.19,8.0,cached,float32,1,0.3326797385620915,225.31855442234064,0.04802262229345955,3.4576288051290875,0.5405138076373387,0.5490677588136889,0,0.985,6,0.37551719998009503
k,9.0,20,99,17823255791010134019,200,1600,9,1021,3.19,8.0,cached,float32,1,0.3326797385620915,225.31855442234064,0.04802262229345955,3.4576288051290875,0.5405138076373387,0.5490677588136889,0,0.985,2,0.37388980004470795
k,10.0,21,0,17693931217352525313,200,1600,10,1021,3.19,8.0,cached,float32,1,0.3326797385620915,225.31855442234064,0.015976153429654194,1.2780922743723355,0.19979776912665612,0.20335842919025515,0,0.38,1,0.41797870001755655
k,10.0,21,1,2335804823384804872,200,1600,10,1021,3.19,8.0,cached,float32,1,0.3326797385620915,225.31855442234064,0.015976153429654194,1.2780922743723355,0.19979776912665612,0.20335842919025515,0,0.94,8,0.4142076000571251
k,10.0,21,2,11586589481722715219,200,1600,10,1021,3.19,8.0,cached,float32,1,0.3326797385620915,225.31855442234064,0.015976153429654194,1.2780922743723355,0.19979776912665612,0.20335842919025515,0,0.95,3,0.42005670000799
k,10.0,21,3,8441958954361291219,200,1600,10,1021,3.19,8.0,cached,float32,1,0.3326797385620915,225.31855442234064,0.015976153429654194,1.2780922743723355,0.19979776912665612,0.20335842919025515,0,0.34,1,0.4221087000332773
k,10.0,21,4,12584701668626261681,200,1600,10,1021,3.19,8.0,cached,float32,1,0.3326797385620915,225.31855442234064,0.015976153429654194,1.2780922743723355,0.19979776912665612,0.20335842919025515,0,0.825,2,0.44920249993447214
k,10.0,21,5,8247649090705392197,200,1600,10,1021,3.19,8.0,cached,float32,1,0.3326797385620915,225.31855442234064,0.015976153429654194,1.2780922743723355,0.19979776912665612,0.20335842919025515,0,0.865,4,0.4139689999865368
k,10.0,21,6,9940600301065990030,200,1600,10,1021,3.19,8.0,cached,float32,1,0.3326797385620915,225.31855442234064,0.015976153429654194,1.2780922743723355,0.19979776912665612,0.20335842919025515,0,0.875,3,0.4126717000035569
k,10.0,21,7,5808493495649939566,200,1600,10,1021,3.19,8.0,cached,float32,1,0.3326797385620915,225.31855442234064,0.015976153429654194,1.2780922743723355,0.19979776912665612,0.20335842919025515,0,0.89,4,0.4147249999223277
k,10.0,21,8,16685730072408066403,200,1600,10,1021,3.19,8.0,cached,float32,1,0.3326797385620915,225.31855442234064,0.015976153429654194,1.2780922743723355,0.19979776912665612,0.20335842919025515,0,0.72,3,0.412707099923864
k,10.0,21,9,15508681190393042230,200,1600,10,1021,3.19,8.0,cached,float32,1,0.3326797385620915,225.31855442234064,0.015976153429654194,1.2780922743723355,0.19979776912665612,0.20335842919025515,0,0.94,1,0.4160298000788316
k,10.0,21,10,5019404089870142093,200,1600,10,1021,3.19,8.0,cached,float32,1,0.3326797385620915,225.31855442234064,0.015976153429654194,1.2780922743723355,0.19979776912665612,0.20335842919025515,0,0.495,2,0.4209715999895707
k,10.0,21,11,18228090184587524703,200,1600,10,1021,3.19,8.0,cached,float32,1,0.3326797385620915,225.31855442234064,0.015976153429654194,1.2780922743723355,0.19979776912665612,0.20335842919025515,0,0.545,1,0.4254349999828264
k,10.0,21,12,298359964163078316,200,1600,10,1021,3.19,8.0,cached,float32,1,0.3326797385620915,225.31855442234064,0.015976153429654194,1.2780922743723355,0.19979776912665612,0.20335842919025515,0,0.83,2,0.42541960009839386
k,10.0,21,13,12828970912968805319,200,1600,10,1021,3.19,8.0,cached,float32,1,0.3326797385620915,225.31855442234064,0.015976153429654194,1.2780922743723355,0.19979776912665612,0.20335842919025515,0,0.455,1,0.41875869990326464
k,10.0,21,14,101045239289522979,200,1600,10,1021,3.19,8.0,cached,float32,1,0.3326797385620915,225.31855442234064,0.015976153429654194,1.2780922743723355,0.19979776912665612,0.20335842919025515,0,0.565,4,0.4330125000560656
k,10.0,21,15,10443728997331232906,200,1600,10,1021,3.19,8.0,cached,float32,1,0.3326797385620915,225.31855442234064,0.015976153429654194,1.2780922743723355,0.19979776912665612,0.20335842919025515,0,0.425,1,0.4148221000796184
k,10.0,21,16,10272755551948443808,200,1600,10,1021,3.19,8.0,cached,float32,1,0.3326797385620915,225.31855442234064,0.015976153429654194,1.2780922743723355,0.19979776912665612,0.20335842919025515,0,0.505,1,0.4197440999560058
k,10.0,21,17,6835389374657791010,200,1600,10,1021,3.19,8.0,cached,float32,1,0.3326797385620915,225.31855442234064,0.015976153429654194,1.2780922743723355,0.19979776912665612,0.20335842919025515,0,0.89,1,0.4175722999498248
k,10.0,21,18,937423172903484912,200,1600,10,1021,3.19,8.0,cached,float32,1,0.3326797385620915,225.31855442234064,0.015976153429654194,1.2780922743723355,0.19979776912665612,0.20335842919025515,0,0.94,2,0.4164065000368282
k,10.0,21,19,10320519951427104942,200,1600,10,1021,3.19,8.0,cached,float32,1,0.3326797385620915,225.31855442234064,0.015976153429654194,1.2780922743723355,0.19979776912665612,0.20335842919025515,0,0.33,2,0.4129778000060469
k,10.0,21,20,9460734660198443438,200,1600,10,1021,3.19,8.0,cached,float32,1,0.3326797385620915,225.31855442234064,0.015976153429654194,1.2780922743723355,0.19979776912665612,0.20335842919025515,0,0.79,4,0.4205860000802204
k,10.0,21,21,7590855493326034580,200,1600,10,1021,3.19,8.0,cached,float32,1,0.3326797385620915,225.31855442234064,0.015976153429654194,1.2780922743723355,0.19979776912665612,0.20335842919025515,0,0.305,3,0.41790920007042587
k,10.0,21,22,13003785943350795025,200,1600,10,1021,3.19,8.0,cached,float32,1,0.3326797385620915,225.31855442234064,0.015976153429654194,1.2780922743723355,0.19979776912665612,0.20335842919025515,0,0.975,4,0.4252727000275627
k,10.0,21,23,17054462023983836145,200,1600,10,1021,3.19,8.0,cached,float32,1,0.3326797385620915,225.31855442234064,0.015976153429654194,1.2780922743723355,0.19979776912665612,0.20335842919025515,0,0.875,2,0.41403700003866106
k,10.0,21,24,18090978342314512283,200,1600,10,1021,3.19,8.0,cached,float32,1,0.3326797385620915,225.31855442234064,0.015976153429654194,1.2780922743723355,0.19979776912665612,0.20335842919025515,0,0.365,3,0.4190928000025451
k,10.0,21,25,15143817472558753773,200,1600,10,1021,3.19,8.0,cached,float32,1,0.3326797385620915,225.31855442234064,0.015976153429654194,1.2780922743723355,0.19979776912665612,0.20335842919025515,0,0.36,3,0.4151400999398902
k,10.0,21,26,10437674454960793272,200,1600,10,1021,3.19,8.0,cached,float32,1,0.3326797385620915,225.31855442234064,0.015976153429654194,1.2780922743723355,0.19979776912665612,0.20335842919025515,0,0.885,6,0.41884890000801533
k,10.0,21,27,16608658391439454872,200,1600,10,1021,3.19,8.0,cached,float32,1,0.3326797385620915,225.31855442234064,0.015976153429654194,1.2780922743723355,0.19979776912665612,0.20335842919025515,0,0.875,5,0.41435679991263896
k,10.0,21,28,291568570424030260,200,1600,10,1021,3.19,8.0,cached,float32,1,0.3326797385620915,225.31855442234064,0.015976153429654194,1.2780922743723355,0.19979776912665612,0.20335842919025515,0,0.875,2,0.40996720001567155
k,10.0,21,29,9694039449570427200,200,1600,10,1021,3.19,8.0,cached,float32,1,0.3326797385620915,225.31855442234064,0.015976153429654194,1.2780922743723355,0.19979776912665612,0.20335842919025515,0,0.46,1,0.4118171000154689
k,10.0,21,30,11898718099641476105,200,1600,10,1021,3.19,8.0,cached,float32,1,0.3326797385620915,225.31855442234064,0.015976153429654194,1.2780922743723355,0.19979776912665612,0.20335842919025515,0,0.955,11,0.44880649994593114
k,10.0,21,31,5581455294640665196,200,1600,10,1021,3.19,8.0,cached,float32,1,0.3326797385620915,225.31855442234064,0.015976153429654194,1.2780922743723355,0.19979776912665612,0.20335842919025515,0,0.835,3,0.4268042000476271
k,10.0,21,32,11482224010268814756,200,1600,10,1021,3.19,8.0,cached,float32,1,0.3326797385620915,225.31855442234064,0.015976153429654194,1.2780922743723355,0.19979776912665612,0.20335842919025515,0,0.47,3,0.4173780999844894
k,10.0,21,33,2457661234838373029,200,1600,10,1021,3.19,8.0,cached,float32,1,0.3326797385620915,225.31855442234064,0.015976153429654194,1.2780922743723355,0.19979776912665612,0.20335842919025515,0,0.81,1,0.41767160000745207
k,10.0,21,34,934034239890821923,200,1600,10,1021,3.19,8.0,cached,float32,1,0.3326797385620915,225.31855442234064,0.015976153429654194,1.2780922743723355,0.19979776912665612,0.20335842919025515,0,0.925,3,0.4159073999617249
k,10.0,21,35,15415569096477689200,200,1600,10,1021,3.19,8.0,cached,float32,1,0.3326797385620915,225.31855442234064,0.015976153429654194,1.2780922743723355,0.19979776912665612,0.20335842919025515,0,0.885,3,0.4120563000906259
k,10.0,21,36,17285080961668423371,200,1600,10,1021,3.19,8.0,cached,float32,1,0.3326797385620915,225.31855442234064,0.015976153429654194,1.2780922743723355,0.19979776912665612,0.20335842919025515,0,0.515,5,0.41433070006314665
k,10.0,21,37,10984542940806356025,200,1600,10,1021,3.19,8.0,cached,float32,1,0.3326797385620915,225.31855442234064,0.015976153429654194,1.2780922743723355,0.19979776912665612,0.20335842919025515,0,0.46,1,0.42307529994286597
k,10.0,21,38,18356646201769865450,200,1600,10,1021,3.19,8.0,cached,float32,1,0.3326797385620915,225.31855442234064,0.015976153429654194,1.2780922743723355,0.19979776912665612,0.20335842919025515,0,0.395,1,0.41764779994264245
k,10.0,21,39,3471314309638016158,200,1600,10,1021,3.19,8.0,cached,float32,1,0.3326797385620915,225.31855442234064,0.015976153429654194,1.2780922743723355,0.19979776912665612,0.20335842919025515,0,0.615,2,0.41675109998323023
k,10.0,21,40,14931704124234880340,200,1600,10,1021,3.19,8.0,cached,float32,1,0.3326797385620915,225.31855442234064,0.015976153429654194,1.2780922743723355,0.19979776912665612,0.20335842919025515,0,0.405,2,0.4211706999922171
k,10.0,21,41,11802259975922167747,200,1600,10,1021,3.19,8.0,cached,float32,1,0.3326797385620915,225.31855442234064,0.015976153429654194,1.2780922743723355,0.19979776912665612,0.20335842919025515,0,0.445,1,0.4224767000414431
k,10.0,21,42,13393903647678526739,200,1600,10,1021,3.19,8.0,cached,float32,1,0.3326797385620915,225.31855442234064,0.015976153429654194,1.2780922743723355,0.19979776912665612,0.20335842919025515,0,0.38,2,0.41981919994577765
k,10.0,21,43,2683195092975071929,200,1600,10,1021,3.19,8.0,cached,float32,1,0.3326797385620915,225.31855442234064,0.015976153429654194,1.2780922743723355,0.19979776912665612,0.20335842919025515,0,0.935,1,0.41555500007234514
k,10.0,21,44,16590429159334458846,200,1600,10,1021,3.19,8.0,cached,float32,1,0.3326797385620915,225.31855442234064,0.015976153429654194,1.2780922743723355,0.19979776912665612,0.20335842919025515,0,0.87,2,0.4128144000424072
k,10.0,21,45,5546362545478937571,200,1600,10,1021,3.19,8.0,cached,float32,1,0.3326797385620915,225.31855442234064,0.015976153429654194,1.2780922743723355,0.19979776912665612,0.20335842919025515,0,0.535,2,0.41799149999860674
k,10.0,21,46,11996906151838575846,200,1600,10,1021,3.19,8.0,cached,float32,1,0.3326797385620915,225.31855442234064,0.015976153429654194,1.2780922743723355,0.19979776912665612,0.20335842919025515,0,0.315,1,0.4215863000135869
k,10.0,21,47,15446665997731029640,200,1600,10,1021,3.19,8.0,cached,float32,1,0.3326797385620915,225.31855442234064,0.015976153429654194,1.2780922743723355,0.19979776912665612,0.20335842919025515,0,0.405,1,0.4134510000003502
k,10.0,21,48,17725299339078293949,200,1600,10,1021,3.19,8.0,cached,float32,1,0.3326797385620915,225.31855442234064,0.015976153429654194,1.2780922743723355,0.19979776912665612,0.20335842919025515,0,0.86,2,0.41462469997350127
k,10.0,21,49,6186363342941481657,200,1600,10,1021,3.19,8.0,cached,float32,1,0.3326797385620915,225.31855442234064,0.015976153429654194,1.2780922743723355,0.19979776912665612,0.20335842919025515,0,0.475,1,0.41675400000531226
k,10.0,21,50,15625788055759245321,200,1600,10,1021,3.19,8.0,cached,float32,1,0.3326797385620915,225.31855442234064,0.015976153429654194,1.2780922743723355,0.19979776912665612,0.20335842919025515,0,0.96,3,0.4210730999475345
k,10.0,21,51,17469185064267664150,200,1600,10,1021,3.19,8.0,cached,float32,1,0.3326797385620915,225.31855442234064,0.015976153429654194,1.2780922743723355,0.19979776912665612,0.20335842919025515,0,0.565,3,0.42030849994625896
k,10.0,21,52,8966529972565620969,200,1600,10,1021,3.19,8.0,cached,float32,1,0.3326797385620915,225.31855442234064,0.015976153429654194,1.2780922743723355,0.19979776912665612,0.20335842919025515,0,0.93,3,0.41499039996415377
k,10.0,21,53,4618806464740647372,200,1600,10,1021,3.19,8.0,cached,float32,1,0.3326797385620915,225.31855442234064,0.015976153429654194,1.2780922743723355,0.19979776912665612,0.20335842919025515,0,0.96,11,0.4247213000198826
k,10.0,21,54,5937616572384138868,200,1600,10,1021,3.19,8.0,cached,float32,1,0.3326797385620915,225.31855442234064,0.015976153429654194,1.2780922743723355,0.19979776912665612,0.20335842919025515,0,0.69,1,0.41739650000818074
k,10.0,21,55,18157766578577147426,200,1600,10,1021,3.19,8.0,cached,float32,1,0.3326797385620915,225.31855442234064,0.015976153429654194,1.2780922743723355,0.19979776912665612,0.20335842919025515,0,0.795,2,0.41695380001328886
k,10.0,21,56,17750125323108252096,200,1600,10,1021,3.19,8.0,cached,float32,1,0.3326797385620915,225.31855442234064,0.015976153429654194,1.2780922743723355,0.19979776912665612,0.20335842919025515,0,0.925,4,0.4198648000601679
k,10.0,21,57,4968156041915176277,200,1600,10,1021,3.19,8.0,cached,float32,1,0.3326797385620915,225.31855442234064,0.015976153429654194,1.2780922743723355,0.19979776912665612,0.20335842919025515,0,0.97,12,0.4141702000051737
k,10.0,21,58,8965116404904703890,200,1600,10,1021,3.19,8.0,cached,float32,1,0.3326797385620915,225.31855442234064,0.015976153429654194,1.2780922743723355,0.19979776912665612,0.20335842919025515,0,0.38,5,0.4144058000529185
k,10.0,21,59,6699357446380195873,200,1600,10,1021,3.19,8.0,cached,float32,1,0.3326797385620915,225.31855442234064,0.015976153429654194,1.2780922743723355,0.19979776912665612,0.20335842919025515,0,0.95,1,0.42419550009071827
k,10.0,21,60,13647812079576250382,200,1600,10,1021,3.19,8.0,cached,float32,1,0.3326797385620915,225.31855442234064,0.015976153429654194,1.2780922743723355,0.19979776912665612,0.20335842919025515,0,0.605,2,0.43202139995992184
k,10.0,21,61,13644829293432280619,200,1600,10,1021,3.19,8.0,cached,float32,1,0.3326797385620915,225.31855442234064,0.015976153429654194,1.2780922743723355,0.19979776912665612,0.20335842919025515,0,0.93,5,0.4151562999468297
k,10.0,21,62,11585040796867851457,200,1600,10,1021,3.19,8.0,cached,float32,1,0.3326797385620915,225.31855442234064,0.015976153429654194,1.2780922743723355,0.19979776912665612,0.20335842919025515,0,0.37,2,0.41949799994472414
k,10.0,21,63,15553450541116250275,200,1600,10,1021,3.19,8.0,cached,float32,1,0.3326797385620915,225.31855442234064,0.015976153429654194,1.2780922743723355,0.19979776912665612,0.20335842919025515,0,0.46,1,0.415202800068073
k,10.0,21,64,17963959470150277636,200,1600,10,1021,3.19,8.0,cached,float32,1,0.3326797385620915,225.31855442234064,0.015976153429654194,1.2780922743723355,0.19979776912665612,0.20335842919025515,0,0.81,1,0.4168777000159025
k,10.0,21,65,15870427539646785903,200,1600,10,1021,3.19,8.0,cached,float32,1,0.3326797385620915,225.31855442234064,0.015976153429654194,1.2780922743723355,0.19979776912665612,0.20335842919025515,0,0.585,2,0.4199117999523878
k,10.0,21,66,16155857366401038278,200,1600,10,1021,3.19,8.0,cached,float32,1,0.3326797385620915,225.31855442234064,0.015976153429654194,1.2780922743723355,0.19979776912665612,0.20335842919025515,0,0.83,6,0.41215380001813173
k,10.0,21,67,6726462927817087746,200,1600,10,1021,3.19,8.0,cached,float32,1,0.3326797385620915,225.31855442234064,0.015976153429654194,1.2780922743723355,0.19979776912665612,0.20335842919025515,0,0.88,3,0.42299720004666597
k,10.0,21,68,15684679125096210132,200,1600,10,1021,3.19,8.0,cached,float32,1,0.3326797385620915,225.31855442234064,0.015976153429654194,1.2780922743723355,0.19979776912665612,0.20335842919025515,0,0.885,4,0.4222363999579102
k,10.0,21,69,6052503431022208060,200,1600,10,1021,3.19,8.0,cached,float32,1,0.3326797385620915,225.31855442234064,0.015976153429654194,1.2780922743723355,0.19979776912665612,0.20335842919025515,0,0.865,2,0.4192400999600068
k,10.0,21,70,5579485478427979200,200,1600,10,1021,3.19,8.0,cached,float32,1,0.3326797385620915,225.31855442234064,0.015976153429654194,1.2780922743723355,0.19979776912665612,0.20335842919025515,0,0.475,1,0.41577339998912066
k,10.0,21,71,11065181688864462083,200,1600,10,1021,3.19,8.0,cached,float32,1,0.3326797385620915,225.31855442234064,0.015976153429654194,1.2780922743723355,0.19979776912665612,0.20335842919025515,0,0.925,1,0.41489989997353405
k,10.0,21,72,3451865077909865113,200,1600,10,1021,3.19,8.0,cached,float32,1,0.3326797385620915,225.31855442234064,0.015976153429654194,1.2780922743723355,0.19979776912665612,0.20335842919025515,0,0.505,2,0.4197544000344351
k,10.0,21,73,115301391274653882,200,1600,10,1021,3.19,8.0,cached,float32,1,0.3326797385620915,225.31855442234064,0.015976153429654194,1.2780922743723355,0.19979776912665612,0.20335842919025515,0,0.855,1,0.416599600110203
k,10.0,21,74,2031872516652529056,200,1600,10,1021,3.19,8.0,cached,float32,1,0.3326797385620915,225.31855442234064,0.015976153429654194,1.2780922743723355,0.19979776912665612,0.20335842919025515,0,0.755,1,0.4145165999652818
k,10.0,21,75,13524587459889591239,200,1600,10,1021,3.19,8.0,cached,float32,1,0.3326797385620915,225.31855442234064,0.015976153429654194,1.2780922743723355,0.19979776912665612,0.20335842919025515,0,0.8,2,0.41572759998962283
k,10.0,21,76,15396727009839890720,200,1600,10,1021,3.19,8.0,cached,float32,1,0.3326797385620915,225.31855442234064,0.015976153429654194,1.2780922743723355,0.19979776912665612,0.20335842919025515,0,0.555,1,0.4129544000606984
k,10.0,21,77,4787704289764630641,200,1600,10,1021,3.19,8.0,cached,float32,1,0.3326797385620915,225.31855442234064,0.015976153429654194,1.2780922743723355,0.19979776912665612,0.20335842919025515,0,0.385,1,0.4138674000278115
k,10.0,21,78,8726057247711282589,200,1600,10,1021,3.19,8.0,cached,float32,1,0.3326797385620915,225.31855442234064,0.015976153429654194,1.2780922743723355,0.19979776912665612,0.20335842919025515,0,0.36,1,0.41938480001408607
k,10.0,21,79,1463443256282585727,200,1600,10,1021,3.19,8.0,cached,float32,1,0.3326797385620915,225.31855442234064,0.015976153429654194,1.2780922743723355,0.19979776912665612,0.20335842919025515,0,0.4,1,0.4279890999896452
k,10.0,21,80,5007007703330743481,200,1600,10,1021,3.19,8.0,cached,float32,1,0.3326797385620915,225.31855442234064,0.015976153429654194,1.2780922743723355,0.19979776912665612,0.20335842919025515,0,0.875,1,0.4168539000675082
k,10.0,21,81,14829042231936530071,200,1600,10,1021,3.19,8.0,cached,float32,1,0.3326797385620915,225.31855442234064,0.015976153429654194,1.2780922743723355,0.19979776912665612,0.20335842919025515,0,0.805,6,0.41156170004978776
k,10.0,21,82,6497643286559109438,200,1600,10,1021,3.19,8.0,cached,float32,1,0.3326797385620915,225.31855442234064,0.015976153429654194,1.2780922743723355,0.19979776912665612,0.20335842919025515,0,0.92,3,0.42238699994049966
k,10.0,21,83,9247866096769375228,200,1600,10,1021,3.19,8.0,cached,float32,1,0.3326797385620915,225.31855442234064,0.015976153429654194,1.2780922743723355,0.19979776912665612,0.20335842919025515,0,0.36,1,0.4184148000786081
k,10.0,21,84,1814108159531693446,200,1600,10,1021,3.19,8.0,cached,float32,1,0.3326797385620915,225.31855442234064,0.015976153429654194,1.2780922743723355,0.19979776912665612,0.20335842919025515,0,0.9,2,0.41961509990505874
k,10.0,21,85,4384392288116181156,200,1600,10,1021,3.19,8.0,cached,float32,1,0.3326797385620915,225.31855442234064,0.015976153429654194,1.2780922743723355,0.19979776912665612,0.20335842919025515,0,0.955,3,0.4408095999388024
k,10.0,21,86,12810076129268313930,200,1600,10,1021,3.19,8.0,cached,float32,1,0.3326797385620915,225.31855442234064,0.015976153429654194,1.2780922743723355,0.19979776912665612,0.20335842919025515,0,0.69,3,0.43158520001452416
k,10.0,21,87,8832489778964012935,200,1600,10,1021,3.19,8.0,cached,float32,1,0.3326797385620915,225.31855442234064,0.015976153429654194,1.2780922743723355,0.19979776912665612,0.20335842919025515,0,0.585,2,0.43177279992960393
k,10.0,21,88,2566201394139895742,200,1600,10,1021,3.19,8.0,cached,float32,1,0.3326797385620915,225.31855442234064,0.015976153429654194,1.2780922743723355,0.19979776912665612,0.20335842919025515,0,0.405,2,0.4319965000031516
k,10.0,21,89,5853574466260027654,200,1600,10,1021,3.19,8.0,cached,float32,1,0.3326797385620915,225.31855442234064,0.015976153429654194,1.2780922743723355,0.19979776912665612,0.20335842919025515,0,0.365,1,0.4400197999784723
k,10.0,21,90,8715330032187366581,200,1600,10,1021,3.19,8.0,cached,float32,1,0.3326797385620915,225.31855442234064,0.015976153429654194,1.2780922743723355,0.19979776912665612,0.20335842919025515,0,0.525,1,0.41611970006488264
k,10.0,21,91,3720858641217195706,200,1600,10,1021,3.19,8.0,cached,float32,1,0.3326797385620915,225.31855442234064,0.015976153429654194,1.2780922743723355,0.19979776912665612,0.20335842919025515,0,0.59,5,0.42258290003519505
k,10.0,21,92,13616129330521063386,200,1600,10,1021,3.19,8.0,cached,float32,1,0.3326797385620915,225.31855442234064,0.015976153429654194,1.2780922743723355,0.19979776912665612,0.20335842919025515,0,0.495,4,0.4262558000627905
k,10.0,21,93,12630041243891705695,200,1600,10,1021,3.19,8.0,cached,float32,1,0.3326797385620915,225.31855442234064,0.015976153429654194,1.2780922743723355,0.19979776912665612,0.20335842919025515,0,0.915,1,0.4186928999843076
k,10.0,21,94,10064445229162267219,200,1600,10,1021,3.19,8.0,cached,float32,1,0.3326797385620915,225.31855442234064,0.015976153429654194,1.2780922743723355,0.19979776912665612,0.20335842919025515,0,0.435,7,0.4461130000418052
k,10.0,21,95,3240333673561573496,200,1600,10,1021,3.19,8.0,cached,float32,1,0.3326797385620915,225.31855442234064,0.015976153429654194,1.2780922743723355,0.19979776912665612,0.20335842919025515,0,0.94,3,0.4188350999029353
k,10.0,21,96,11294103103063430722,200,1600,10,1021,3.19,8.0,cached,float32,1,0.3326797385620915,225.31855442234064,0.015976153429654194,1.2780922743723355,0.19979776912665612,0.20335842919025515,0,0.395,2,0.4253885999787599
k,10.0,21,97,12488773369818019748,200,1600,10,1021,3.19,8.0,cached,float32,1,0.3326797385620915,225.31855442234064,0.015976153429654194,1.2780922743723355,0.19979776912665612,0.20335842919025515,0,0.56,2,0.42035969998687506
k,10.0,21,98,2671525115565212530,200,1600,10,1021,3.19,8.0,cached,float32,1,0.3326797385620915,225.31855442234064,0.015976153429654194,1.2780922743723355,0.19979776912665612,0.20335842919025515,0,0.34,1,0.4184792999876663
k,10.0,21,99,13874106943913947563,200,1600,10,1021,3.19,8.0,cached,float32,1,0.3326797385620915,225.31855442234064,0.015976153429654194,1.2780922743723355,0.19979776912665612,0.20335842919025515,0,0.905,1,0.4202325000660494
k,11.0,22,0,6801309324401644604,200,1600,11,1021,3.19,8.0,cached,float32,1,0.3326797385620915,225.31855442234064,0.005314942546205218,0.4677149440660592,0.07311553655817957,0.0745647573697602,0,0.35,3,0.4677452000323683
k,11.0,22,1,3225381294333603974,200,1600,11,1021,3.19,8.0,cached,float32,1,0.3326797385620915,225.31855442234064,0.005314942546205218,0.4677149440660592,0.07311553655817957,0.0745647573697602,0,0.34,1,0.4584137999918312
k,11.0,22,2,6835123963289768099,200,1600,11,1021,3.19,8.0,cached,float32,1,0.3326797385620915,225.31855442234064,0.005314942546205218,0.4677149440660592,0.07311553655817957,0.0745647573697602,0,0.365,3,0.45934719999786466
k,11.0,22,3,9569243572771906063,200,1600,11,1021,3.19,8.0,cached,float32,1,0.3326797385620915,225.31855442234064,0.005314942546205218,0.4677149440660592,0.07311553655817957,0.0745647573697602,0,0.425,1,0.4618660999694839
k,11.0,22,4,17978031227833591975,200,1600,11,1021,3.19,8.0,cached,float32,1,0.3326797385620915,225.31855442234064,0.005314942546205218,0.4677149440660592,0.07311553655817957,0.0745647573697602,0,0.37,2,0.45842609996907413
k,11.0,22,5,354785944132037294,200,1600,11,1021,3.19,8.0,cached,float32,1,0.3326797385620915,225.31855442234064,0.005314942546205218,0.4677149440660592,0.07311553655817957,0.0745647573697602,0,0.41,1,0.46371859998907894
k,11.0,22,6,9143369139647065982,200,1600,11,1021,3.19,8.0,cached,float32,1,0.3326797385620915,225.31855442234064,0.005314942546205218,0.4677149440660592,0.07311553655817957,0.0745647573697602,0,0.3,1,0.4621360000455752
k,11.0,22,7,14728763658452139773,200,1600,11,1021,3.19,8.0,cached,float32,1,0.3326797385620915,225.31855442234064,0.005314942546205218,0.4677149440660592,0.07311553655817957,0.0745647573697602,0,0.33,1,0.4618623999413103
k,11.0,22,8,12770821945751585932,200,1600,11,1021,3.19,8.0,cached,float32,1,0.3326797385620915,225.31855442234064,0.005314942546205218,0.4677149440660592,0.07311553655817957,0.0745647573697602,0,0.29,1,0.45720890001393855
k,11.0,22,9,17172072510628760118,200,1600,11,1021,3.19,8.0,cached,float32,1,0.3326797385620915,225.31855442234064,0.005314942546205218,0.4677149440660592,0.07311553655817957,0.0745647573697602,0,0.44,2,0.46845330006908625
k,11.0,22,10,14717216880105258072,200,1600,11,1021,3.19,8.0,cached,float32,1,0.3326797385620915,225.31855442234064,0.005314942546205218,0.4677149440660592,0.07311553655817957,0.0745647573697602,0,0.315,3,0.4628224999178201
k,11.0,22,11,18106665126249315613,200,1600,11,1021,3.19,8.0,cached,float32,1,0.3326797385620915,225.31855442234064,0.005314942546205218,0.4677149440660592,0.07311553655817957,0.0745647573697602,0,0.38,1,0.4631556000094861
k,11.0,22,12,3807355425818901661,200,1600,11,1021,3.19,8.0,cached,float32,1,0.3326797385620915,225.31855442234064,0.005314942546205218,0.4677149440660592,0.07311553655817957,0.0745647573697602,0,0.365,1,0.4592812000773847
k,11.0,22,13,17686427946474575781,200,1600,11,1021,3.19,8.0,cached,float32,1,0.3326797385620915,225.31855442234064,0.005314942546205218,0.4677149440660592,0.07311553655817957,0.0745647573697602,0,0.39,2,0.47649509995244443
k,11.0,22,14,4768314208805563745,200,1600,11,1021,3.19,8.0,cached,float32,1,0.3326797385620915,225.31855442234064,0.005314942546205218,0.4677149440660592,0.07311553655817957,0.0745647573697602,0,0.43,1,0.4630317999981344
k,11.0,22,15,16072521465838889812,200,1600,11,1021,3.19,8.0,cached,float32,1,0.3326797385620915,225.31855442234064,0.005314942546205218,0.4677149440660592,0.07311553655817957,0.0745647573697602,0,0.44,2,0.491968399961479
k,11.0,22,16,8914933462530150163,200,1600,11,1021,3.19,8.0,cached,float32,1,0.3326797385620915,225.31855442234064,0.005314942546205218,0.4677149440660592,0.07311553655817957,0.0745647573697602,0,0.35,2,0.47233329992741346
k,11.0,22,17,12050724922350827159,200,1600,11,1021,3.19,8.0,cached,float32,1,0.3326797385620915,225.31855442234064,0.005314942546205218,0.4677149440660592,0.07311553655817957,0.0745647573697602,0,0.78,1,0.4597851999569684
k,11.0,22,18,5487521783881014817,200,1600,11,1021,3.19,8.0,cached,float32,1,0.3326797385620915,225.31855442234064,0.005314942546205218,0.4677149440660592,0.07311553655817957,0.0745647573697602,0,0.4,1,0.4613363000098616
k,11.0,22,19,5338715663039291759,200,1600,11,1021,3.19,8.0,cached,float32,1,0.3326797385620915,225.31855442234064,0.005314942546205218,0.4677149440660592,0.07311553655817957,0.0745647573697602,0,0.35,5,0.45713879994582385
k,11.0,22,20,7963379037161510063,200,1600,11,1021,3.19,8.0,cached,float32,1,0.3326797385620915,225.31855442234064,0.005314942546205218,0.4677149440660592,0.07311553655817957,0.0745647573697602,0,0.42,5,0.4583164999494329
k,11.0,22,21,8737841490718178771,200,1600,11,1021,3.19,8.0,cached,float32,1,0.3326797385620915,225.31855442234064,0.005314942546205218,0.4677149440660592,0.07311553655817957,0.0745647573697602,0,0.365,3,0.4612298000138253
k,11.0,22,22,13510027268013508052,200,1600,11,1021,3.19,8.0,cached,float32,1,0.3326797385620915,225.31855442234064,0.005314942546205218,0.4677149440660592,0.07311553655817957,0.0745647573697602,0,0.42,5,0.47728810005355626
k,11.0,22,23,15401166524139767973,200,1600,11,1021,3.19,8.0,cached,float32,1,0.3326797385620915,225.31855442234064,0.005314942546205218,0.4677149440660592,0.07311553655817957,0.0745647573697602,0,0.425,1,0.4882293998962268
k,11.0,22,24,16649600708096481895,200,1600,11,1021,3.19,8.0,cached,float32,1,0.3326797385620915,225.31855442234064,0.005314942546205218,0.4677149440660592,0.07311553655817957,0.0745647573697602,0,0.34,3,0.46036660007666796
k,11.0,22,25,8275312981450288617,200,1600,11,1021,3.19,8.0,cached,float32,1,0.3326797385620915,225.31855442234064,0.005314942546205218,0.4677149440660592,0.07311553655817957,0.0745647573697602,0,0.33,1,0.46023409999907017
k,11.0,22,26,7243670726213454297,200,1600,11,1021,3.19,8.0,cached,float32,1,0.3326797385620915,225.31855442234064,0.005314942546205218,0.4677149440660592,0.07311553655817957,0.0745647573697602,0,0.41,1,0.4564865999855101
k,11.0,22,27,2153738053000221898,200,1600,11,1021,3.19,8.0,cached,float32,1,0.3326797385620915,225.31855442234064,0.005314942546205218,0.4677149440660592,0.07311553655817957,0.0745647573697602,0,0.36,1,0.4626702999230474
k,11.0,22,28,8947614921820779838,200,1600,11,1021,3.19,8.0,cached,float32,1,0.3326797385620915,225.31855442234064,0.005314942546205218,0.4677149440660592,0.07311553655817957,0.0745647573697602,0,0.32,1,0.4589562000473961
k,11.0,22,29,11235278024283578051,200,1600,11,1021,3.19,8.0,cached,float32,1,0.3326797385620915,225.31855442234064,0.005314942546205218,0.4677149440660592,0.07311553655817957,0.0745647573697602,0,0.315,2,0.4565237999195233
k,11.0,22,30,4919504580715248512,200,1600,11,1021,3.19,8.0,cached,float32,1,0.3326797385620915,225.31855442234064,0.005314942546205218,0.4677149440660592,0.07311553655817957,0.0745647573697602,0,0.365,3,0.4704980000387877
k,11.0,22,31,1164677248578933804,200,1600,11,1021,3.19,8.0,cached,float32,1,0.3326797385620915,225.31855442234064,0.005314942546205218,0.4677149440660592,0.07311553655817957,0.0745647573697602,0,0.39,3,0.4659786999691278
k,11.0,22,32,10099056486087838623,200,1600,11,1021,3.19,8.0,cached,float32,1,0.3326797385620915,225.31855442234064,0.005314942546205218,0.4677149440660592,0.07311553655817957,0.0745647573697602,0,0.33,1,0.46336149994749576
k,11.0,22,33,4291564504982444952,200,1600,11,1021,3.19,8.0,cached,float32,1,0.3326797385620915,225.31855442234064,0.005314942546205218,0.4677149440660592,0.07311553655817957,0.0745647573697602,0,0.405,1,0.45865499996580184
k,11.0,22,34,9141319094183728422,200,1600,11,1021,3.19,8.0,cached,float32,1,0.3326797385620915,225.31855442234064,0.005314942546205218,0.4677149440660592,0.07311553655817957,0.0745647573697602,0,0.58,1,0.4643623000010848
k,11.0,22,35,13055661077842061928,200,1600,11,1021,3.19,8.0,cached,float32,1,0.3326797385620915,225.31855442234064,0.005314942546205218,0.4677149440660592,0.07311553655817957,0.0745647573697602,0,0.28,1,0.4639575999462977
k,11.0,22,36,13343269110824813746,200,1600,11,1021,3.19,8.0,cached,float32,1,0.3326797385620915,225.31855442234064,0.005314942546205218,0.4677149440660592,0.07311553655817957,0.0745647573697602,0,0.27,1,0.47197589999996126
k,11.0,22,37,1801622357985937345,200,1600,11,1021,3.19,8.0,cached,float32,1,0.3326797385620915,225.31855442234064,0.005314942546205218,0.4677149440660592,0.07311553655817957,0.0745647573697602,0,0.355,2,0.45775880001019686
k,11.0,22,38,18184543761399817905,200,1600,11,1021,3.19,8.0,cached,float32,1,0.3326797385620915,225.31855442234064,0.005314942546205218,0.4677149440660592,0.07311553655817957,0.0745647573697602,0,0.325,2,0.45889510004781187
k,11.0,22,39,13590251624098649330,200,1600,11,1021,3.19,8.0,cached,float32,1,0.3326797385620915,225.31855442234064,0.005314942546205218,0.4677149440660592,0.07311553655817957,0.0745647573697602,0,0.405,1,0.4593455999856815
k,11.0,22,40,12824898309876666894,200,1600,11,1021,3.19,8.0,cached,float32,1,0.3326797385620915,225.31855442234064,0.005314942546205218,0.4677149440660592,0.07311553655817957,0.0745647573697602,0,0.3,1,0.4656100000720471
k,11.0,22,41,17337219895066575547,200,1600,11,1021,3.19,8.0,cached,float32,1,0.3326797385620915,225.31855442234064,0.005314942546205218,0.4677149440660592,0.07311553655817957,0.0745647573697602,0,0.34,2,0.46161040000151843
k,11.0,22,42,15830324056131755226,200,1600,11,1021,3.19,8.0,cached,float32,1,0.3326797385620915,225.31855442234064,0.005314942546205218,0.4677149440660592,0.07311553655817957,0.0745647573697602,0,0.39,3,0.4704274999676272
k,11.0,22,43,3810614807259766239,200,1600,11,1021,3.19,8.0,cached,float32,1,0.3326797385620915,225.31855442234064,0.005314942546205218,0.4677149440660592,0.07311553655817957,0.0745647573697602,0,0.475,1,0.46469759999308735
k,11.0,22,44,9111340737688068950,200,1600,11,1021,3.19,8.0,cached,float32,1,0.3326797385620915,225.31855442234064,0.005314942546205218,0.4677149440660592,0.07311553655817957,0.0745647573697602,0,0.36,3,0.45897310005966574
k,11.0,22,45,12541874246812310388,200,1600,11,1021,3.19,8.0,cached,float32,1,0.3326797385620915,225.31855442234064,0.005314942546205218,0.4677149440660592,0.07311553655817957,0.0745647573697602,0,0.35,1,0.46177569997962564
k,11.0,22,46,7434724048153755178,200,1600,11,1021,3.19,8.0,cached,float32,1,0.3326797385620915,225.31855442234064,0.005314942546205218,0.4677149440660592,0.07311553655817957,0.0745647573697602,0,0.295,1,0.4630816000280902
k,11.0,22,47,16165270981771458972,200,1600,11,1021,3.19,8.0,cached,float32,1,0.3326797385620915,225.31855442234064,0.005314942546205218,0.4677149440660592,0.07311553655817957,0.0745647573697602,0,0.5,1,0.46480800001882017
k,11.0,22,48,16164590388615923838,200,1600,11,1021,3.19,8.0,cached,float32,1,0.3326797385620915,225.31855442234064,0.005314942546205218,0.4677149440660592,0.07311553655817957,0.0745647573697602,0,0.405,1,0.4660206000553444
k,11.0,22,49,5644192147713840752,200,1600,11,1021,3.19,8.0,cached,float32,1,0.3326797385620915,225.31855442234064,0.005314942546205218,0.4677149440660592,0.07311553655817957,0.0745647573697602,0,0.36,2,0.510765100014396
k,11.0,22,50,5580881144068069647,200,1600,11,1021,3.19,8.0,cached,float32,1,0.3326797385620915,225.31855442234064,0.005314942546205218,0.4677149440660592,0.07311553655817957,0.0745647573697602,0,0.46,5,0.4627659999532625
k,11.0,22,51,6270658945471990157,200,1600,11,1021,3.19,8.0,cached,float32,1,0.3326797385620915,225.31855442234064,0.005314942546205218,0.4677149440660592,0.07311553655817957,0.0745647573697602,0,0.425,2,0.4644315999466926
k,11.0,22,52,6014685075988090247,200,1600,11,1021,3.19,8.0,cached,float32,1,0.3326797385620915,225.31855442234064,0.005314942546205218,0.4677149440660592,0.07311553655817957,0.0745647573697602,0,0.325,1,0.4599467000225559
k,11.0,22,53,16287251444004632022,200,1600,11,1021,3.19,8.0,cached,float32,1,0.3326797385620915,225.31855442234064,0.005314942546205218,0.4677149440660592,0.07311553655817957,0.0745647573697602,0,0.315,1,0.46142469998449087
k,11.0,22,54,16632834176447529639,200,1600,11,1021,3.19,8.0,cached,float32,1,0.3326797385620915,225.31855442234064,0.005314942546205218,0.4677149440660592,0.07311553655817957,0.0745647573697602,0,0.41,1,0.46088499994948506
k,11.0,22,55,16111261219891625400,200,1600,11,1021,3.19,8.0,cached,float32,1,0.3326797385620915,225.31855442234064,0.005314942546205218,0.4677149440660592,0.07311553655817957,0.0745647573697602,0,0.425,1,0.4661484999815002
k,11.0,22,56,4192094477773274485,200,1600,11,1021,3.19,8.0,cached,float32,1,0.3326797385620915,225.31855442234064,0.005314942546205218,0.4677149440660592,0.07311553655817957,0.0745647573697602,0,0.375,1,0.47194069996476173
k,11.0,22,57,16397921399345437695,200,1600,11,1021,3.19,8.0,cached,float32,1,0.3326797385620915,225.31855442234064,0.005314942546205218,0.4677149440660592,0.07311553655817957,0.0745647573697602,0,0.39,1,0.46177209995221347
k,11.0,22,58,3294391346051230574,200,1600,11,1021,3.19,8.0,cached,float32,1,0.3326797385620915,225.31855442234064,0.005314942546205218,0.4677149440660592,0.07311553655817957,0.0745647573697602,0,0.43,3,0.4592521999729797
k,11.0,22,59,14785660443337863614,200,1600,11,1021,3.19,8.0,cached,float32,1,0.3326797385620915,225.31855442234064,0.005314942546205218,0.4677149440660592,0.07311553655817957,0.0745647573697602,0,0.35,3,0.4612365000648424
k,11.0,22,60,10253894920405053292,200,1600,11,1021,3.19,8.0,cached,float32,1,0.3326797385620915,225.31855442234064,0.005314942546205218,0.4677149440660592,0.07311553655817957,0.0745647573697602,0,0.43,5,0.46010110003408045
k,11.0,22,61,1232141853950658573,200,1600,11,1021,3.19,8.0,cached,float32,1,0.3326797385620915,225.31855442234064,0.005314942546205218,0.4677149440660592,0.07311553655817957,0.0745647573697602,0,0.45,3,0.4610710999695584
k,11.0,22,62,4343735480297936433,200,1600,11,1021,3.19,8.0,cached,float32,1,0.3326797385620915,225.31855442234064,0.005314942546205218,0.4677149440660592,0.07311553655817957,0.0745647573697602,0,0.355,3,0.4844174000900239
k,11.0,22,63,11323553672180290123,200,1600,11,1021,3.19,8.0,cached,float32,1,0.3326797385620915,225.31855442234064,0.005314942546205218,0.4677149440660592,0.07311553655817957,0.0745647573697602,0,0.35,2,0.4601754000177607
k,11.0,22,64,12231968261162014443,200,1600,11,1021,3.19,8.0,cached,float32,1,0.3326797385620915,225.31855442234064,0.005314942546205218,0.4677149440660592,0.07311553655817957,0.0745647573697602,0,0.425,1,0.46523749991320074
k,11.0,22,65,2456421476813552431,200,1600,11,1021,3.19,8.0,cached,float32,1,0.3326797385620915,225.31855442234064,0.005314942546205218,0.4677149440660592,0.07311553655817957,0.0745647573697602,0,0.455,1,0.4648855000268668
k,11.0,22,66,12426756391192089479,200,1600,11,1021,3.19,8.0,cached,float32,1,0.3326797385620915,225.31855442234064,0.005314942546205218,0.4677149440660592,0.07311553655817957,0.0745647573697602,0,0.44,1,0.462790000019595
k,11.0,22,67,4470602321315846248,200,1600,11,1021,3.19,8.0,cached,float32,1,0.3326797385620915,225.31855442234064,0.005314942546205218,0.4677149440660592,0.07311553655817957,0.0745647573697602,0,0.34,1,0.4632337000221014
k,11.0,22,68,13729304360816344377,200,1600,11,1021,3.19,8.0,cached,float32,1,0.3326797385620915,225.31855442234064,0.005314942546205218,0.4677149440660592,0.07311553655817957,0.0745647573697602,0,0.365,1,0.4610540000721812
k,11.0,22,69,11375103291428808122,200,1600,11,1021,3.19,8.0,cached,float32,1,0.3326797385620915,225.31855442234064,0.005314942546205218,0.4677149440660592,0.07311553655817957,0.0745647573697602,0,0.32,5,0.46041539998259395
k,11.0,22,70,3990254975236323692,200,1600,11,1021,3.19,8.0,cached,float32,1,0.3326797385620915,225.31855442234064,0.005314942546205218,0.4677149440660592,0.07311553655817957,0.0745647573697602,0,0.36,1,0.4623524999478832
k,11.0,22,71,16790980658661555030,200,1600,11,1021,3.19,8.0,cached,float32,1,0.3326797385620915,225.31855442234064,0.005314942546205218,0.4677149440660592,0.07311553655817957,0.0745647573697602,0,0.415,5,0.46129659994039685
k,11.0,22,72,10661456176297420591,200,1600,11,1021,3.19,8.0,cached,float32,1,0.3326797385620915,225.31855442234064,0.005314942546205218,0.4677149440660592,0.07311553655817957,0.0745647573697602,0,0.4,3,0.4808735999977216
k,11.0,22,73,16827196174944077846,200,1600,11,1021,3.19,8.0,cached,float32,1,0.3326797385620915,225.31855442234064,0.005314942546205218,0.4677149440660592,0.07311553655817957,0.0745647573697602,0,0.45,1,0.46446660009678453
k,11.0,22,74,7472298483820098010,200,1600,11,1021,3.19,8.0,cached,float32,1,0.3326797385620915,225.31855442234064,0.005314942546205218,0.4677149440660592,0.07311553655817957,0.0745647573697602,0,0.315,2,0.4657180999638513
k,11.0,22,75,16595222437238187275,200,1600,11,1021,3.19,8.0,cached,float32,1,0.3326797385620915,225.31855442234064,0.005314942546205218,0.4677149440660592,0.07311553655817957,0.0745647573697602,0,0.385,1,0.4923513999674469
k,11.0,22,76,8030420825764923987,200,1600,11,1021,3.19,8.0,cached,float32,1,0.3326797385620915,225.31855442234064,0.005314942546205218,0.4677149440660592,0.07311553655817957,0.0745647573697602,0,0.31,5,0.4608444001059979
k,11.0,22,77,9908291409813961119,200,1600,11,1021,3.19,8.0,cached,float32,1,0.3326797385620915,225.31855442234064,0.005314942546205218,0.4677149440660592,0.07311553655817957,0.0745647573697602,0,0.41,1,0.458127599908039
k,11.0,22,78,17715948674981858989,200,1600,11,1021,3.19,8.0,cached,float32,1,0.3326797385620915,225.31855442234064,0.005314942546205218,0.4677149440660592,0.07311553655817957,0.0745647573697602,0,0.37,2,0.4648235000204295
k,11.0,22,79,15492514930878563716,200,1600,11,1021,3.19,8.0,cached,float32,1,0.3326797385620915,225.31855442234064,0.005314942546205218,0.4677149440660592,0.07311553655817957,0.0745647573697602,0,0.365,3,0.458270899951458
k,11.0,22,80,12815782400441833571,200,1600,11,1021,3.19,8.0,cached,float32,1,0.3326797385620915,225.31855442234064,0.005314942546205218,0.4677149440660592,0.07311553655817957,0.0745647573697602,0,0.355,3,0.46571660006884485
k,11.0,22,81,815837599362247406,200,1600,11,1021,3.19,8.0,cached,float32,1,0.3326797385620915,225.31855442234064,0.005314942546205218,0.4677149440660592,0.07311553655817957,0.0745647573697602,0,0.425,2,0.461836599977687
k,11.0,22,82,18400049293709546546,200,1600,11,1021,3.19,8.0,cached,float32,1,0.3326797385620915,225.31855442234064,0.005314942546205218,0.4677149440660592,0.07311553655817957,0.0745647573697602,0,0.365,3,0.4597603000001982
k,11.0,22,83,11431272728395989432,200,1600,11,1021,3.19,8.0,cached,float32,1,0.3326797385620915,225.31855442234064,0.005314942546205218,0.4677149440660592,0.07311553655817957,0.0745647573697602,0,0.415,1,0.45870640000794083
k,11.0,22,84,16210516405350152788,200,1600,11,1021,3.19,8.0,cached,float32,1,0.3326797385620915,225.31855442234064,0.005314942546205218,0.4677149440660592,0.07311553655817957,0.0745647573697602,0,0.405,4,0.4577763999113813
k,11.0,22,85,10335021268998455617,200,1600,11,1021,3.19,8.0,cached,float32,1,0.3326797385620915,225.31855442234064,0.005314942546205218,0.4677149440660592,0.07311553655817957,0.0745647573697602,0,0.35,2,0.4594029999570921
k,11.0,22,86,448657130813580722,200,1600,11,1021,3.19,8.0,cached,float32,1,0.3326797385620915,225.31855442234064,0.005314942546205218,0.4677149440660592,0.07311553655817957,0.0745647573697602,0,0.315,1,0.4622664999915287
k,11.0,22,87,17013952023146082845,200,1600,11,1021,3.19,8.0,cached,float32,1,0.3326797385620915,225.31855442234064,0.005314942546205218,0.4677149440660592,0.07311553655817957,0.0745647573697602,0,0.38,1,0.4673842000775039
k,11.0,22,88,13533240973820874698,200,1600,11,1021,3.19,8.0,cached,float32,1,0.3326797385620915,225.31855442234064,0.005314942546205218,0.4677149440660592,0.07311553655817957,0.0745647573697602,0,0.415,2,0.46633319999091327
k,11.0,22,89,2626293262153824162,200,1600,11,1021,3.19,8.0,cached,float32,1,0.3326797385620915,225.31855442234064,0.005314942546205218,0.4677149440660592,0.07311553655817957,0.0745647573697602,0,0.425,1,0.4589276999467984
k,11.0,22,90,9974063072636069794,200,1600,11,1021,3.19,8.0,cached,float32,1,0.3326797385620915,225.31855442234064,0.005314942546205218,0.4677149440660592,0.07311553655817957,0.0745647573697602,0,0.335,2,0.4655899000354111
k,11.0,22,91,9820415414846012304,200,1600,11,1021,3.19,8.0,cached,float32,1,0.3326797385620915,225.31855442234064,0.005314942546205218,0.4677149440660592,0.07311553655817957,0.0745647573697602,0,0.415,1,0.46004340006038547
k,11.0,22,92,5328193517152842244,200,1600,11,1021,3.19,8.0,cached,float32,1,0.3326797385620915,225.31855442234064,0.005314942546205218,0.4677149440660592,0.07311553655817957,0.0745647573697602,0,0.41,1,0.45772930001839995
k,11.0,22,93,17911979844176012505,200,1600,11,1021,3.19,8.0,cached,float32,1,0.3326797385620915,225.31855442234064,0.005314942546205218,0.4677149440660592,0.07311553655817957,0.0745647573697602,0,0.48,1,0.4623741999967024
k,11.0,22,94,12511674880171226790,200,1600,11,1021,3.19,8.0,cached,float32,1,0.3326797385620915,225.31855442234064,0.005314942546205218,0.4677149440660592,0.07311553655817957,0.0745647573697602,0,0.365,2,0.4565631999867037
k,11.0,22,95,17812346254224979754,200,1600,11,1021,3.19,8.0,cached,float32,1,0.3326797385620915,225.31855442234064,0.005314942546205218,0.4677149440660592,0.07311553655817957,0.0745647573697602,0,0.335,3,0.457667899900116
k,11.0,22,96,1966726098929639012,200,1600,11,1021,3.19,8.0,cached,float32,1,0.3326797385620915,225.31855442234064,0.005314942546205218,0.4677149440660592,0.07311553655817957,0.0745647573697602,0,0.51,3,0.45756789995357394
k,11.0,22,97,7897288565627368158,200,1600,11,1021,3.19,8.0,cached,float32,1,0.3326797385620915,225.31855442234064,0.005314942546205218,0.4677149440660592,0.07311553655817957,0.0745647573697602,0,0.265,1,0.465128600015305
k,11.0,22,98,18135443130491307873,200,1600,11,1021,3.19,8.0,cached,float32,1,0.3326797385620915,225.31855442234064,0.005314942546205218,0.4677149440660592,0.07311553655817957,0.0745647573697602,0,0.335,1,0.46122499997727573
k,11.0,22,99,17096096728264135235,200,1600,11,1021,3.19,8.0,cached,float32,1,0.3326797385620915,225.31855442234064,0.005314942546205218,0.4677149440660592,0.07311553655817957,0.0745647573697602,0,0.375,8,0.47282050002831966
q,251.0,23,0,5162639407077000790,200,1600,8,251,3.19,8.0,cached,float32,1,0.33066666666666666,54.637568227235555,0.03401073053381838,2.1766867541643764,0.3402705471975099,0.35995039493891196,0,0.945,3,0.2696890999795869
q,251.0,23,1,3048984820177729658,200,1600,8,251,3.19,8.0,cached,float32,1,0.33066666666666666,54.637568227235555,0.03401073053381838,2.1766867541643764,0.3402705471975099,0.35995039493891196,0,0.965,3,0.26736410008743405
q,251.0,23,2,6363475573554638045,200,1600,8,251,3.19,8.0,cached,float32,1,0.33066666666666666,54.637568227235555,0.03401073053381838,2.1766867541643764,0.3402705471975099,0.35995039493891196,0,0.9,1,0.26715700002387166
q,251.0,23,3,11353068578972135740,200,1600,8,251,3.19,8.0,cached,float32,1,0.33066666666666666,54.637568227235555,0.03401073053381838,2.1766867541643764,0.3402705471975099,0.35995039493891196,0,0.92,2,0.26741620001848787
q,251.0,23,4,10915747397488717481,200,1600,8,251,3.19,8.0,cached,float32,1,0.33066666666666666,54.637568227235555,0.03401073053381838,2.1766867541643764,0.3402705471975099,0.35995039493891196,0,0.94,6,0.26969470002222806
q,251.0,23,5,10994874945901707376,200,1600,8,251,3.19,8.0,cached,float32,1,0.33066666666666666,54.637568227235555,0.03401073053381838,2.1766867541643764,0.3402705471975099,0.35995039493891196,0,0.595,2,0.26201489998493344
q,251.0,23,6,6131747643715540907,200,1600,8,251,3.19,8.0,cached,float32,1,0.33066666666666666,54.637568227235555,0.03401073053381838,2.1766867541643764,0.3402705471975099,0.35995039493891196,0,0.95,2,0.2680165999336168
q,251.0,23,7,5302081037582460964,200,1600,8,251,3.19,8.0,cached,float32,1,0.33066666666666666,54.637568227235555,0.03401073053381838,2.1766867541643764,0.3402705471975099,0.35995039493891196,0,0.955,2,0.2661608000053093
q,251.0,23,8,16250965840888362501,200,1600,8,251,3.19,8.0,cached,float32,1,0.33066666666666666,54.637568227235555,0.03401073053381838,2.1766867541643764,0.3402705471975099,0.35995039493891196,0,0.925,1,0.2667294000275433
q,251.0,23,9,15507571206957131790,200,1600,8,251,3.19,8.0,cached,float32,1,0.33066666666666666,54.637568227235555,0.03401073053381838,2.1766867541643764,0.3402705471975099,0.35995039493891196,0,0.955,3,0.2658094000071287
q,251.0,23,10,4880832741268506851,200,1600,8,251,3.19,8.0,cached,float32,1,0.33066666666666666,54.637568227235555,0.03401073053381838,2.1766867541643764,0.3402705471975099,0.35995039493891196,0,0.55,1,0.26919140003155917
q,251.0,23,11,12092801181035053747,200,1600,8,251,3.19,8.0,cached,float32,1,0.33066666666666666,54.637568227235555,0.03401073053381838,2.1766867541643764,0.3402705471975099,0.35995039493891196,0,0.67,1,0.27332479995675385
q,251.0,23,12,12812776823299002483,200,1600,8,251,3.19,8.0,cached,float32,1,0.33066666666666666,54.637568227235555,0.03401073053381838,2.1766867541643764,0.3402705471975099,0.35995039493891196,0,0.965,1,0.26964690000750124
q,251.0,23,13,2993646001108813532,200,1600,8,251,3.19,8.0,cached,float32,1,0.33066666666666666,54.637568227235555,0.03401073053381838,2.1766867541643764,0.3402705471975099,0.35995039493891196,0,0.915,2,0.27327010000590235
q,251.0,23,14,509326960574357649,200,1600,8,251,3.19,8.0,cached,float32,1,0.33066666666666666,54.637568227235555,0.03401073053381838,2.1766867541643764,0.3402705471975099,0.35995039493891196,0,0.9,4,0.26997789996676147
q,251.0,23,15,4786848747582110953,200,1600,8,251,3.19,8.0,cached,float32,1,0.33066666666666666,54.637568227235555,0.03401073053381838,2.1766867541643764,0.3402705471975099,0.35995039493891196,0,0.915,3,0.26613699994049966
q,251.0,23,16,17104271080839316847,200,1600,8,251,3.19,8.0,cached,float32,1,0.33066666666666666,54.637568227235555,0.03401073053381838,2.1766867541643764,0.3402705471975099,0.35995039493891196,0,0.94,2,0.26197509991470724
q,251.0,23,17,13954218197146437177,200,1600,8,251,3.19,8.0,cached,float32,1,0.33066666666666666,54.637568227235555,0.03401073053381838,2.1766867541643764,0.3402705471975099,0.35995039493891196,0,0.46,2,0.2696742999833077
q,251.0,23,18,4390665323668050318,200,1600,8,251,3.19,8.0,cached,float32,1,0.33066666666666666,54.637568227235555,0.03401073053381838,2.1766867541643764,0.3402705471975099,0.35995039493891196,0,0.42,1,0.26542790001258254
q,251.0,23,19,8882252334883584142,200,1600,8,251,3.19,8.0,cached,float32,1,0.33066666666666666,54.637568227235555,0.03401073053381838,2.1766867541643764,0.3402705471975099,0.35995039493891196,0,0.96,2,0.2677606000797823
q,251.0,23,20,11476593103714890815,200,1600,8,251,3.19,8.0,cached,float32,1,0.33066666666666666,54.637568227235555,0.03401073053381838,2.1766867541643764,0.3402705471975099,0.35995039493891196,0,0.99,18,0.27412550000008196
q,251.0,23,21,9899703039494144256,200,1600,8,251,3.19,8.0,cached,float32,1,0.33066666666666666,54.637568227235555,0.03401073053381838,2.1766867541643764,0.3402705471975099,0.35995039493891196,0,0.915,5,0.30609159998130053
q,251.0,23,22,14950942710965320459,200,1600,8,251,3.19,8.0,cached,float32,1,0.33066666666666666,54.637568227235555,0.03401073053381838,2.1766867541643764,0.3402705471975099,0.35995039493891196,0,0.925,1,0.2703662000130862
q,251.0,23,23,12132838208686190514,200,1600,8,251,3.19,8.0,cached,float32,1,0.33066666666666666,54.637568227235555,0.03401073053381838,2.1766867541643764,0.3402705471975099,0.35995039493891196,0,0.965,4,0.26424990000668913
q,251.0,23,24,9572489508475511332,200,1600,8,251,3.19,8.0,cached,float32,1,0.33066666666666666,54.637568227235555,0.03401073053381838,2.1766867541643764,0.3402705471975099,0.35995039493891196,0,0.96,9,0.26601599995046854
q,251.0,23,25,167535032567027880,200,1600,8,251,3.19,8.0,cached,float32,1,0.33066666666666666,54.637568227235555,0.03401073053381838,2.1766867541643764,0.3402705471975099,0.35995039493891196,0,0.965,2,0.2680976000847295
q,251.0,23,26,8385199625238534466,200,1600,8,251,3.19,8.0,cached,float32,1,0.33066666666666666,54.637568227235555,0.03401073053381838,2.1766867541643764,0.3402705471975099,0.35995039493891196,0,0.92,3,0.26698239997494966
q,251.0,23,27,3404968795421694325,200,1600,8,251,3.19,8.0,cached,float32,1,0.33066666666666666,54.637568227235555,0.03401073053381838,2.1766867541643764,0.3402705471975099,0.35995039493891196,0,0.97,2,0.26883539999835193
q,251.0,23,28,18331265437610829985,200,1600,8,251,3.19,8.0,cached,float32,1,0.33066666666666666,54.637568227235555,0.03401073053381838,2.1766867541643764,0.3402705471975099,0.35995039493891196,0,0.86,2,0.2698573999805376
q,251.0,23,29,13556204874788970255,200,1600,8,251,3.19,8.0,cached,float32,1,0.33066666666666666,54.637568227235555,0.03401073053381838,2.1766867541643764,0.3402705471975099,0.35995039493891196,0,0.985,10,0.2678087000967935
q,251.0,23,30,8207882284004823375,200,1600,8,251,3.19,8.0,cached,float32,1,0.33066666666666666,54.637568227235555,0.03401073053381838,2.1766867541643764,0.3402705471975099,0.35995039493891196,0,0.965,16,0.2661898999940604
q,251.0,23,31,4763425137746971205,200,1600,8,251,3.19,8.0,cached,float32,1,0.33066666666666666,54.637568227235555,0.03401073053381838,2.1766867541643764,0.3402705471975099,0.35995039493891196,0,0.935,5,0.26788959989789873
q,251.0,23,32,14797488478983983079,200,1600,8,251,3.19,8.0,cached,float32,1,0.33066666666666666,54.637568227235555,0.03401073053381838,2.1766867541643764,0.3402705471975099,0.35995039493891196,0,0.435,1,0.2669515999732539
q,251.0,23,33,5707151208102593342,200,1600,8,251,3.19,8.0,cached,float32,1,0.33066666666666666,54.637568227235555,0.03401073053381838,2.1766867541643764,0.3402705471975099,0.35995039493891196,0,0.895,1,0.2728770000394434
q,251.0,23,34,12804494089454382520,200,1600,8,251,3.19,8.0,cached,float32,1,0.33066666666666666,54.637568227235555,0.03401073053381838,2.1766867541643764,0.3402705471975099,0.35995039493891196,0,0.485,1,0.2646787000121549
q,251.0,23,35,15849998022191712453,200,1600,8,251,3.19,8.0,cached,float32,1,0.33066666666666666,54.637568227235555,0.03401073053381838,2.1766867541643764,0.3402705471975099,0.35995039493891196,0,0.99,6,0.26670669997110963
q,251.0,23,36,14225202467348044580,200,1600,8,251,3.19,8.0,cached,float32,1,0.33066666666666666,54.637568227235555,0.03401073053381838,2.1766867541643764,0.3402705471975099,0.35995039493891196,0,0.43,1,0.25999310007318854
q,251.0,23,37,16165612676648018959,200,1600,8,251,3.19,8.0,cached,float32,1,0.33066666666666666,54.637568227235555,0.03401073053381838,2.1766867541643764,0.3402705471975099,0.35995039493891196,0,0.955,1,0.2651309999637306
q,251.0,23,38,12852696820535444776,200,1600,8,251,3.19,8.0,cached,float32,1,0.33066666666666666,54.637568227235555,0.03401073053381838,2.1766867541643764,0.3402705471975099,0.35995039493891196,0,0.415,1,0.26422630005981773
q,251.0,23,39,327995766692650740,200,1600,8,251,3.19,8.0,cached,float32,1,0.33066666666666666,54.637568227235555,0.03401073053381838,2.1766867541643764,0.3402705471975099,0.35995039493891196,0,0.85,1,0.2661130999913439
q,251.0,23,40,16810229427314639439,200,1600,8,251,3.19,8.0,cached,float32,1,0.33066666666666666,54.637568227235555,0.03401073053381838,2.1766867541643764,0.3402705471975099,0.35995039493891196,0,0.87,4,0.26648430002387613
q,251.0,23,41,17914528710954723302,200,1600,8,251,3.19,8.0,cached,float32,1,0.33066666666666666,54.637568227235555,0.03401073053381838,2.1766867541643764,0.3402705471975099,0.35995039493891196,0,0.9,1,0.2657367999199778
q,251.0,23,42,15929646369800683947,200,1600,8,251,3.19,8.0,cached,float32,1,0.33066666666666666,54.637568227235555,0.03401073053381838,2.1766867541643764,0.3402705471975099,0.35995039493891196,0,0.92,2,0.26730009994935244
q,251.0,23,43,16922102954337939918,200,1600,8,251,3.19,8.0,cached,float32,1,0.33066666666666666,54.637568227235555,0.03401073053381838,2.1766867541643764,0.3402705471975099,0.35995039493891196,0,0.965,3,0.29481369990389794
q,251.0,23,44,3719954830164667761,200,1600,8,251,3.19,8.0,cached,float32,1,0.33066666666666666,54.637568227235555,0.03401073053381838,2.1766867541643764,0.3402705471975099,0.35995039493891196,0,0.98,8,0.2708573000272736
q,251.0,23,45,2551975912359329680,200,1600,8,251,3.19,8.0,cached,float32,1,0.33066666666666666,54.637568227235555,0.03401073053381838,2.1766867541643764,0.3402705471975099,0.35995039493891196,0,0.945,20,0.26826060004532337
q,251.0,23,46,18099498613909359447,200,1600,8,251,3.19,8.0,cached,float32,1,0.33066666666666666,54.637568227235555,0.03401073053381838,2.1766867541643764,0.3402705471975099,0.35995039493891196,0,0.98,1,0.2674480000277981
q,251.0,23,47,17817949679036333613,200,1600,8,251,3.19,8.0,cached,float32,1,0.33066666666666666,54.637568227235555,0.03401073053381838,2.1766867541643764,0.3402705471975099,0.35995039493891196,0,0.975,8,0.26791459997184575
q,251.0,23,48,9585994490114964936,200,1600,8,251,3.19,8.0,cached,float32,1,0.33066666666666666,54.637568227235555,0.03401073053381838,2.1766867541643764,0.3402705471975099,0.35995039493891196,0,0.955,2,0.2667033999459818
q,251.0,23,49,14408037805963871532,200,1600,8,251,3.19,8.0,cached,float32,1,0.33066666666666666,54.637568227235555,0.03401073053381838,2.1766867541643764,0.3402705471975099,0.35995039493891196,0,0.685,1,0.283926900010556
q,251.0,23,50,12334560059603315774,200,1600,8,251,3.19,8.0,cached,float32,1,0.33066666666666666,54.637568227235555,0.03401073053381838,2.1766867541643764,0.3402705471975099,0.35995039493891196,0,0.94,4,0.2777545000426471
q,251.0,23,51,11526453194291105837,200,1600,8,251,3.19,8.0,cached,float32,1,0.33066666666666666,54.637568227235555,0.03401073053381838,2.1766867541643764,0.3402705471975099,0.35995039493891196,0,0.9,1,0.2723493999801576
q,251.0,23,52,8242787418394959373,200,1600,8,251,3.19,8.0,cached,float32,1,0.33066666666666666,54.637568227235555,0.03401073053381838,2.1766867541643764,0.3402705471975099,0.35995039493891196,0,0.905,2,0.2715182000538334
q,251.0,23,53,6676468512287752942,200,1600,8,251,3.19,8.0,cached,float32,1,0.33066666666666666,54.637568227235555,0.03401073053381838,2.1766867541643764,0.3402705471975099,0.35995039493891196,0,0.67,1,0.2759596999967471
q,251.0,23,54,17096895454442115576,200,1600,8,251,3.19,8.0,cached,float32,1,0.33066666666666666,54.637568227235555,0.03401073053381838,2.1766867541643764,0.3402705471975099,0.35995039493891196,0,0.925,2,0.2753237000433728
q,251.0,23,55,14135125451463884620,200,1600,8,251,3.19,8.0,cached,float32,1,0.33066666666666666,54.637568227235555,0.03401073053381838,2.1766867541643764,0.3402705471975099,0.35995039493891196,0,0.965,2,0.28547239990439266
q,251.0,23,56,2959941356346734621,200,1600,8,251,3.19,8.0,cached,float32,1,0.33066666666666666,54.637568227235555,0.03401073053381838,2.1766867541643764,0.3402705471975099,0.35995039493891196,0,0.83,1,0.27169550000689924
q,251.0,23,57,1505767871977858970,200,1600,8,251,3.19,8.0,cached,float32,1,0.33066666666666666,54.637568227235555,0.03401073053381838,2.1766867541643764,0.3402705471975099,0.35995039493891196,0,0.93,2,0.2701297999592498
q,251.0,23,58,8276215974808254828,200,1600,8,251,3.19,8.0,cached,float32,1,0.33066666666666666,54.637568227235555,0.03401073053381838,2.1766867541643764,0.3402705471975099,0.35995039493891196,0,0.965,1,0.26756269996985793
q,251.0,23,59,3704843657700721684,200,1600,8,251,3.19,8.0,cached,float32,1,0.33066666666666666,54.637568227235555,0.03401073053381838,2.1766867541643764,0.3402705471975099,0.35995039493891196,0,0.985,12,0.2751231000293046
q,251.0,23,60,11616958764319441705,200,1600,8,251,3.19,8.0,cached,float32,1,0.33066666666666666,54.637568227235555,0.03401073053381838,2.1766867541643764,0.3402705471975099,0.35995039493891196,0,0.985,4,0.27938920003362
q,251.0,23,61,3658577618155746571,200,1600,8,251,3.19,8.0,cached,float32,1,0.33066666666666666,54.637568227235555,0.03401073053381838,2.1766867541643764,0.3402705471975099,0.35995039493891196,0,0.93,1,0.26719699997920543
q,251.0,23,62,7515006696118223409,200,1600,8,251,3.19,8.0,cached,float32,1,0.33066666666666666,54.637568227235555,0.03401073053381838,2.1766867541643764,0.3402705471975099,0.35995039493891196,0,0.73,2,0.266403799992986
q,251.0,23,63,18184651179571949438,200,1600,8,251,3.19,8.0,cached,float32,1,0.33066666666666666,54.637568227235555,0.03401073053381838,2.1766867541643764,0.3402705471975099,0.35995039493891196,0,0.91,1,0.2633247000630945
q,251.0,23,64,6293529166297722384,200,1600,8,251,3.19,8.0,cached,float32,1,0.33066666666666666,54.637568227235555,0.03401073053381838,2.1766867541643764,0.3402705471975099,0.35995039493891196,0,0.94,2,0.2682466000551358
q,251.0,23,65,9310368531526891516,200,1600,8,251,3.19,8.0,cached,float32,1,0.33066666666666666,54.637568227235555,0.03401073053381838,2.1766867541643764,0.3402705471975099,0.35995039493891196,0,0.865,1,0.26676730008330196
q,251.0,23,66,14922851509009943194,200,1600,8,251,3.19,8.0,cached,float32,1,0.33066666666666666,54.637568227235555,0.03401073053381838,2.1766867541643764,0.3402705471975099,0.35995039493891196,0,0.965,2,0.29558450006879866
q,251.0,23,67,13632878251019411108,200,1600,8,251,3.19,8.0,cached,float32,1,0.33066666666666666,54.637568227235555,0.03401073053381838,2.1766867541643764,0.3402705471975099,0.35995039493891196,0,0.975,3,0.2697232000064105
q,251.0,23,68,12012755286138441172,200,1600,8,251,3.19,8.0,cached,float32,1,0.33066666666666666,54.637568227235555,0.03401073053381838,2.1766867541643764,0.3402705471975099,0.35995039493891196,0,0.865,2,0.2681178000057116
q,251.0,23,69,5293279983186722920,200,1600,8,251,3.19,8.0,cached,float32,1,0.33066666666666666,54.637568227235555,0.03401073053381838,2.1766867541643764,0.3402705471975099,0.35995039493891196,0,0.825,3,0.26909110008273274
q,251.0,23,70,16105533258142836563,200,1600,8,251,3.19,8.0,cached,float32,1,0.33066666666666666,54.637568227235555,0.03401073053381838,2.1766867541643764,0.3402705471975099,0.35995039493891196,0,0.925,1,0.2679180999984965
q,251.0,23,71,18074702217732680399,200,1600,8,251,3.19,8.0,cached,float32,1,0.33066666666666666,54.637568227235555,0.03401073053381838,2.1766867541643764,0.3402705471975099,0.35995039493891196,0,0.975,4,0.2693339000688866
q,251.0,23,72,12190617063287335428,200,1600,8,251,3.19,8.0,cached,float32,1,0.33066666666666666,54.637568227235555,0.03401073053381838,2.1766867541643764,0.3402705471975099,0.35995039493891196,0,0.905,1,0.2645431000273675
q,251.0,23,73,7590961566369124539,200,1600,8,251,3.19,8.0,cached,float32,1,0.33066666666666666,54.637568227235555,0.03401073053381838,2.1766867541643764,0.3402705471975099,0.35995039493891196,0,0.93,1,0.26418669999111444
q,251.0,23,74,3824970042684060901,200,1600,8,251,3.19,8.0,cached,float32,1,0.33066666666666666,54.637568227235555,0.03401073053381838,2.1766867541643764,0.3402705471975099,0.35995039493891196,0,0.895,1,0.26679310004692525
q,251.0,23,75,1994993198831805288,200,1600,8,251,3.19,8.0,cached,float32,1,0.33066666666666666,54.637568227235555,0.03401073053381838,2.1766867541643764,0.3402705471975099,0.35995039493891196,0,0.955,4,0.26754560007248074
q,251.0,23,76,8128008672855003054,200,1600,8,251,3.19,8.0,cached,float32,1,0.33066666666666666,54.637568227235555,0.03401073053381838,2.1766867541643764,0.3402705471975099,0.35995039493891196,0,0.975,1,0.2722195000387728
q,251.0,23,77,6244261599672955772,200,1600,8,251,3.19,8.0,cached,float32,1,0.33066666666666666,54.637568227235555,0.03401073053381838,2.1766867541643764,0.3402705471975099,0.35995039493891196,0,0.755,1,0.2663386999629438
q,251.0,23,78,8722342444501898819,200,1600,8,251,3.19,8.0,cached,float32,1,0.33066666666666666,54.637568227235555,0.03401073053381838,2.1766867541643764,0.3402705471975099,0.35995039493891196,0,0.435,2,0.2656430999049917
q,251.0,23,79,17038280314902031821,200,1600,8,251,3.19,8.0,cached,float32,1,0.33066666666666666,54.637568227235555,0.03401073053381838,2.1766867541643764,0.3402705471975099,0.35995039493891196,0,0.885,1,0.26277190004475415
q,251.0,23,80,16824612120094981698,200,1600,8,251,3.19,8.0,cached,float32,1,0.33066666666666666,54.637568227235555,0.03401073053381838,2.1766867541643764,0.3402705471975099,0.35995039493891196,0,0.9,1,0.26546080003026873
q,251.0,23,81,14991313697786003283,200,1600,8,251,3.19,8.0,cached,float32,1,0.33066666666666666,54.637568227235555,0.03401073053381838,2.1766867541643764,0.3402705471975099,0.35995039493891196,0,0.88,2,0.2716954000061378
q,251.0,23,82,4137856600026762403,200,1600,8,251,3.19,8.0,cached,float32,1,0.33066666666666666,54.637568227235555,0.03401073053381838,2.1766867541643764,0.3402705471975099,0.35995039493891196,0,0.965,5,0.28570510004647076
q,251.0,23,83,13896440225537460385,200,1600,8,251,3.19,8.0,cached,float32,1,0.33066666666666666,54.637568227235555,0.03401073053381838,2.1766867541643764,0.3402705471975099,0.35995039493891196,0,0.91,2,0.27019389998167753
q,251.0,23,84,9639337556698845748,200,1600,8,251,3.19,8.0,cached,float32,1,0.33066666666666666,54.637568227235555,0.03401073053381838,2.1766867541643764,0.3402705471975099,0.35995039493891196,0,0.895,1,0.27464119996875525
q,251.0,23,85,14297306054224324946,200,1600,8,251,3.19,8.0,cached,float32,1,0.33066666666666666,54.637568227235555,0.03401073053381838,2.1766867541643764,0.3402705471975099,0.35995039493891196,0,0.66,2,0.26587779994588345
q,251.0,23,86,10608162338371159939,200,1600,8,251,3.19,8.0,cached,float32,1,0.33066666666666666,54.637568227235555,0.03401073053381838,2.1766867541643764,0.3402705471975099,0.35995039493891196,0,0.96,1,0.26565169997047633
q,251.0,23,87,4435884563861812765,200,1600,8,251,3.19,8.0,cached,float32,1,0.33066666666666666,54.637568227235555,0.03401073053381838,2.1766867541643764,0.3402705471975099,0.35995039493891196,0,0.79,2,0.2683132999809459
q,251.0,23,88,7234345352486811820,200,1600,8,251,3.19,8.0,cached,float32,1,0.33066666666666666,54.637568227235555,0.03401073053381838,2.1766867541643764,0.3402705471975099,0.35995039493891196,0,0.935,2,0.26789649995043874
q,251.0,23,89,15081138256607311111,200,1600,8,251,3.19,8.0,cached,float32,1,0.33066666666666666,54.637568227235555,0.03401073053381838,2.1766867541643764,0.3402705471975099,0.35995039493891196,0,0.985,2,0.2862788999918848
q,251.0,23,90,7274500940150985490,200,1600,8,251,3.19,8.0,cached,float32,1,0.33066666666666666,54.637568227235555,0.03401073053381838,2.1766867541643764,0.3402705471975099,0.35995039493891196,0,0.94,3,0.26591269997879863
q,251.0,23,91,4895081642251678532,200,1600,8,251,3.19,8.0,cached,float32,1,0.33066666666666666,54.637568227235555,0.03401073053381838,2.1766867541643764,0.3402705471975099,0.35995039493891196,0,0.955,5,0.2640174999833107
q,251.0,23,92,9345024365483086095,200,1600,8,251,3.19,8.0,cached,float32,1,0.33066666666666666,54.637568227235555,0.03401073053381838,2.1766867541643764,0.3402705471975099,0.35995039493891196,0,0.96,3,0.26650240004528314
q,251.0,23,93,6355573375722295539,200,1600,8,251,3.19,8.0,cached,float32,1,0.33066666666666666,54.637568227235555,0.03401073053381838,2.1766867541643764,0.3402705471975099,0.35995039493891196,0,0.77,3,0.264433000003919
q,251.0,23,94,2732976166287401519,200,1600,8,251,3.19,8.0,cached,float32,1,0.33066666666666666,54.637568227235555,0.03401073053381838,2.1766867541643764,0.3402705471975099,0.35995039493891196,0,0.935,2,0.26740780007094145
q,251.0,23,95,16481591105923674431,200,1600,8,251,3.19,8.0,cached,float32,1,0.33066666666666666,54.637568227235555,0.03401073053381838,2.1766867541643764,0.3402705471975099,0.35995039493891196,0,0.93,2,0.2634392000036314
q,251.0,23,96,4769113063277319783,200,1600,8,251,3.19,8.0,cached,float32,1,0.33066666666666666,54.637568227235555,0.03401073053381838,2.1766867541643764,0.3402705471975099,0.35995039493891196,0,0.935,6,0.26178170007187873
q,251.0,23,97,14448855047879878853,200,1600,8,251,3.19,8.0,cached,float32,1,0.33066666666666666,54.637568227235555,0.03401073053381838,2.1766867541643764,0.3402705471975099,0.35995039493891196,0,0.9,3,0.2680467999307439
q,251.0,23,98,10602570031645133548,200,1600,8,251,3.19,8.0,cached,float32,1,0.33066666666666666,54.637568227235555,0.03401073053381838,2.1766867541643764,0.3402705471975099,0.35995039493891196,0,0.835,4,0.2712034999858588
q,251.0,23,99,12004313130099468641,200,1600,8,251,3.19,8.0,cached,float32,1,0.33066666666666666,54.637568227235555,0.03401073053381838,2.1766867541643764,0.3402705471975099,0.35995039493891196,0,0.945,1,0.28419290005695075
q,383.0,24,0,579165698013280103,200,1600,8,383,3.19,8.0,cached,float32,1,0.33158813263525305,83.89716586068214,0.05291769804274207,3.3867326747354927,0.5294309703677769,0.5492470169784991,0,0.995,17,0.2888062000274658
q,383.0,24,1,4294004969878433351,200,1600,8,383,3.19,8.0,cached,float32,1,0.33158813263525305,83.89716586068214,0.05291769804274207,3.3867326747354927,0.5294309703677769,0.5492470169784991,0,0.99,3,0.3012466999934986
q,383.0,24,2,6254607485520846718,200,1600,8,383,3.19,8.0,cached,float32,1,0.33158813263525305,83.89716586068214,0.05291769804274207,3.3867326747354927,0.5294309703677769,0.5492470169784991,0,0.975,3,0.27755110000725836
q,383.0,24,3,8289384218278697515,200,1600,8,383,3.19,8.0,cached,float32,1,0.33158813263525305,83.89716586068214,0.05291769804274207,3.3867326747354927,0.5294309703677769,0.5492470169784991,0,0.965,3,0.28080229996703565
q,383.0,24,4,6064769262703828592,200,1600,8,383,3.19,8.0,cached,float32,1,0.33158813263525305,83.89716586068214,0.05291769804274207,3.3867326747354927,0.5294309703677769,0.5492470169784991,0,0.805,3,0.2830453999340534
q,383.0,24,5,14737797643983279026,200,1600,8,383,3.19,8.0,cached,float32,1,0.33158813263525305,83.89716586068214,0.05291769804274207,3.3867326747354927,0.5294309703677769,0.5492470169784991,0,0.985,7,0.2877651999006048
q,383.0,24,6,8714403556398815209,200,1600,8,383,3.19,8.0,cached,float32,1,0.33158813263525305,83.89716586068214,0.05291769804274207,3.3867326747354927,0.5294309703677769,0.5492470169784991,0,0.96,5,0.2818033000221476
q,383.0,24,7,18084393052000250184,200,1600,8,383,3.19,8.0,cached,float32,1,0.33158813263525305,83.89716586068214,0.05291769804274207,3.3867326747354927,0.5294309703677769,0.5492470169784991,0,0.935,4,0.2820340000325814
q,383.0,24,8,13934786105131042847,200,1600,8,383,3.19,8.0,cached,float32,1,0.33158813263525305,83.89716586068214,0.05291769804274207,3.3867326747354927,0.5294309703677769,0.5492470169784991,0,0.97,5,0.2789762000320479
q,383.0,24,9,3941283829026921406,200,1600,8,383,3.19,8.0,cached,float32,1,0.33158813263525305,83.89716586068214,0.05291769804274207,3.3867326747354927,0.5294309703677769,0.5492470169784991,0,0.97,9,0.2773428000509739
q,383.0,24,10,6959070144895710110,200,1600,8,383,3.19,8.0,cached,float32,1,0.33158813263525305,83.89716586068214,0.05291769804274207,3.3867326747354927,0.5294309703677769,0.5492470169784991,0,0.965,1,0.2851569000631571
q,383.0,24,11,13677863677852204913,200,1600,8,383,3.19,8.0,cached,float32,1,0.33158813263525305,83.89716586068214,0.05291769804274207,3.3867326747354927,0.5294309703677769,0.5492470169784991,0,0.94,3,0.2925285999663174
q,383.0,24,12,10245051575379641939,200,1600,8,383,3.19,8.0,cached,float32,1,0.33158813263525305,83.89716586068214,0.05291769804274207,3.3867326747354927,0.5294309703677769,0.5492470169784991,0,0.92,5,0.2828038999577984
q,383.0,24,13,12727987396507203435,200,1600,8,383,3.19,8.0,cached,float32,1,0.33158813263525305,83.89716586068214,0.05291769804274207,3.3867326747354927,0.5294309703677769,0.5492470169784991,0,0.96,2,0.27986030001193285
q,383.0,24,14,16909926979167094320,200,1600,8,383,3.19,8.0,cached,float32,1,0.33158813263525305,83.89716586068214,0.05291769804274207,3.3867326747354927,0.5294309703677769,0.5492470169784991,0,0.93,1,0.3011793999467045
q,383.0,24,15,18085816756242075384,200,1600,8,383,3.19,8.0,cached,float32,1,0.33158813263525305,83.89716586068214,0.05291769804274207,3.3867326747354927,0.5294309703677769,0.5492470169784991,0,0.93,2,0.2885054999496788
q,383.0,24,16,1397815163051175227,200,1600,8,383,3.19,8.0,cached,float32,1,0.33158813263525305,83.89716586068214,0.05291769804274207,3.3867326747354927,0.5294309703677769,0.5492470169784991,0,0.98,1,0.2838397000450641
q,383.0,24,17,13458831244185153791,200,1600,8,383,3.19,8.0,cached,float32,1,0.33158813263525305,83.89716586068214,0.05291769804274207,3.3867326747354927,0.5294309703677769,0.5492470169784991,0,0.99,13,0.29792159993667156
q,383.0,24,18,476023337623718006,200,1600,8,383,3.19,8.0,cached,float32,1,0.33158813263525305,83.89716586068214,0.05291769804274207,3.3867326747354927,0.5294309703677769,0.5492470169784991,0,0.965,3,0.28690340009052306
q,383.0,24,19,14170782092029084908,200,1600,8,383,3.19,8.0,cached,float32,1,0.33158813263525305,83.89716586068214,0.05291769804274207,3.3867326747354927,0.5294309703677769,0.5492470169784991,0,0.975,8,0.29017679998651147
q,383.0,24,20,107201735693274196,200,1600,8,383,3.19,8.0,cached,float32,1,0.33158813263525305,83.89716586068214,0.05291769804274207,3.3867326747354927,0.5294309703677769,0.5492470169784991,0,0.985,1,0.30155490001197904
q,383.0,24,21,18415405752402598595,200,1600,8,383,3.19,8.0,cached,float32,1,0.33158813263525305,83.89716586068214,0.05291769804274207,3.3867326747354927,0.5294309703677769,0.5492470169784991,0,0.92,3,0.28209390002302825
q,383.0,24,22,3085995669952712507,200,1600,8,383,3.19,8.0,cached,float32,1,0.33158813263525305,83.89716586068214,0.05291769804274207,3.3867326747354927,0.5294309703677769,0.5492470169784991,0,0.98,7,0.279330600053072
q,383.0,24,23,5973715595680171781,200,1600,8,383,3.19,8.0,cached,float32,1,0.33158813263525305,83.89716586068214,0.05291769804274207,3.3867326747354927,0.5294309703677769,0.5492470169784991,0,0.985,3,0.2938286999706179
q,383.0,24,24,8361414731507140850,200,1600,8,383,3.19,8.0,cached,float32,1,0.33158813263525305,83.89716586068214,0.05291769804274207,3.3867326747354927,0.5294309703677769,0.5492470169784991,0,0.995,16,0.2962535999249667
q,383.0,24,25,7016963607821676943,200,1600,8,383,3.19,8.0,cached,float32,1,0.33158813263525305,83.89716586068214,0.05291769804274207,3.3867326747354927,0.5294309703677769,0.5492470169784991,0,0.94,2,0.2817604000447318
q,383.0,24,26,9227778032931004552,200,1600,8,383,3.19,8.0,cached,float32,1,0.33158813263525305,83.89716586068214,0.05291769804274207,3.3867326747354927,0.5294309703677769,0.5492470169784991,0,0.995,12,0.27999830001499504
q,383.0,24,27,7051556733841842135,200,1600,8,383,3.19,8.0,cached,float32,1,0.33158813263525305,83.89716586068214,0.05291769804274207,3.3867326747354927,0.5294309703677769,0.5492470169784991,1,1.0,0,0.2890940000070259
q,383.0,24,28,1786436540720893162,200,1600,8,383,3.19,8.0,cached,float32,1,0.33158813263525305,83.89716586068214,0.05291769804274207,3.3867326747354927,0.5294309703677769,0.5492470169784991,0,0.96,1,0.2780347000807524
q,383.0,24,29,13640922173163340015,200,1600,8,383,3.19,8.0,cached,float32,1,0.33158813263525305,83.89716586068214,0.05291769804274207,3.3867326747354927,0.5294309703677769,0.5492470169784991,0,0.995,15,0.2784287999384105
q,383.0,24,30,4660338051954065630,200,1600,8,383,3.19,8.0,cached,float32,1,0.33158813263525305,83.89716586068214,0.05291769804274207,3.3867326747354927,0.5294309703677769,0.5492470169784991,0,0.985,1,0.28301699995063245
q,383.0,24,31,5384047683478507566,200,1600,8,383,3.19,8.0,cached,float32,1,0.33158813263525305,83.89716586068214,0.05291769804274207,3.3867326747354927,0.5294309703677769,0.5492470169784991,0,0.995,3,0.2894924000138417
q,383.0,24,32,13346653520838560881,200,1600,8,383,3.19,8.0,cached,float32,1,0.33158813263525305,83.89716586068214,0.05291769804274207,3.3867326747354927,0.5294309703677769,0.5492470169784991,0,0.99,7,0.288719900068827
q,383.0,24,33,7196410483402138662,200,1600,8,383,3.19,8.0,cached,float32,1,0.33158813263525305,83.89716586068214,0.05291769804274207,3.3867326747354927,0.5294309703677769,0.5492470169784991,0,0.98,3,0.3068743998883292
q,383.0,24,34,3353995985930496662,200,1600,8,383,3.19,8.0,cached,float32,1,0.33158813263525305,83.89716586068214,0.05291769804274207,3.3867326747354927,0.5294309703677769,0.5492470169784991,1,1.0,0,0.2770036000292748
q,383.0,24,35,5351575794819199864,200,1600,8,383,3.19,8.0,cached,float32,1,0.33158813263525305,83.89716586068214,0.05291769804274207,3.3867326747354927,0.5294309703677769,0.5492470169784991,0,0.985,2,0.2780756999272853
q,383.0,24,36,3994453748165830561,200,1600,8,383,3.19,8.0,cached,float32,1,0.33158813263525305,83.89716586068214,0.05291769804274207,3.3867326747354927,0.5294309703677769,0.5492470169784991,0,0.99,9,0.2778302999213338
q,383.0,24,37,6173058035628827544,200,1600,8,383,3.19,8.0,cached,float32,1,0.33158813263525305,83.89716586068214,0.05291769804274207,3.3867326747354927,0.5294309703677769,0.5492470169784991,0,0.985,1,0.2761725001037121
q,383.0,24,38,10586754627297881280,200,1600,8,383,3.19,8.0,cached,float32,1,0.33158813263525305,83.89716586068214,0.05291769804274207,3.3867326747354927,0.5294309703677769,0.5492470169784991,0,0.98,8,0.2755816000280902
q,383.0,24,39,337545130056567629,200,1600,8,383,3.19,8.0,cached,float32,1,0.33158813263525305,83.89716586068214,0.05291769804274207,3.3867326747354927,0.5294309703677769,0.5492470169784991,0,0.96,4,0.27838350005913526
q,383.0,24,40,16095734696686931529,200,1600,8,383,3.19,8.0,cached,float32,1,0.33158813263525305,83.89716586068214,0.05291769804274207,3.3867326747354927,0.5294309703677769,0.5492470169784991,0,0.82,2,0.2833450000034645
q,383.0,24,41,3179270570922336242,200,1600,8,383,3.19,8.0,cached,float32,1,0.33158813263525305,83.89716586068214,0.05291769804274207,3.3867326747354927,0.5294309703677769,0.5492470169784991,1,1.0,0,0.28480479994323105
q,383.0,24,42,3257401592172869914,200,1600,8,383,3.19,8.0,cached,float32,1,0.33158813263525305,83.89716586068214,0.05291769804274207,3.3867326747354927,0.5294309703677769,0.5492470169784991,0,0.885,4,0.2804089999990538
q,383.0,24,43,9758824494575316811,200,1600,8,383,3.19,8.0,cached,float32,1,0.33158813263525305,83.89716586068214,0.05291769804274207,3.3867326747354927,0.5294309703677769,0.5492470169784991,0,0.975,5,0.27941610000561923
q,383.0,24,44,3394595778136184043,200,1600,8,383,3.19,8.0,cached,float32,1,0.33158813263525305,83.89716586068214,0.05291769804274207,3.3867326747354927,0.5294309703677769,0.5492470169784991,0,0.96,7,0.27676740009337664
q,383.0,24,45,3141663705351849481,200,1600,8,383,3.19,8.0,cached,float32,1,0.33158813263525305,83.89716586068214,0.05291769804274207,3.3867326747354927,0.5294309703677769,0.5492470169784991,0,0.965,5,0.2807550000725314
q,383.0,24,46,17655922959534341023,200,1600,8,383,3.19,8.0,cached,float32,1,0.33158813263525305,83.89716586068214,0.05291769804274207,3.3867326747354927,0.5294309703677769,0.5492470169784991,0,0.93,5,0.27927389997057617
q,383.0,24,47,9183667188137144185,200,1600,8,383,3.19,8.0,cached,float32,1,0.33158813263525305,83.89716586068214,0.05291769804274207,3.3867326747354927,0.5294309703677769,0.5492470169784991,0,0.98,3,0.27999099995940924
q,383.0,24,48,9811308534304038677,200,1600,8,383,3.19,8.0,cached,float32,1,0.33158813263525305,83.89716586068214,0.05291769804274207,3.3867326747354927,0.5294309703677769,0.5492470169784991,0,0.99,3,0.28034920000936836
q,383.0,24,49,15445492983518595245,200,1600,8,383,3.19,8.0,cached,float32,1,0.33158813263525305,83.89716586068214,0.05291769804274207,3.3867326747354927,0.5294309703677769,0.5492470169784991,0,0.975,6,0.27781150001101196
q,383.0,24,50,9261637474559190271,200,1600,8,383,3.19,8.0,cached,float32,1,0.33158813263525305,83.89716586068214,0.05291769804274207,3.3867326747354927,0.5294309703677769,0.5492470169784991,0,0.955,1,0.28164100006688386
q,383.0,24,51,5728557901732246439,200,1600,8,383,3.19,8.0,cached,float32,1,0.33158813263525305,83.89716586068214,0.05291769804274207,3.3867326747354927,0.5294309703677769,0.5492470169784991,0,0.98,5,0.28002880001440644
q,383.0,24,52,10113937715091649902,200,1600,8,383,3.19,8.0,cached,float32,1,0.33158813263525305,83.89716586068214,0.05291769804274207,3.3867326747354927,0.5294309703677769,0.5492470169784991,0,0.96,2,0.28572070004884154
q,383.0,24,53,16733612144469314333,200,1600,8,383,3.19,8.0,cached,float32,1,0.33158813263525305,83.89716586068214,0.05291769804274207,3.3867326747354927,0.5294309703677769,0.5492470169784991,0,0.965,1,0.28080310008954257
q,383.0,24,54,10725886513493255883,200,1600,8,383,3.19,8.0,cached,float32,1,0.33158813263525305,83.89716586068214,0.05291769804274207,3.3867326747354927,0.5294309703677769,0.5492470169784991,0,0.96,2,0.2781001999974251
q,383.0,24,55,14164659247304823023,200,1600,8,383,3.19,8.0,cached,float32,1,0.33158813263525305,83.89716586068214,0.05291769804274207,3.3867326747354927,0.5294309703677769,0.5492470169784991,0,0.98,3,0.2971463999710977
q,383.0,24,56,14989108777516258860,200,1600,8,383,3.19,8.0,cached,float32,1,0.33158813263525305,83.89716586068214,0.05291769804274207,3.3867326747354927,0.5294309703677769,0.5492470169784991,0,0.96,2,0.2772140000015497
q,383.0,24,57,6608492904483559378,200,1600,8,383,3.19,8.0,cached,float32,1,0.33158813263525305,83.89716586068214,0.05291769804274207,3.3867326747354927,0.5294309703677769,0.5492470169784991,0,0.995,9,0.2818986000493169
q,383.0,24,58,7619696420109207437,200,1600,8,383,3.19,8.0,cached,float32,1,0.33158813263525305,83.89716586068214,0.05291769804274207,3.3867326747354927,0.5294309703677769,0.5492470169784991,0,0.975,2,0.2790633999975398
q,383.0,24,59,5212675975232213032,200,1600,8,383,3.19,8.0,cached,float32,1,0.33158813263525305,83.89716586068214,0.05291769804274207,3.3867326747354927,0.5294309703677769,0.5492470169784991,0,0.92,1,0.2785254999762401
q,383.0,24,60,4873809130974145118,200,1600,8,383,3.19,8.0,cached,float32,1,0.33158813263525305,83.89716586068214,0.05291769804274207,3.3867326747354927,0.5294309703677769,0.5492470169784991,0,0.945,4,0.28143489989452064
q,383.0,24,61,16442490835838438788,200,1600,8,383,3.19,8.0,cached,float32,1,0.33158813263525305,83.89716586068214,0.05291769804274207,3.3867326747354927,0.5294309703677769,0.5492470169784991,0,0.955,1,0.2796556999674067
q,383.0,24,62,4105578517859522492,200,1600,8,383,3.19,8.0,cached,float32,1,0.33158813263525305,83.89716586068214,0.05291769804274207,3.3867326747354927,0.5294309703677769,0.5492470169784991,0,0.96,3,0.28259249997790903
q,383.0,24,63,7291729986289063633,200,1600,8,383,3.19,8.0,cached,float32,1,0.33158813263525305,83.89716586068214,0.05291769804274207,3.3867326747354927,0.5294309703677769,0.5492470169784991,0,0.98,3,0.27596350002568215
q,383.0,24,64,4057130246871057403,200,1600,8,383,3.19,8.0,cached,float32,1,0.33158813263525305,83.89716586068214,0.05291769804274207,3.3867326747354927,0.5294309703677769,0.5492470169784991,0,0.99,19,0.2778571000089869
q,383.0,24,65,578385233898875454,200,1600,8,383,3.19,8.0,cached,float32,1,0.33158813263525305,83.89716586068214,0.05291769804274207,3.3867326747354927,0.5294309703677769,0.5492470169784991,0,0.97,4,0.2822909998940304
q,383.0,24,66,18258125246307241815,200,1600,8,383,3.19,8.0,cached,float32,1,0.33158813263525305,83.89716586068214,0.05291769804274207,3.3867326747354927,0.5294309703677769,0.5492470169784991,0,0.97,9,0.28609860001597553
q,383.0,24,67,18211952460118946138,200,1600,8,383,3.19,8.0,cached,float32,1,0.33158813263525305,83.89716586068214,0.05291769804274207,3.3867326747354927,0.5294309703677769,0.5492470169784991,0,0.945,3,0.28144120005890727
q,383.0,24,68,14874589658919230562,200,1600,8,383,3.19,8.0,cached,float32,1,0.33158813263525305,83.89716586068214,0.05291769804274207,3.3867326747354927,0.5294309703677769,0.5492470169784991,0,0.975,5,0.2802732000127435
q,383.0,24,69,12782585679252844723,200,1600,8,383,3.19,8.0,cached,float32,1,0.33158813263525305,83.89716586068214,0.05291769804274207,3.3867326747354927,0.5294309703677769,0.5492470169784991,0,0.83,1,0.27769760007504374
q,383.0,24,70,2165028234628051785,200,1600,8,383,3.19,8.0,cached,float32,1,0.33158813263525305,83.89716586068214,0.05291769804274207,3.3867326747354927,0.5294309703677769,0.5492470169784991,0,0.98,2,0.2816713999491185
q,383.0,24,71,1782417052421208944,200,1600,8,383,3.19,8.0,cached,float32,1,0.33158813263525305,83.89716586068214,0.05291769804274207,3.3867326747354927,0.5294309703677769,0.5492470169784991,0,0.97,1,0.27920430002268404
q,383.0,24,72,10790130597933271963,200,1600,8,383,3.19,8.0,cached,float32,1,0.33158813263525305,83.89716586068214,0.05291769804274207,3.3867326747354927,0.5294309703677769,0.5492470169784991,0,0.96,6,0.279352999990806
q,383.0,24,73,11851489016822452264,200,1600,8,383,3.19,8.0,cached,float32,1,0.33158813263525305,83.89716586068214,0.05291769804274207,3.3867326747354927,0.5294309703677769,0.5492470169784991,0,0.97,2,0.284952100017108
q,383.0,24,74,18060947862182136169,200,1600,8,383,3.19,8.0,cached,float32,1,0.33158813263525305,83.89716586068214,0.05291769804274207,3.3867326747354927,0.5294309703677769,0.5492470169784991,0,0.99,19,0.2790177999995649
q,383.0,24,75,1192745632584139408,200,1600,8,383,3.19,8.0,cached,float32,1,0.33158813263525305,83.89716586068214,0.05291769804274207,3.3867326747354927,0.5294309703677769,0.5492470169784991,0,0.965,6,0.28110310004558414
q,383.0,24,76,3946770494058275595,200,1600,8,383,3.19,8.0,cached,float32,1,0.33158813263525305,83.89716586068214,0.05291769804274207,3.3867326747354927,0.5294309703677769,0.5492470169784991,0,0.935,1,0.2740685000317171
q,383.0,24,77,13445606890352331026,200,1600,8,383,3.19,8.0,cached,float32,1,0.33158813263525305,83.89716586068214,0.05291769804274207,3.3867326747354927,0.5294309703677769,0.5492470169784991,1,1.0,0,0.2767946000676602
q,383.0,24,78,10830882608728488456,200,1600,8,383,3.19,8.0,cached,float32,1,0.33158813263525305,83.89716586068214,0.05291769804274207,3.3867326747354927,0.5294309703677769,0.5492470169784991,0,0.975,2,0.28452650003600866
q,383.0,24,79,2253517120151936801,200,1600,8,383,3.19,8.0,cached,float32,1,0.33158813263525305,83.89716586068214,0.05291769804274207,3.3867326747354927,0.5294309703677769,0.5492470169784991,0,0.955,2,0.2780557000078261
q,383.0,24,80,16632115383090896554,200,1600,8,383,3.19,8.0,cached,float32,1,0.33158813263525305,83.89716586068214,0.05291769804274207,3.3867326747354927,0.5294309703677769,0.5492470169784991,0,0.97,2,0.27995560003910214
q,383.0,24,81,6226903239528162899,200,1600,8,383,3.19,8.0,cached,float32,1,0.33158813263525305,83.89716586068214,0.05291769804274207,3.3867326747354927,0.5294309703677769,0.5492470169784991,0,0.975,2,0.27986130001954734
q,383.0,24,82,11898419746109868718,200,1600,8,383,3.19,8.0,cached,float32,1,0.33158813263525305,83.89716586068214,0.05291769804274207,3.3867326747354927,0.5294309703677769,0.5492470169784991,0,0.99,8,0.2789065999677405
q,383.0,24,83,11196180012200940970,200,1600,8,383,3.19,8.0,cached,float32,1,0.33158813263525305,83.89716586068214,0.05291769804274207,3.3867326747354927,0.5294309703677769,0.5492470169784991,0,0.985,12,0.2783340000314638
q,383.0,24,84,17804083125230873365,200,1600,8,383,3.19,8.0,cached,float32,1,0.33158813263525305,83.89716586068214,0.05291769804274207,3.3867326747354927,0.5294309703677769,0.5492470169784991,1,1.0,0,0.2858534000115469
q,383.0,24,85,3714985720057830345,200,1600,8,383,3.19,8.0,cached,float32,1,0.33158813263525305,83.89716586068214,0.05291769804274207,3.3867326747354927,0.5294309703677769,0.5492470169784991,0,0.98,10,0.2824054000666365
q,383.0,24,86,16257224223777209109,200,1600,8,383,3.19,8.0,cached,float32,1,0.33158813263525305,83.89716586068214,0.05291769804274207,3.3867326747354927,0.5294309703677769,0.5492470169784991,0,0.96,5,0.3096163999289274
q,383.0,24,87,14139282105204272195,200,1600,8,383,3.19,8.0,cached,float32,1,0.33158813263525305,83.89716586068214,0.05291769804274207,3.3867326747354927,0.5294309703677769,0.5492470169784991,0,0.99,20,0.28182530007325113
q,383.0,24,88,7698417142943951501,200,1600,8,383,3.19,8.0,cached,float32,1,0.33158813263525305,83.89716586068214,0.05291769804274207,3.3867326747354927,0.5294309703677769,0.5492470169784991,0,0.93,2,0.2782232000026852
q,383.0,24,89,1923303522502744884,200,1600,8,383,3.19,8.0,cached,float32,1,0.33158813263525305,83.89716586068214,0.05291769804274207,3.3867326747354927,0.5294309703677769,0.5492470169784991,0,0.97,1,0.27595619997009635
q,383.0,24,90,16475115214462024005,200,1600,8,383,3.19,8.0,cached,float32,1,0.33158813263525305,83.89716586068214,0.05291769804274207,3.3867326747354927,0.5294309703677769,0.5492470169784991,0,0.975,4,0.27970159996766597
q,383.0,24,91,3802675673523240481,200,1600,8,383,3.19,8.0,cached,float32,1,0.33158813263525305,83.89716586068214,0.05291769804274207,3.3867326747354927,0.5294309703677769,0.5492470169784991,0,0.965,2,0.279842899995856
q,383.0,24,92,13013938540023130661,200,1600,8,383,3.19,8.0,cached,float32,1,0.33158813263525305,83.89716586068214,0.05291769804274207,3.3867326747354927,0.5294309703677769,0.5492470169784991,0,0.99,5,0.28466860007029027
q,383.0,24,93,17742167076099683464,200,1600,8,383,3.19,8.0,cached,float32,1,0.33158813263525305,83.89716586068214,0.05291769804274207,3.3867326747354927,0.5294309703677769,0.5492470169784991,0,0.975,4,0.27989650005474687
q,383.0,24,94,14984048752851823362,200,1600,8,383,3.19,8.0,cached,float32,1,0.33158813263525305,83.89716586068214,0.05291769804274207,3.3867326747354927,0.5294309703677769,0.5492470169784991,0,0.945,3,0.2849912999663502
q,383.0,24,95,5226684462510099999,200,1600,8,383,3.19,8.0,cached,float32,1,0.33158813263525305,83.89716586068214,0.05291769804274207,3.3867326747354927,0.5294309703677769,0.5492470169784991,0,0.845,3,0.2829181000124663
q,383.0,24,96,5771476912931179974,200,1600,8,383,3.19,8.0,cached,float32,1,0.33158813263525305,83.89716586068214,0.05291769804274207,3.3867326747354927,0.5294309703677769,0.5492470169784991,0,0.97,2,0.279657099978067
q,383.0,24,97,12131256664555195174,200,1600,8,383,3.19,8.0,cached,float32,1,0.33158813263525305,83.89716586068214,0.05291769804274207,3.3867326747354927,0.5294309703677769,0.5492470169784991,0,0.99,3,0.2767457999289036
q,383.0,24,98,8901493135217251128,200,1600,8,383,3.19,8.0,cached,float32,1,0.33158813263525305,83.89716586068214,0.05291769804274207,3.3867326747354927,0.5294309703677769,0.5492470169784991,0,0.88,2,0.27921960002277046
q,383.0,24,99,1820931926577962528,200,1600,8,383,3.19,8.0,cached,float32,1,0.33158813263525305,83.89716586068214,0.05291769804274207,3.3867326747354927,0.5294309703677769,0.5492470169784991,0,0.995,8,0.2767549999989569
q,503.0,25,0,12457417839849268142,200,1600,8,503,3.19,8.0,cached,float32,1,0.33200531208499334,110.49680007290631,0.07011202799632574,4.487169791764847,0.7014567978101722,0.7213348551963056,0,0.98,1,0.3047812000149861
q,503.0,25,1,8101573458292904449,200,1600,8,503,3.19,8.0,cached,float32,1,0.33200531208499334,110.49680007290631,0.07011202799632574,4.487169791764847,0.7014567978101722,0.7213348551963056,0,0.98,5,0.3054725000401959
q,503.0,25,2,3655098725858067929,200,1600,8,503,3.19,8.0,cached,float32,1,0.33200531208499334,110.49680007290631,0.07011202799632574,4.487169791764847,0.7014567978101722,0.7213348551963056,0,0.98,2,0.3048668000847101
q,503.0,25,3,6790376769476354844,200,1600,8,503,3.19,8.0,cached,float32,1,0.33200531208499334,110.49680007290631,0.07011202799632574,4.487169791764847,0.7014567978101722,0.7213348551963056,0,0.97,2,0.29618909989949316
q,503.0,25,4,5501292749496090833,200,1600,8,503,3.19,8.0,cached,float32,1,0.33200531208499334,110.49680007290631,0.07011202799632574,4.487169791764847,0.7014567978101722,0.7213348551963056,0,0.98,2,0.3030771999619901
q,503.0,25,5,8755479583237002091,200,1600,8,503,3.19,8.0,cached,float32,1,0.33200531208499334,110.49680007290631,0.07011202799632574,4.487169791764847,0.7014567978101722,0.7213348551963056,0,0.99,1,0.2995536000235006
q,503.0,25,6,1606241388617650878,200,1600,8,503,3.19,8.0,cached,float32,1,0.33200531208499334,110.49680007290631,0.07011202799632574,4.487169791764847,0.7014567978101722,0.7213348551963056,0,0.995,1,0.29761120001785457
q,503.0,25,7,4459623703083339172,200,1600,8,503,3.19,8.0,cached,float32,1,0.33200531208499334,110.49680007290631,0.07011202799632574,4.487169791764847,0.7014567978101722,0.7213348551963056,1,1.0,0,0.29912900005001575
q,503.0,25,8,10597991979440396457,200,1600,8,503,3.19,8.0,cached,float32,1,0.33200531208499334,110.49680007290631,0.07011202799632574,4.487169791764847,0.7014567978101722,0.7213348551963056,0,0.995,16,0.29628600005526096
q,503.0,25,9,9707150300780048882,200,1600,8,503,3.19,8.0,cached,float32,1,0.33200531208499334,110.49680007290631,0.07011202799632574,4.487169791764847,0.7014567978101722,0.7213348551963056,0,0.98,1,0.3268325000535697
q,503.0,25,10,12336099665204769265,200,1600,8,503,3.19,8.0,cached,float32,1,0.33200531208499334,110.49680007290631,0.07011202799632574,4.487169791764847,0.7014567978101722,0.7213348551963056,0,0.975,5,0.2974454000359401
q,503.0,25,11,2522875464652085149,200,1600,8,503,3.19,8.0,cached,float32,1,0.33200531208499334,110.49680007290631,0.07011202799632574,4.487169791764847,0.7014567978101722,0.7213348551963056,0,0.995,36,0.29646330000832677
q,503.0,25,12,10230202439903305035,200,1600,8,503,3.19,8.0,cached,float32,1,0.33200531208499334,110.49680007290631,0.07011202799632574,4.487169791764847,0.7014567978101722,0.7213348551963056,0,0.98,2,0.2952109999023378
q,503.0,25,13,11817061912259429498,200,1600,8,503,3.19,8.0,cached,float32,1,0.33200531208499334,110.49680007290631,0.07011202799632574,4.487169791764847,0.7014567978101722,0.7213348551963056,1,1.0,0,0.3299971000524238
q,503.0,25,14,12226768012447091322,200,1600,8,503,3.19,8.0,cached,float32,1,0.33200531208499334,110.49680007290631,0.07011202799632574,4.487169791764847,0.7014567978101722,0.7213348551963056,0,0.99,13,0.29844519996549934
q,503.0,25,15,15488453948250993544,200,1600,8,503,3.19,8.0,cached,float32,1,0.33200531208499334,110.49680007290631,0.07011202799632574,4.487169791764847,0.7014567978101722,0.7213348551963056,0,0.99,12,0.29735180002171546
q,503.0,25,16,16899981679584897648,200,1600,8,503,3.19,8.0,cached,float32,1,0.33200531208499334,110.49680007290631,0.07011202799632574,4.487169791764847,0.7014567978101722,0.7213348551963056,0,0.98,13,0.29209020000416785
q,503.0,25,17,1102522428070066447,200,1600,8,503,3.19,8.0,cached,float32,1,0.33200531208499334,110.49680007290631,0.07011202799632574,4.487169791764847,0.7014567978101722,0.7213348551963056,0,0.98,8,0.29787889996077865
q,503.0,25,18,7453912012334579965,200,1600,8,503,3.19,8.0,cached,float32,1,0.33200531208499334,110.49680007290631,0.07011202799632574,4.487169791764847,0.7014567978101722,0.7213348551963056,0,0.995,7,0.2980504999868572
q,503.0,25,19,3554691314711581808,200,1600,8,503,3.19,8.0,cached,float32,1,0.33200531208499334,110.49680007290631,0.07011202799632574,4.487169791764847,0.7014567978101722,0.7213348551963056,0,0.995,15,0.3062301001045853
q,503.0,25,20,10029713837148932721,200,1600,8,503,3.19,8.0,cached,float32,1,0.33200531208499334,110.49680007290631,0.07011202799632574,4.487169791764847,0.7014567978101722,0.7213348551963056,0,0.99,1,0.3014677999308333
q,503.0,25,21,14663390370429557388,200,1600,8,503,3.19,8.0,cached,float32,1,0.33200531208499334,110.49680007290631,0.07011202799632574,4.487169791764847,0.7014567978101722,0.7213348551963056,0,0.985,7,0.29791790002491325
q,503.0,25,22,8865164363903650979,200,1600,8,503,3.19,8.0,cached,float32,1,0.33200531208499334,110.49680007290631,0.07011202799632574,4.487169791764847,0.7014567978101722,0.7213348551963056,0,0.99,8,0.30482359998859465
q,503.0,25,23,44371910398337160,200,1600,8,503,3.19,8.0,cached,float32,1,0.33200531208499334,110.49680007290631,0.07011202799632574,4.487169791764847,0.7014567978101722,0.7213348551963056,0,0.995,7,0.3252319999737665
q,503.0,25,24,7202797044336888894,200,1600,8,503,3.19,8.0,cached,float32,1,0.33200531208499334,110.49680007290631,0.07011202799632574,4.487169791764847,0.7014567978101722,0.7213348551963056,0,0.98,2,0.3003121000947431
q,503.0,25,25,6585328671882314882,200,1600,8,503,3.19,8.0,cached,float32,1,0.33200531208499334,110.49680007290631,0.07011202799632574,4.487169791764847,0.7014567978101722,0.7213348551963056,0,0.945,3,0.2963121000211686
q,503.0,25,26,3899223537569253650,200,1600,8,503,3.19,8.0,cached,float32,1,0.33200531208499334,110.49680007290631,0.07011202799632574,4.487169791764847,0.7014567978101722,0.7213348551963056,0,0.98,3,0.29526309994980693
q,503.0,25,27,12812829409102610757,200,1600,8,503,3.19,8.0,cached,float32,1,0.33200531208499334,110.49680007290631,0.07011202799632574,4.487169791764847,0.7014567978101722,0.7213348551963056,0,0.995,3,0.29650089994538575
q,503.0,25,28,17851113528854439187,200,1600,8,503,3.19,8.0,cached,float32,1,0.33200531208499334,110.49680007290631,0.07011202799632574,4.487169791764847,0.7014567978101722,0.7213348551963056,0,0.965,1,0.3010794000001624
q,503.0,25,29,17581205460891993614,200,1600,8,503,3.19,8.0,cached,float32,1,0.33200531208499334,110.49680007290631,0.07011202799632574,4.487169791764847,0.7014567978101722,0.7213348551963056,0,0.975,3,0.30348949995823205
q,503.0,25,30,15084719493981470490,200,1600,8,503,3.19,8.0,cached,float32,1,0.33200531208499334,110.49680007290631,0.07011202799632574,4.487169791764847,0.7014567978101722,0.7213348551963056,0,0.92,1,0.29857159999664873
q,503.0,25,31,1489902784425747685,200,1600,8,503,3.19,8.0,cached,float32,1,0.33200531208499334,110.49680007290631,0.07011202799632574,4.487169791764847,0.7014567978101722,0.7213348551963056,1,1.0,0,0.2953475998947397
q,503.0,25,32,135390653364445992,200,1600,8,503,3.19,8.0,cached,float32,1,0.33200531208499334,110.49680007290631,0.07011202799632574,4.487169791764847,0.7014567978101722,0.7213348551963056,0,0.96,1,0.3013293999247253
q,503.0,25,33,3292673386962402642,200,1600,8,503,3.19,8.0,cached,float32,1,0.33200531208499334,110.49680007290631,0.07011202799632574,4.487169791764847,0.7014567978101722,0.7213348551963056,0,0.99,7,0.29553850006777793
q,503.0,25,34,14121479426399102169,200,1600,8,503,3.19,8.0,cached,float32,1,0.33200531208499334,110.49680007290631,0.07011202799632574,4.487169791764847,0.7014567978101722,0.7213348551963056,0,0.97,2,0.3045543000334874
q,503.0,25,35,10091432648543848459,200,1600,8,503,3.19,8.0,cached,float32,1,0.33200531208499334,110.49680007290631,0.07011202799632574,4.487169791764847,0.7014567978101722,0.7213348551963056,0,0.985,16,0.3001739999745041
q,503.0,25,36,6911262932890144698,200,1600,8,503,3.19,8.0,cached,float32,1,0.33200531208499334,110.49680007290631,0.07011202799632574,4.487169791764847,0.7014567978101722,0.7213348551963056,1,1.0,0,0.29496349999681115
q,503.0,25,37,15773344745106771886,200,1600,8,503,3.19,8.0,cached,float32,1,0.33200531208499334,110.49680007290631,0.07011202799632574,4.487169791764847,0.7014567978101722,0.7213348551963056,1,1.0,0,0.29822269990108907
q,503.0,25,38,9087037233038406863,200,1600,8,503,3.19,8.0,cached,float32,1,0.33200531208499334,110.49680007290631,0.07011202799632574,4.487169791764847,0.7014567978101722,0.7213348551963056,0,0.96,1,0.30077640002127737
q,503.0,25,39,15270317927379742734,200,1600,8,503,3.19,8.0,cached,float32,1,0.33200531208499334,110.49680007290631,0.07011202799632574,4.487169791764847,0.7014567978101722,0.7213348551963056,0,0.98,4,0.30014579999260604
q,503.0,25,40,9173724377731845680,200,1600,8,503,3.19,8.0,cached,float32,1,0.33200531208499334,110.49680007290631,0.07011202799632574,4.487169791764847,0.7014567978101722,0.7213348551963056,0,0.98,6,0.2989884000271559
q,503.0,25,41,3138616532416539923,200,1600,8,503,3.19,8.0,cached,float32,1,0.33200531208499334,110.49680007290631,0.07011202799632574,4.487169791764847,0.7014567978101722,0.7213348551963056,0,0.97,2,0.30136279994621873
q,503.0,25,42,5651362756463831749,200,1600,8,503,3.19,8.0,cached,float32,1,0.33200531208499334,110.49680007290631,0.07011202799632574,4.487169791764847,0.7014567978101722,0.7213348551963056,0,0.985,5,0.2988005999941379
q,503.0,25,43,11437851259688057354,200,1600,8,503,3.19,8.0,cached,float32,1,0.33200531208499334,110.49680007290631,0.07011202799632574,4.487169791764847,0.7014567978101722,0.7213348551963056,1,1.0,0,0.2964237000560388
q,503.0,25,44,6627918580579337829,200,1600,8,503,3.19,8.0,cached,float32,1,0.33200531208499334,110.49680007290631,0.07011202799632574,4.487169791764847,0.7014567978101722,0.7213348551963056,0,0.98,2,0.29921930003911257
q,503.0,25,45,10104659667066066357,200,1600,8,503,3.19,8.0,cached,float32,1,0.33200531208499334,110.49680007290631,0.07011202799632574,4.487169791764847,0.7014567978101722,0.7213348551963056,0,0.945,4,0.2982901999494061
q,503.0,25,46,9592389893790826820,200,1600,8,503,3.19,8.0,cached,float32,1,0.33200531208499334,110.49680007290631,0.07011202799632574,4.487169791764847,0.7014567978101722,0.7213348551963056,0,0.995,8,0.3161200999747962
q,503.0,25,47,5568916958758837553,200,1600,8,503,3.19,8.0,cached,float32,1,0.33200531208499334,110.49680007290631,0.07011202799632574,4.487169791764847,0.7014567978101722,0.7213348551963056,0,0.985,7,0.297964800032787
q,503.0,25,48,8090765284377050399,200,1600,8,503,3.19,8.0,cached,float32,1,0.33200531208499334,110.49680007290631,0.07011202799632574,4.487169791764847,0.7014567978101722,0.7213348551963056,1,1.0,0,0.29786239995155483
q,503.0,25,49,9027118104320222577,200,1600,8,503,3.19,8.0,cached,float32,1,0.33200531208499334,110.49680007290631,0.07011202799632574,4.487169791764847,0.7014567978101722,0.7213348551963056,0,0.985,5,0.2962212000275031
q,503.0,25,50,14263624757697773419,200,1600,8,503,3.19,8.0,cached,float32,1,0.33200531208499334,110.49680007290631,0.07011202799632574,4.487169791764847,0.7014567978101722,0.7213348551963056,0,0.985,2,0.29934859997592866
q,503.0,25,51,16200105709443446266,200,1600,8,503,3.19,8.0,cached,float32,1,0.33200531208499334,110.49680007290631,0.07011202799632574,4.487169791764847,0.7014567978101722,0.7213348551963056,0,0.99,11,0.2950747999129817
q,503.0,25,52,15624502951336001521,200,1600,8,503,3.19,8.0,cached,float32,1,0.33200531208499334,110.49680007290631,0.07011202799632574,4.487169791764847,0.7014567978101722,0.7213348551963056,0,0.98,8,0.295968999969773
q,503.0,25,53,14323180248355704902,200,1600,8,503,3.19,8.0,cached,float32,1,0.33200531208499334,110.49680007290631,0.07011202799632574,4.487169791764847,0.7014567978101722,0.7213348551963056,0,0.995,14,0.29697040002793074
q,503.0,25,54,15106077735824250855,200,1600,8,503,3.19,8.0,cached,float32,1,0.33200531208499334,110.49680007290631,0.07011202799632574,4.487169791764847,0.7014567978101722,0.7213348551963056,0,0.985,3,0.30129550001583993
q,503.0,25,55,826525115031283055,200,1600,8,503,3.19,8.0,cached,float32,1,0.33200531208499334,110.49680007290631,0.07011202799632574,4.487169791764847,0.7014567978101722,0.7213348551963056,0,0.98,2,0.2997330999933183
q,503.0,25,56,4045984910945517751,200,1600,8,503,3.19,8.0,cached,float32,1,0.33200531208499334,110.49680007290631,0.07011202799632574,4.487169791764847,0.7014567978101722,0.7213348551963056,0,0.98,5,0.2951605000998825
q,503.0,25,57,7806164252893313935,200,1600,8,503,3.19,8.0,cached,float32,1,0.33200531208499334,110.49680007290631,0.07011202799632574,4.487169791764847,0.7014567978101722,0.7213348551963056,0,0.965,7,0.2953763999976218
q,503.0,25,58,748213079905407241,200,1600,8,503,3.19,8.0,cached,float32,1,0.33200531208499334,110.49680007290631,0.07011202799632574,4.487169791764847,0.7014567978101722,0.7213348551963056,0,0.99,3,0.29515159991569817
q,503.0,25,59,3039241705762802712,200,1600,8,503,3.19,8.0,cached,float32,1,0.33200531208499334,110.49680007290631,0.07011202799632574,4.487169791764847,0.7014567978101722,0.7213348551963056,0,0.995,6,0.2990111999679357
q,503.0,25,60,9186243993002345667,200,1600,8,503,3.19,8.0,cached,float32,1,0.33200531208499334,110.49680007290631,0.07011202799632574,4.487169791764847,0.7014567978101722,0.7213348551963056,0,0.985,2,0.2994581999955699
q,503.0,25,61,10120407177828458788,200,1600,8,503,3.19,8.0,cached,float32,1,0.33200531208499334,110.49680007290631,0.07011202799632574,4.487169791764847,0.7014567978101722,0.7213348551963056,0,0.99,4,0.29728549998253584
q,503.0,25,62,11036767555866060137,200,1600,8,503,3.19,8.0,cached,float32,1,0.33200531208499334,110.49680007290631,0.07011202799632574,4.487169791764847,0.7014567978101722,0.7213348551963056,0,0.99,3,0.2991050999844447
q,503.0,25,63,11952285075950416034,200,1600,8,503,3.19,8.0,cached,float32,1,0.33200531208499334,110.49680007290631,0.07011202799632574,4.487169791764847,0.7014567978101722,0.7213348551963056,0,0.985,12,0.2945398000301793
q,503.0,25,64,14270177941406510067,200,1600,8,503,3.19,8.0,cached,float32,1,0.33200531208499334,110.49680007290631,0.07011202799632574,4.487169791764847,0.7014567978101722,0.7213348551963056,0,0.99,6,0.30438169999979436
q,503.0,25,65,10677923232340269999,200,1600,8,503,3.19,8.0,cached,float32,1,0.33200531208499334,110.49680007290631,0.07011202799632574,4.487169791764847,0.7014567978101722,0.7213348551963056,0,0.99,5,0.29964109999127686
q,503.0,25,66,15460081321746861923,200,1600,8,503,3.19,8.0,cached,float32,1,0.33200531208499334,110.49680007290631,0.07011202799632574,4.487169791764847,0.7014567978101722,0.7213348551963056,0,0.99,3,0.3067173999734223
q,503.0,25,67,775697723666104213,200,1600,8,503,3.19,8.0,cached,float32,1,0.33200531208499334,110.49680007290631,0.07011202799632574,4.487169791764847,0.7014567978101722,0.7213348551963056,0,0.885,1,0.30442619998939335
q,503.0,25,68,6833912856521340575,200,1600,8,503,3.19,8.0,cached,float32,1,0.33200531208499334,110.49680007290631,0.07011202799632574,4.487169791764847,0.7014567978101722,0.7213348551963056,0,0.97,2,0.2978214001050219
q,503.0,25,69,9758191204231560284,200,1600,8,503,3.19,8.0,cached,float32,1,0.33200531208499334,110.49680007290631,0.07011202799632574,4.487169791764847,0.7014567978101722,0.7213348551963056,0,0.975,2,0.2945977000053972
q,503.0,25,70,1005637420435928889,200,1600,8,503,3.19,8.0,cached,float32,1,0.33200531208499334,110.49680007290631,0.07011202799632574,4.487169791764847,0.7014567978101722,0.7213348551963056,0,0.975,4,0.29785350000020117
q,503.0,25,71,8389215962141486158,200,1600,8,503,3.19,8.0,cached,float32,1,0.33200531208499334,110.49680007290631,0.07011202799632574,4.487169791764847,0.7014567978101722,0.7213348551963056,0,0.96,1,0.2973543999250978
q,503.0,25,72,5182228293112780672,200,1600,8,503,3.19,8.0,cached,float32,1,0.33200531208499334,110.49680007290631,0.07011202799632574,4.487169791764847,0.7014567978101722,0.7213348551963056,0,0.985,7,0.29486489994451404
q,503.0,25,73,9937053731540523868,200,1600,8,503,3.19,8.0,cached,float32,1,0.33200531208499334,110.49680007290631,0.07011202799632574,4.487169791764847,0.7014567978101722,0.7213348551963056,0,0.975,4,0.3000669999746606
q,503.0,25,74,2462742534358543784,200,1600,8,503,3.19,8.0,cached,float32,1,0.33200531208499334,110.49680007290631,0.07011202799632574,4.487169791764847,0.7014567978101722,0.7213348551963056,0,0.965,4,0.30112069996539503
q,503.0,25,75,4802556430517416663,200,1600,8,503,3.19,8.0,cached,float32,1,0.33200531208499334,110.49680007290631,0.07011202799632574,4.487169791764847,0.7014567978101722,0.7213348551963056,0,0.935,4,0.3001979000400752
q,503.0,25,76,10618378813472076495,200,1600,8,503,3.19,8.0,cached,float32,1,0.33200531208499334,110.49680007290631,0.07011202799632574,4.487169791764847,0.7014567978101722,0.7213348551963056,0,0.985,7,0.3006738000549376
q,503.0,25,77,12895938369035774161,200,1600,8,503,3.19,8.0,cached,float32,1,0.33200531208499334,110.49680007290631,0.07011202799632574,4.487169791764847,0.7014567978101722,0.7213348551963056,1,1.0,0,0.29900569992605597
q,503.0,25,78,655977557900314758,200,1600,8,503,3.19,8.0,cached,float32,1,0.33200531208499334,110.49680007290631,0.07011202799632574,4.487169791764847,0.7014567978101722,0.7213348551963056,0,0.99,4,0.298414200078696
q,503.0,25,79,4320327718211131473,200,1600,8,503,3.19,8.0,cached,float32,1,0.33200531208499334,110.49680007290631,0.07011202799632574,4.487169791764847,0.7014567978101722,0.7213348551963056,0,0.98,2,0.29807509994134307
q,503.0,25,80,10983883511347041446,200,1600,8,503,3.19,8.0,cached,float32,1,0.33200531208499334,110.49680007290631,0.07011202799632574,4.487169791764847,0.7014567978101722,0.7213348551963056,0,0.96,1,0.2997094999300316
q,503.0,25,81,9642556972913022398,200,1600,8,503,3.19,8.0,cached,float32,1,0.33200531208499334,110.49680007290631,0.07011202799632574,4.487169791764847,0.7014567978101722,0.7213348551963056,0,0.975,3,0.29328830004669726
q,503.0,25,82,4910832685662194457,200,1600,8,503,3.19,8.0,cached,float32,1,0.33200531208499334,110.49680007290631,0.07011202799632574,4.487169791764847,0.7014567978101722,0.7213348551963056,0,0.98,2,0.29557800001930445
q,503.0,25,83,1254110277009483782,200,1600,8,503,3.19,8.0,cached,float32,1,0.33200531208499334,110.49680007290631,0.07011202799632574,4.487169791764847,0.7014567978101722,0.7213348551963056,0,0.965,1,0.29775979998521507
q,503.0,25,84,4209101849646720435,200,1600,8,503,3.19,8.0,cached,float32,1,0.33200531208499334,110.49680007290631,0.07011202799632574,4.487169791764847,0.7014567978101722,0.7213348551963056,0,0.99,11,0.30401189997792244
q,503.0,25,85,4953239501338286567,200,1600,8,503,3.19,8.0,cached,float32,1,0.33200531208499334,110.49680007290631,0.07011202799632574,4.487169791764847,0.7014567978101722,0.7213348551963056,0,0.995,8,0.2993237000191584
q,503.0,25,86,8973219608233018070,200,1600,8,503,3.19,8.0,cached,float32,1,0.33200531208499334,110.49680007290631,0.07011202799632574,4.487169791764847,0.7014567978101722,0.7213348551963056,0,0.985,4,0.2951410999521613
q,503.0,25,87,14245658857424113478,200,1600,8,503,3.19,8.0,cached,float32,1,0.33200531208499334,110.49680007290631,0.07011202799632574,4.487169791764847,0.7014567978101722,0.7213348551963056,0,0.985,1,0.2976980999810621
q,503.0,25,88,4481207097675713501,200,1600,8,503,3.19,8.0,cached,float32,1,0.33200531208499334,110.49680007290631,0.07011202799632574,4.487169791764847,0.7014567978101722,0.7213348551963056,0,0.99,3,0.31080880004446954
q,503.0,25,89,3156324369064962973,200,1600,8,503,3.19,8.0,cached,float32,1,0.33200531208499334,110.49680007290631,0.07011202799632574,4.487169791764847,0.7014567978101722,0.7213348551963056,0,0.985,2,0.29638559999875724
q,503.0,25,90,13343396042781270729,200,1600,8,503,3.19,8.0,cached,float32,1,0.33200531208499334,110.49680007290631,0.07011202799632574,4.487169791764847,0.7014567978101722,0.7213348551963056,0,0.99,12,0.2953687999397516
q,503.0,25,91,16084145010791009751,200,1600,8,503,3.19,8.0,cached,float32,1,0.33200531208499334,110.49680007290631,0.07011202799632574,4.487169791764847,0.7014567978101722,0.7213348551963056,0,0.975,2,0.2971079000271857
q,503.0,25,92,5667551308350199569,200,1600,8,503,3.19,8.0,cached,float32,1,0.33200531208499334,110.49680007290631,0.07011202799632574,4.487169791764847,0.7014567978101722,0.7213348551963056,0,0.99,18,0.296684900065884
q,503.0,25,93,7700051759351810114,200,1600,8,503,3.19,8.0,cached,float32,1,0.33200531208499334,110.49680007290631,0.07011202799632574,4.487169791764847,0.7014567978101722,0.7213348551963056,0,0.995,2,0.29506129992660135
q,503.0,25,94,7033451454013126491,200,1600,8,503,3.19,8.0,cached,float32,1,0.33200531208499334,110.49680007290631,0.07011202799632574,4.487169791764847,0.7014567978101722,0.7213348551963056,0,0.985,11,0.30156060005538166
q,503.0,25,95,11960899381560399298,200,1600,8,503,3.19,8.0,cached,float32,1,0.33200531208499334,110.49680007290631,0.07011202799632574,4.487169791764847,0.7014567978101722,0.7213348551963056,0,0.97,1,0.2959095999831334
q,503.0,25,96,12844326527107510899,200,1600,8,503,3.19,8.0,cached,float32,1,0.33200531208499334,110.49680007290631,0.07011202799632574,4.487169791764847,0.7014567978101722,0.7213348551963056,0,0.985,1,0.2946267999941483
q,503.0,25,97,15689267588405513662,200,1600,8,503,3.19,8.0,cached,float32,1,0.33200531208499334,110.49680007290631,0.07011202799632574,4.487169791764847,0.7014567978101722,0.7213348551963056,0,0.965,5,0.3039234000025317
q,503.0,25,98,2789474697299112892,200,1600,8,503,3.19,8.0,cached,float32,1,0.33200531208499334,110.49680007290631,0.07011202799632574,4.487169791764847,0.7014567978101722,0.7213348551963056,0,0.99,2,0.2934055000077933
q,503.0,25,99,12222886647661242830,200,1600,8,503,3.19,8.0,cached,float32,1,0.33200531208499334,110.49680007290631,0.07011202799632574,4.487169791764847,0.7014567978101722,0.7213348551963056,1,1.0,0,0.29802949994336814
q,761.0,26,0,1816049361413022974,200,1600,8,761,3.19,8.0,cached,float32,1,0.33245614035087717,167.68601362918827,0.1070864407614515,6.853532208732896,1.0713783921548097,1.0913237073645896,0,0.995,8,0.317517300019972
q,761.0,26,1,8645472238878370282,200,1600,8,761,3.19,8.0,cached,float32,1,0.33245614035087717,167.68601362918827,0.1070864407614515,6.853532208732896,1.0713783921548097,1.0913237073645896,0,0.995,10,0.3117642999859527
q,761.0,26,2,6785462641400774904,200,1600,8,761,3.19,8.0,cached,float32,1,0.33245614035087717,167.68601362918827,0.1070864407614515,6.853532208732896,1.0713783921548097,1.0913237073645896,1,1.0,0,0.3125589999835938
q,761.0,26,3,5355696938478009609,200,1600,8,761,3.19,8.0,cached,float32,1,0.33245614035087717,167.68601362918827,0.1070864407614515,6.853532208732896,1.0713783921548097,1.0913237073645896,0,0.99,9,0.31213849992491305
q,761.0,26,4,2662127272946173972,200,1600,8,761,3.19,8.0,cached,float32,1,0.33245614035087717,167.68601362918827,0.1070864407614515,6.853532208732896,1.0713783921548097,1.0913237073645896,1,1.0,0,0.3154021999798715
q,761.0,26,5,10673041392117153874,200,1600,8,761,3.19,8.0,cached,float32,1,0.33245614035087717,167.68601362918827,0.1070864407614515,6.853532208732896,1.0713783921548097,1.0913237073645896,1,1.0,0,0.31212100002449006
q,761.0,26,6,9136427756250490095,200,1600,8,761,3.19,8.0,cached,float32,1,0.33245614035087717,167.68601362918827,0.1070864407614515,6.853532208732896,1.0713783921548097,1.0913237073645896,1,1.0,0,0.31223909999243915
q,761.0,26,7,17002426046175132308,200,1600,8,761,3.19,8.0,cached,float32,1,0.33245614035087717,167.68601362918827,0.1070864407614515,6.853532208732896,1.0713783921548097,1.0913237073645896,0,0.995,3,0.3086145999841392
q,761.0,26,8,5965451226413491583,200,1600,8,761,3.19,8.0,cached,float32,1,0.33245614035087717,167.68601362918827,0.1070864407614515,6.853532208732896,1.0713783921548097,1.0913237073645896,1,1.0,0,0.31099280004855245
q,761.0,26,9,14049808599610703175,200,1600,8,761,3.19,8.0,cached,float32,1,0.33245614035087717,167.68601362918827,0.1070864407614515,6.853532208732896,1.0713783921548097,1.0913237073645896,1,1.0,0,0.3129037000471726
q,761.0,26,10,6166020575410571169,200,1600,8,761,3.19,8.0,cached,float32,1,0.33245614035087717,167.68601362918827,0.1070864407614515,6.853532208732896,1.0713783921548097,1.0913237073645896,0,0.995,14,0.3345222999341786
q,761.0,26,11,2516983415058750242,200,1600,8,761,3.19,8.0,cached,float32,1,0.33245614035087717,167.68601362918827,0.1070864407614515,6.853532208732896,1.0713783921548097,1.0913237073645896,0,0.995,36,0.3138266000896692
q,761.0,26,12,13634690193714718421,200,1600,8,761,3.19,8.0,cached,float32,1,0.33245614035087717,167.68601362918827,0.1070864407614515,6.853532208732896,1.0713783921548097,1.0913237073645896,0,0.995,13,0.3123550000600517
q,761.0,26,13,16739608769111370063,200,1600,8,761,3.19,8.0,cached,float32,1,0.33245614035087717,167.68601362918827,0.1070864407614515,6.853532208732896,1.0713783921548097,1.0913237073645896,0,0.995,19,0.31827379995957017
q,761.0,26,14,18047758030611408160,200,1600,8,761,3.19,8.0,cached,float32,1,0.33245614035087717,167.68601362918827,0.1070864407614515,6.853532208732896,1.0713783921548097,1.0913237073645896,0,0.995,11,0.31333479995373636
q,761.0,26,15,10017959509911540956,200,1600,8,761,3.19,8.0,cached,float32,1,0.33245614035087717,167.68601362918827,0.1070864407614515,6.853532208732896,1.0713783921548097,1.0913237073645896,1,1.0,0,0.3129122999962419
q,761.0,26,16,7131643217088024501,200,1600,8,761,3.19,8.0,cached,float32,1,0.33245614035087717,167.68601362918827,0.1070864407614515,6.853532208732896,1.0713783921548097,1.0913237073645896,1,1.0,0,0.3129744000034407
q,761.0,26,17,3565584199640050580,200,1600,8,761,3.19,8.0,cached,float32,1,0.33245614035087717,167.68601362918827,0.1070864407614515,6.853532208732896,1.0713783921548097,1.0913237073645896,0,0.99,7,0.31337240000721067
q,761.0,26,18,4561870776744845475,200,1600,8,761,3.19,8.0,cached,float32,1,0.33245614035087717,167.68601362918827,0.1070864407614515,6.853532208732896,1.0713783921548097,1.0913237073645896,0,0.99,3,0.3088292999891564
q,761.0,26,19,7941593400902129105,200,1600,8,761,3.19,8.0,cached,float32,1,0.33245614035087717,167.68601362918827,0.1070864407614515,6.853532208732896,1.0713783921548097,1.0913237073645896,0,0.985,6,0.3096988999750465
q,761.0,26,20,11100804826563022038,200,1600,8,761,3.19,8.0,cached,float32,1,0.33245614035087717,167.68601362918827,0.1070864407614515,6.853532208732896,1.0713783921548097,1.0913237073645896,1,1.0,0,0.31565999996382743
q,761.0,26,21,229716816853768936,200,1600,8,761,3.19,8.0,cached,float32,1,0.33245614035087717,167.68601362918827,0.1070864407614515,6.853532208732896,1.0713783921548097,1.0913237073645896,1,1.0,0,0.3121847999282181
q,761.0,26,22,1075457295016780663,200,1600,8,761,3.19,8.0,cached,float32,1,0.33245614035087717,167.68601362918827,0.1070864407614515,6.853532208732896,1.0713783921548097,1.0913237073645896,0,0.995,8,0.3129462000215426
q,761.0,26,23,14175487227269201378,200,1600,8,761,3.19,8.0,cached,float32,1,0.33245614035087717,167.68601362918827,0.1070864407614515,6.853532208732896,1.0713783921548097,1.0913237073645896,0,0.995,1,0.3172474999446422
q,761.0,26,24,10188208336636089323,200,1600,8,761,3.19,8.0,cached,float32,1,0.33245614035087717,167.68601362918827,0.1070864407614515,6.853532208732896,1.0713783921548097,1.0913237073645896,0,0.955,1,0.31409259990323335
q,761.0,26,25,1827140050141282442,200,1600,8,761,3.19,8.0,cached,float32,1,0.33245614035087717,167.68601362918827,0.1070864407614515,6.853532208732896,1.0713783921548097,1.0913237073645896,0,0.995,9,0.31329920003190637
q,761.0,26,26,4842159326486443866,200,1600,8,761,3.19,8.0,cached,float32,1,0.33245614035087717,167.68601362918827,0.1070864407614515,6.853532208732896,1.0713783921548097,1.0913237073645896,1,1.0,0,0.31057850003708154
q,761.0,26,27,9818725554264762217,200,1600,8,761,3.19,8.0,cached,float32,1,0.33245614035087717,167.68601362918827,0.1070864407614515,6.853532208732896,1.0713783921548097,1.0913237073645896,0,0.99,12,0.31002970004919916
q,761.0,26,28,11664771723882599616,200,1600,8,761,3.19,8.0,cached,float32,1,0.33245614035087717,167.68601362918827,0.1070864407614515,6.853532208732896,1.0713783921548097,1.0913237073645896,0,0.99,2,0.31269669998437166
q,761.0,26,29,14093149976909941395,200,1600,8,761,3.19,8.0,cached,float32,1,0.33245614035087717,167.68601362918827,0.1070864407614515,6.853532208732896,1.0713783921548097,1.0913237073645896,1,1.0,0,0.3259302000515163
q,761.0,26,30,10005882037933763177,200,1600,8,761,3.19,8.0,cached,float32,1,0.33245614035087717,167.68601362918827,0.1070864407614515,6.853532208732896,1.0713783921548097,1.0913237073645896,1,1.0,0,0.31749950000084937
q,761.0,26,31,6466411507217320691,200,1600,8,761,3.19,8.0,cached,float32,1,0.33245614035087717,167.68601362918827,0.1070864407614515,6.853532208732896,1.0713783921548097,1.0913237073645896,1,1.0,0,0.30975420004688203
q,761.0,26,32,17353758317375479618,200,1600,8,761,3.19,8.0,cached,float32,1,0.33245614035087717,167.68601362918827,0.1070864407614515,6.853532208732896,1.0713783921548097,1.0913237073645896,0,0.995,8,0.31701770005747676
q,761.0,26,33,11105753958872884266,200,1600,8,761,3.19,8.0,cached,float32,1,0.33245614035087717,167.68601362918827,0.1070864407614515,6.853532208732896,1.0713783921548097,1.0913237073645896,0,0.985,5,0.3286039000377059
q,761.0,26,34,1728878729173404882,200,1600,8,761,3.19,8.0,cached,float32,1,0.33245614035087717,167.68601362918827,0.1070864407614515,6.853532208732896,1.0713783921548097,1.0913237073645896,0,0.99,1,0.31042770005296916
q,761.0,26,35,5623892039370815258,200,1600,8,761,3.19,8.0,cached,float32,1,0.33245614035087717,167.68601362918827,0.1070864407614515,6.853532208732896,1.0713783921548097,1.0913237073645896,0,0.985,1,0.31375089997891337
q,761.0,26,36,11291278147468285766,200,1600,8,761,3.19,8.0,cached,float32,1,0.33245614035087717,167.68601362918827,0.1070864407614515,6.853532208732896,1.0713783921548097,1.0913237073645896,0,0.995,1,0.3160211000358686
q,761.0,26,37,3422806729483274787,200,1600,8,761,3.19,8.0,cached,float32,1,0.33245614035087717,167.68601362918827,0.1070864407614515,6.853532208732896,1.0713783921548097,1.0913237073645896,1,1.0,0,0.3134907999774441
q,761.0,26,38,3577178228932359030,200,1600,8,761,3.19,8.0,cached,float32,1,0.33245614035087717,167.68601362918827,0.1070864407614515,6.853532208732896,1.0713783921548097,1.0913237073645896,1,1.0,0,0.33105470007285476
q,761.0,26,39,3292936065284304054,200,1600,8,761,3.19,8.0,cached,float32,1,0.33245614035087717,167.68601362918827,0.1070864407614515,6.853532208732896,1.0713783921548097,1.0913237073645896,0,0.985,6,0.31450969993602484
q,761.0,26,40,1442075258719298594,200,1600,8,761,3.19,8.0,cached,float32,1,0.33245614035087717,167.68601362918827,0.1070864407614515,6.853532208732896,1.0713783921548097,1.0913237073645896,0,0.965,1,0.3127565999748185
q,761.0,26,41,15546255493960536034,200,1600,8,761,3.19,8.0,cached,float32,1,0.33245614035087717,167.68601362918827,0.1070864407614515,6.853532208732896,1.0713783921548097,1.0913237073645896,0,0.995,4,0.31418119999580085
q,761.0,26,42,2232669397066437841,200,1600,8,761,3.19,8.0,cached,float32,1,0.33245614035087717,167.68601362918827,0.1070864407614515,6.853532208732896,1.0713783921548097,1.0913237073645896,1,1.0,0,0.3130711999256164
q,761.0,26,43,17951128820045715649,200,1600,8,761,3.19,8.0,cached,float32,1,0.33245614035087717,167.68601362918827,0.1070864407614515,6.853532208732896,1.0713783921548097,1.0913237073645896,1,1.0,0,0.31696119997650385
q,761.0,26,44,5027040544960308867,200,1600,8,761,3.19,8.0,cached,float32,1,0.33245614035087717,167.68601362918827,0.1070864407614515,6.853532208732896,1.0713783921548097,1.0913237073645896,0,0.995,7,0.31245480000507087
q,761.0,26,45,17910432449643223486,200,1600,8,761,3.19,8.0,cached,float32,1,0.33245614035087717,167.68601362918827,0.1070864407614515,6.853532208732896,1.0713783921548097,1.0913237073645896,0,0.985,1,0.3161906999303028
q,761.0,26,46,17426000694333305409,200,1600,8,761,3.19,8.0,cached,float32,1,0.33245614035087717,167.68601362918827,0.1070864407614515,6.853532208732896,1.0713783921548097,1.0913237073645896,0,0.99,2,0.3155084999743849
q,761.0,26,47,8869447105650343068,200,1600,8,761,3.19,8.0,cached,float32,1,0.33245614035087717,167.68601362918827,0.1070864407614515,6.853532208732896,1.0713783921548097,1.0913237073645896,0,0.99,7,0.31127069995272905
q,761.0,26,48,17856647597530254891,200,1600,8,761,3.19,8.0,cached,float32,1,0.33245614035087717,167.68601362918827,0.1070864407614515,6.853532208732896,1.0713783921548097,1.0913237073645896,1,1.0,0,0.3123097999487072
q,761.0,26,49,4420888979768872542,200,1600,8,761,3.19,8.0,cached,float32,1,0.33245614035087717,167.68601362918827,0.1070864407614515,6.853532208732896,1.0713783921548097,1.0913237073645896,0,0.99,2,0.3124991999939084
q,761.0,26,50,15311801816011370994,200,1600,8,761,3.19,8.0,cached,float32,1,0.33245614035087717,167.68601362918827,0.1070864407614515,6.853532208732896,1.0713783921548097,1.0913237073645896,0,0.995,7,0.31456069997511804
q,761.0,26,51,18209344987651296763,200,1600,8,761,3.19,8.0,cached,float32,1,0.33245614035087717,167.68601362918827,0.1070864407614515,6.853532208732896,1.0713783921548097,1.0913237073645896,0,0.99,5,0.31661259999964386
q,761.0,26,52,12498094556120403441,200,1600,8,761,3.19,8.0,cached,float32,1,0.33245614035087717,167.68601362918827,0.1070864407614515,6.853532208732896,1.0713783921548097,1.0913237073645896,0,0.995,1,0.3144486000528559
q,761.0,26,53,12820426064028950044,200,1600,8,761,3.19,8.0,cached,float32,1,0.33245614035087717,167.68601362918827,0.1070864407614515,6.853532208732896,1.0713783921548097,1.0913237073645896,0,0.995,7,0.31513859995175153
q,761.0,26,54,14301138929786414281,200,1600,8,761,3.19,8.0,cached,float32,1,0.33245614035087717,167.68601362918827,0.1070864407614515,6.853532208732896,1.0713783921548097,1.0913237073645896,1,1.0,0,0.31376569997519255
q,761.0,26,55,15332131494452741290,200,1600,8,761,3.19,8.0,cached,float32,1,0.33245614035087717,167.68601362918827,0.1070864407614515,6.853532208732896,1.0713783921548097,1.0913237073645896,0,0.995,23,0.31317269999999553
q,761.0,26,56,3528809788489037505,200,1600,8,761,3.19,8.0,cached,float32,1,0.33245614035087717,167.68601362918827,0.1070864407614515,6.853532208732896,1.0713783921548097,1.0913237073645896,0,0.995,2,0.321491300011985
q,761.0,26,57,5193435914970742212,200,1600,8,761,3.19,8.0,cached,float32,1,0.33245614035087717,167.68601362918827,0.1070864407614515,6.853532208732896,1.0713783921548097,1.0913237073645896,0,0.995,16,0.3074672999791801
q,761.0,26,58,8082646158435289530,200,1600,8,761,3.19,8.0,cached,float32,1,0.33245614035087717,167.68601362918827,0.1070864407614515,6.853532208732896,1.0713783921548097,1.0913237073645896,0,0.99,1,0.3108475999906659
q,761.0,26,59,16779567382620358084,200,1600,8,761,3.19,8.0,cached,float32,1,0.33245614035087717,167.68601362918827,0.1070864407614515,6.853532208732896,1.0713783921548097,1.0913237073645896,0,0.995,1,0.3133132999064401
q,761.0,26,60,13300599708071455726,200,1600,8,761,3.19,8.0,cached,float32,1,0.33245614035087717,167.68601362918827,0.1070864407614515,6.853532208732896,1.0713783921548097,1.0913237073645896,1,1.0,0,0.3127167000202462
q,761.0,26,61,2416621941749838196,200,1600,8,761,3.19,8.0,cached,float32,1,0.33245614035087717,167.68601362918827,0.1070864407614515,6.853532208732896,1.0713783921548097,1.0913237073645896,0,0.99,15,0.31681019999086857
q,761.0,26,62,9003644258713320610,200,1600,8,761,3.19,8.0,cached,float32,1,0.33245614035087717,167.68601362918827,0.1070864407614515,6.853532208732896,1.0713783921548097,1.0913237073645896,0,0.985,6,0.31613829999696463
q,761.0,26,63,6657807168879940338,200,1600,8,761,3.19,8.0,cached,float32,1,0.33245614035087717,167.68601362918827,0.1070864407614515,6.853532208732896,1.0713783921548097,1.0913237073645896,1,1.0,0,0.31402769999112934
q,761.0,26,64,5500941876686073849,200,1600,8,761,3.19,8.0,cached,float32,1,0.33245614035087717,167.68601362918827,0.1070864407614515,6.853532208732896,1.0713783921548097,1.0913237073645896,1,1.0,0,0.31482640001922846
q,761.0,26,65,13974427820152597905,200,1600,8,761,3.19,8.0,cached,float32,1,0.33245614035087717,167.68601362918827,0.1070864407614515,6.853532208732896,1.0713783921548097,1.0913237073645896,0,0.97,3,0.3109058999689296
q,761.0,26,66,11663980111173550478,200,1600,8,761,3.19,8.0,cached,float32,1,0.33245614035087717,167.68601362918827,0.1070864407614515,6.853532208732896,1.0713783921548097,1.0913237073645896,0,0.965,5,0.3121877999510616
q,761.0,26,67,5066012240773716510,200,1600,8,761,3.19,8.0,cached,float32,1,0.33245614035087717,167.68601362918827,0.1070864407614515,6.853532208732896,1.0713783921548097,1.0913237073645896,1,1.0,0,0.3122430999064818
q,761.0,26,68,10923557679388256876,200,1600,8,761,3.19,8.0,cached,float32,1,0.33245614035087717,167.68601362918827,0.1070864407614515,6.853532208732896,1.0713783921548097,1.0913237073645896,0,0.995,4,0.3105624000309035
q,761.0,26,69,3381410609169372504,200,1600,8,761,3.19,8.0,cached,float32,1,0.33245614035087717,167.68601362918827,0.1070864407614515,6.853532208732896,1.0713783921548097,1.0913237073645896,0,0.99,7,0.30757369997445494
q,761.0,26,70,2097675777475009305,200,1600,8,761,3.19,8.0,cached,float32,1,0.33245614035087717,167.68601362918827,0.1070864407614515,6.853532208732896,1.0713783921548097,1.0913237073645896,0,0.99,5,0.31913319998420775
q,761.0,26,71,10146006878722639835,200,1600,8,761,3.19,8.0,cached,float32,1,0.33245614035087717,167.68601362918827,0.1070864407614515,6.853532208732896,1.0713783921548097,1.0913237073645896,1,1.0,0,0.3168486999347806
q,761.0,26,72,11838972851096111353,200,1600,8,761,3.19,8.0,cached,float32,1,0.33245614035087717,167.68601362918827,0.1070864407614515,6.853532208732896,1.0713783921548097,1.0913237073645896,1,1.0,0,0.3117219000123441
q,761.0,26,73,9556357698815584820,200,1600,8,761,3.19,8.0,cached,float32,1,0.33245614035087717,167.68601362918827,0.1070864407614515,6.853532208732896,1.0713783921548097,1.0913237073645896,1,1.0,0,0.313271600054577
q,761.0,26,74,16882074688334884461,200,1600,8,761,3.19,8.0,cached,float32,1,0.33245614035087717,167.68601362918827,0.1070864407614515,6.853532208732896,1.0713783921548097,1.0913237073645896,0,0.985,4,0.315649600001052
q,761.0,26,75,1670398667664473481,200,1600,8,761,3.19,8.0,cached,float32,1,0.33245614035087717,167.68601362918827,0.1070864407614515,6.853532208732896,1.0713783921548097,1.0913237073645896,0,0.995,4,0.31211309996433556
q,761.0,26,76,17823491744025850887,200,1600,8,761,3.19,8.0,cached,float32,1,0.33245614035087717,167.68601362918827,0.1070864407614515,6.853532208732896,1.0713783921548097,1.0913237073645896,1,1.0,0,0.3081051999470219
q,761.0,26,77,1647462308257929422,200,1600,8,761,3.19,8.0,cached,float32,1,0.33245614035087717,167.68601362918827,0.1070864407614515,6.853532208732896,1.0713783921548097,1.0913237073645896,1,1.0,0,0.31313919997774065
q,761.0,26,78,14772874837912565374,200,1600,8,761,3.19,8.0,cached,float32,1,0.33245614035087717,167.68601362918827,0.1070864407614515,6.853532208732896,1.0713783921548097,1.0913237073645896,1,1.0,0,0.31617330003064126
q,761.0,26,79,13211729093492954639,200,1600,8,761,3.19,8.0,cached,float32,1,0.33245614035087717,167.68601362918827,0.1070864407614515,6.853532208732896,1.0713783921548097,1.0913237073645896,0,0.995,2,0.3119197000050917
q,761.0,26,80,3915572817174616820,200,1600,8,761,3.19,8.0,cached,float32,1,0.33245614035087717,167.68601362918827,0.1070864407614515,6.853532208732896,1.0713783921548097,1.0913237073645896,1,1.0,0,0.3210943000158295
q,761.0,26,81,637148475037971002,200,1600,8,761,3.19,8.0,cached,float32,1,0.33245614035087717,167.68601362918827,0.1070864407614515,6.853532208732896,1.0713783921548097,1.0913237073645896,1,1.0,0,0.33259919995907694
q,761.0,26,82,14198536941686266677,200,1600,8,761,3.19,8.0,cached,float32,1,0.33245614035087717,167.68601362918827,0.1070864407614515,6.853532208732896,1.0713783921548097,1.0913237073645896,1,1.0,0,0.3227042000507936
q,761.0,26,83,2219256326215020963,200,1600,8,761,3.19,8.0,cached,float32,1,0.33245614035087717,167.68601362918827,0.1070864407614515,6.853532208732896,1.0713783921548097,1.0913237073645896,1,1.0,0,0.380117200082168
q,761.0,26,84,3576395226236033629,200,1600,8,761,3.19,8.0,cached,float32,1,0.33245614035087717,167.68601362918827,0.1070864407614515,6.853532208732896,1.0713783921548097,1.0913237073645896,1,1.0,0,0.3328674999065697
q,761.0,26,85,12267251736440025289,200,1600,8,761,3.19,8.0,cached,float32,1,0.33245614035087717,167.68601362918827,0.1070864407614515,6.853532208732896,1.0713783921548097,1.0913237073645896,1,1.0,0,0.32583129999693483
q,761.0,26,86,3514052718485667166,200,1600,8,761,3.19,8.0,cached,float32,1,0.33245614035087717,167.68601362918827,0.1070864407614515,6.853532208732896,1.0713783921548097,1.0913237073645896,0,0.995,4,0.3262981999432668
q,761.0,26,87,6446197007769687500,200,1600,8,761,3.19,8.0,cached,float32,1,0.33245614035087717,167.68601362918827,0.1070864407614515,6.853532208732896,1.0713783921548097,1.0913237073645896,1,1.0,0,0.32420040003489703
q,761.0,26,88,12257838748475684264,200,1600,8,761,3.19,8.0,cached,float32,1,0.33245614035087717,167.68601362918827,0.1070864407614515,6.853532208732896,1.0713783921548097,1.0913237073645896,1,1.0,0,0.31637739995494485
q,761.0,26,89,18233637162518860418,200,1600,8,761,3.19,8.0,cached,float32,1,0.33245614035087717,167.68601362918827,0.1070864407614515,6.853532208732896,1.0713783921548097,1.0913237073645896,0,0.995,3,0.3191273999400437
q,761.0,26,90,6201228720448834574,200,1600,8,761,3.19,8.0,cached,float32,1,0.33245614035087717,167.68601362918827,0.1070864407614515,6.853532208732896,1.0713783921548097,1.0913237073645896,1,1.0,0,0.31746489997021854
q,761.0,26,91,5522485090447962810,200,1600,8,761,3.19,8.0,cached,float32,1,0.33245614035087717,167.68601362918827,0.1070864407614515,6.853532208732896,1.0713783921548097,1.0913237073645896,0,0.995,32,0.3097905000904575
q,761.0,26,92,13201369988514645736,200,1600,8,761,3.19,8.0,cached,float32,1,0.33245614035087717,167.68601362918827,0.1070864407614515,6.853532208732896,1.0713783921548097,1.0913237073645896,0,0.99,1,0.3155568999936804
q,761.0,26,93,8644970856123071612,200,1600,8,761,3.19,8.0,cached,float32,1,0.33245614035087717,167.68601362918827,0.1070864407614515,6.853532208732896,1.0713783921548097,1.0913237073645896,1,1.0,0,0.3161913000512868
q,761.0,26,94,12359138198000080649,200,1600,8,761,3.19,8.0,cached,float32,1,0.33245614035087717,167.68601362918827,0.1070864407614515,6.853532208732896,1.0713783921548097,1.0913237073645896,1,1.0,0,0.31862659996841103
q,761.0,26,95,15506588225421319046,200,1600,8,761,3.19,8.0,cached,float32,1,0.33245614035087717,167.68601362918827,0.1070864407614515,6.853532208732896,1.0713783921548097,1.0913237073645896,1,1.0,0,0.3153814000543207
q,761.0,26,96,16996712314417685857,200,1600,8,761,3.19,8.0,cached,float32,1,0.33245614035087717,167.68601362918827,0.1070864407614515,6.853532208732896,1.0713783921548097,1.0913237073645896,0,0.95,3,0.3197552999481559
q,761.0,26,97,16466658183233233759,200,1600,8,761,3.19,8.0,cached,float32,1,0.33245614035087717,167.68601362918827,0.1070864407614515,6.853532208732896,1.0713783921548097,1.0913237073645896,1,1.0,0,0.31727140001021326
q,761.0,26,98,14218768396159179961,200,1600,8,761,3.19,8.0,cached,float32,1,0.33245614035087717,167.68601362918827,0.1070864407614515,6.853532208732896,1.0713783921548097,1.0913237073645896,0,0.995,27,0.3212839999468997
q,761.0,26,99,6349471151399273024,200,1600,8,761,3.19,8.0,cached,float32,1,0.33245614035087717,167.68601362918827,0.1070864407614515,6.853532208732896,1.0713783921548097,1.0913237073645896,0,0.98,3,0.3160227000480518
q,1021.0,27,0,3484221379682568519,200,1600,8,1021,3.19,8.0,cached,float32,1,0.3326797385620915,225.31855442234064,0.14435090787621438,9.23845810407772,1.4442019221744218,1.4641806901698369,1,1.0,0,0.3295688000507653
q,1021.0,27,1,7232636800164039718,200,1600,8,1021,3.19,8.0,cached,float32,1,0.3326797385620915,225.31855442234064,0.14435090787621438,9.23845810407772,1.4442019221744218,1.4641806901698369,0,0.995,6,0.3287704000249505
q,1021.0,27,2,12834903189462091815,200,1600,8,1021,3.19,8.0,cached,float32,1,0.3326797385620915,225.31855442234064,0.14435090787621438,9.23845810407772,1.4442019221744218,1.4641806901698369,0,0.995,2,0.3507850000169128
q,1021.0,27,3,15322079571882459722,200,1600,8,1021,3.19,8.0,cached,float32,1,0.3326797385620915,225.31855442234064,0.14435090787621438,9.23845810407772,1.4442019221744218,1.4641806901698369,0,0.985,1,0.32535449997521937
q,1021.0,27,4,12291799050781926448,200,1600,8,1021,3.19,8.0,cached,float32,1,0.3326797385620915,225.31855442234064,0.14435090787621438,9.23845810407772,1.4442019221744218,1.4641806901698369,1,1.0,0,0.32681949995458126
q,1021.0,27,5,4822100004652613592,200,1600,8,1021,3.19,8.0,cached,float32,1,0.3326797385620915,225.31855442234064,0.14435090787621438,9.23845810407772,1.4442019221744218,1.4641806901698369,1,1.0,0,0.3288404999766499
q,1021.0,27,6,4195645481785211953,200,1600,8,1021,3.19,8.0,cached,float32,1,0.3326797385620915,225.31855442234064,0.14435090787621438,9.23845810407772,1.4442019221744218,1.4641806901698369,0,0.99,11,0.328335199970752
q,1021.0,27,7,12986320835694518143,200,1600,8,1021,3.19,8.0,cached,float32,1,0.3326797385620915,225.31855442234064,0.14435090787621438,9.23845810407772,1.4442019221744218,1.4641806901698369,0,0.995,18,0.33126470004208386
q,1021.0,27,8,3491801941018665112,200,1600,8,1021,3.19,8.0,cached,float32,1,0.3326797385620915,225.31855442234064,0.14435090787621438,9.23845810407772,1.4442019221744218,1.4641806901698369,0,0.995,6,0.3279351000674069
q,1021.0,27,9,1053253791637872632,200,1600,8,1021,3.19,8.0,cached,float32,1,0.3326797385620915,225.31855442234064,0.14435090787621438,9.23845810407772,1.4442019221744218,1.4641806901698369,1,1.0,0,0.3313284999458119
q,1021.0,27,10,3568165159213853315,200,1600,8,1021,3.19,8.0,cached,float32,1,0.3326797385620915,225.31855442234064,0.14435090787621438,9.23845810407772,1.4442019221744218,1.4641806901698369,1,1.0,0,0.33374769997317344
q,1021.0,27,11,425636905344327838,200,1600,8,1021,3.19,8.0,cached,float32,1,0.3326797385620915,225.31855442234064,0.14435090787621438,9.23845810407772,1.4442019221744218,1.4641806901698369,0,0.995,12,0.33127590001095086
q,1021.0,27,12,16230800964945379887,200,1600,8,1021,3.19,8.0,cached,float32,1,0.3326797385620915,225.31855442234064,0.14435090787621438,9.23845810407772,1.4442019221744218,1.4641806901698369,1,1.0,0,0.3268366999691352
q,1021.0,27,13,2728728538023125874,200,1600,8,1021,3.19,8.0,cached,float32,1,0.3326797385620915,225.31855442234064,0.14435090787621438,9.23845810407772,1.4442019221744218,1.4641806901698369,1,1.0,0,0.33032129995990545
q,1021.0,27,14,12265423227302938784,200,1600,8,1021,3.19,8.0,cached,float32,1,0.3326797385620915,225.31855442234064,0.14435090787621438,9.23845810407772,1.4442019221744218,1.4641806901698369,1,1.0,0,0.33031740004662424
q,1021.0,27,15,8333169055165942424,200,1600,8,1021,3.19,8.0,cached,float32,1,0.3326797385620915,225.31855442234064,0.14435090787621438,9.23845810407772,1.4442019221744218,1.4641806901698369,1,1.0,0,0.32762120000552386
q,1021.0,27,16,11033291861910332865,200,1600,8,1021,3.19,8.0,cached,float32,1,0.3326797385620915,225.31855442234064,0.14435090787621438,9.23845810407772,1.4442019221744218,1.4641806901698369,0,0.995,2,0.3327143000205979
q,1021.0,27,17,12743614200287392809,200,1600,8,1021,3.19,8.0,cached,float32,1,0.3326797385620915,225.31855442234064,0.14435090787621438,9.23845810407772,1.4442019221744218,1.4641806901698369,1,1.0,0,0.3318260000087321
q,1021.0,27,18,12043076844884650546,200,1600,8,1021,3.19,8.0,cached,float32,1,0.3326797385620915,225.31855442234064,0.14435090787621438,9.23845810407772,1.4442019221744218,1.4641806901698369,1,1.0,0,0.33048839995171875
q,1021.0,27,19,16582157923216531960,200,1600,8,1021,3.19,8.0,cached,float32,1,0.3326797385620915,225.31855442234064,0.14435090787621438,9.23845810407772,1.4442019221744218,1.4641806901698369,0,0.995,26,0.32486779999453574
q,1021.0,27,20,15479550624282476238,200,1600,8,1021,3.19,8.0,cached,float32,1,0.3326797385620915,225.31855442234064,0.14435090787621438,9.23845810407772,1.4442019221744218,1.4641806901698369,1,1.0,0,0.32909980008844286
q,1021.0,27,21,1275589890213531420,200,1600,8,1021,3.19,8.0,cached,float32,1,0.3326797385620915,225.31855442234064,0.14435090787621438,9.23845810407772,1.4442019221744218,1.4641806901698369,1,1.0,0,0.3354764000978321
q,1021.0,27,22,8738115202440821477,200,1600,8,1021,3.19,8.0,cached,float32,1,0.3326797385620915,225.31855442234064,0.14435090787621438,9.23845810407772,1.4442019221744218,1.4641806901698369,1,1.0,0,0.33423839998431504
q,1021.0,27,23,6155107481172114331,200,1600,8,1021,3.19,8.0,cached,float32,1,0.3326797385620915,225.31855442234064,0.14435090787621438,9.23845810407772,1.4442019221744218,1.4641806901698369,1,1.0,0,0.3308017000090331
q,1021.0,27,24,8191206151765648422,200,1600,8,1021,3.19,8.0,cached,float32,1,0.3326797385620915,225.31855442234064,0.14435090787621438,9.23845810407772,1.4442019221744218,1.4641806901698369,1,1.0,0,0.3430237000575289
q,1021.0,27,25,12346791235991641538,200,1600,8,1021,3.19,8.0,cached,float32,1,0.3326797385620915,225.31855442234064,0.14435090787621438,9.23845810407772,1.4442019221744218,1.4641806901698369,0,0.99,6,0.3333910000510514
q,1021.0,27,26,9092268385661830781,200,1600,8,1021,3.19,8.0,cached,float32,1,0.3326797385620915,225.31855442234064,0.14435090787621438,9.23845810407772,1.4442019221744218,1.4641806901698369,1,1.0,0,0.3279979000799358
q,1021.0,27,27,4415164513570616120,200,1600,8,1021,3.19,8.0,cached,float32,1,0.3326797385620915,225.31855442234064,0.14435090787621438,9.23845810407772,1.4442019221744218,1.4641806901698369,1,1.0,0,0.33112240000627935
q,1021.0,27,28,10103153624716202206,200,1600,8,1021,3.19,8.0,cached,float32,1,0.3326797385620915,225.31855442234064,0.14435090787621438,9.23845810407772,1.4442019221744218,1.4641806901698369,0,0.995,7,0.32688920001965016
q,1021.0,27,29,17767699666993753288,200,1600,8,1021,3.19,8.0,cached,float32,1,0.3326797385620915,225.31855442234064,0.14435090787621438,9.23845810407772,1.4442019221744218,1.4641806901698369,1,1.0,0,0.32288690004497766
q,1021.0,27,30,3568651956144934051,200,1600,8,1021,3.19,8.0,cached,float32,1,0.3326797385620915,225.31855442234064,0.14435090787621438,9.23845810407772,1.4442019221744218,1.4641806901698369,1,1.0,0,0.3299424999859184
q,1021.0,27,31,11801552624497291434,200,1600,8,1021,3.19,8.0,cached,float32,1,0.3326797385620915,225.31855442234064,0.14435090787621438,9.23845810407772,1.4442019221744218,1.4641806901698369,0,0.995,3,0.3256700999336317
q,1021.0,27,32,14962838190791935251,200,1600,8,1021,3.19,8.0,cached,float32,1,0.3326797385620915,225.31855442234064,0.14435090787621438,9.23845810407772,1.4442019221744218,1.4641806901698369,1,1.0,0,0.3310652000363916
q,1021.0,27,33,14689442201601184039,200,1600,8,1021,3.19,8.0,cached,float32,1,0.3326797385620915,225.31855442234064,0.14435090787621438,9.23845810407772,1.4442019221744218,1.4641806901698369,0,0.99,2,0.3302466000895947
q,1021.0,27,34,5555675081642735009,200,1600,8,1021,3.19,8.0,cached,float32,1,0.3326797385620915,225.31855442234064,0.14435090787621438,9.23845810407772,1.4442019221744218,1.4641806901698369,1,1.0,0,0.32886649994179606
q,1021.0,27,35,7637972778811941463,200,1600,8,1021,3.19,8.0,cached,float32,1,0.3326797385620915,225.31855442234064,0.14435090787621438,9.23845810407772,1.4442019221744218,1.4641806901698369,0,0.995,3,0.3353289000224322
q,1021.0,27,36,16062244657386387650,200,1600,8,1021,3.19,8.0,cached,float32,1,0.3326797385620915,225.31855442234064,0.14435090787621438,9.23845810407772,1.4442019221744218,1.4641806901698369,0,0.99,6,0.32779119990300387
q,1021.0,27,37,7882498259169979351,200,1600,8,1021,3.19,8.0,cached,float32,1,0.3326797385620915,225.31855442234064,0.14435090787621438,9.23845810407772,1.4442019221744218,1.4641806901698369,1,1.0,0,0.34377220005262643
q,1021.0,27,38,15282220514891352462,200,1600,8,1021,3.19,8.0,cached,float32,1,0.3326797385620915,225.31855442234064,0.14435090787621438,9.23845810407772,1.4442019221744218,1.4641806901698369,1,1.0,0,0.3303929000394419
q,1021.0,27,39,15750200039397891369,200,1600,8,1021,3.19,8.0,cached,float32,1,0.3326797385620915,225.31855442234064,0.14435090787621438,9.23845810407772,1.4442019221744218,1.4641806901698369,0,0.995,1,0.32515629997942597
q,1021.0,27,40,13719693437359427229,200,1600,8,1021,3.19,8.0,cached,float32,1,0.3326797385620915,225.31855442234064,0.14435090787621438,9.23845810407772,1.4442019221744218,1.4641806901698369,0,0.995,1,0.33310459996573627
q,1021.0,27,41,14144655927469182394,200,1600,8,1021,3.19,8.0,cached,float32,1,0.3326797385620915,225.31855442234064,0.14435090787621438,9.23845810407772,1.4442019221744218,1.4641806901698369,1,1.0,0,0.3301974000642076
q,1021.0,27,42,9780085942427207748,200,1600,8,1021,3.19,8.0,cached,float32,1,0.3326797385620915,225.31855442234064,0.14435090787621438,9.23845810407772,1.4442019221744218,1.4641806901698369,1,1.0,0,0.32406749995425344
q,1021.0,27,43,14923323919874728070,200,1600,8,1021,3.19,8.0,cached,float32,1,0.3326797385620915,225.31855442234064,0.14435090787621438,9.23845810407772,1.4442019221744218,1.4641806901698369,1,1.0,0,0.32884349999949336
q,1021.0,27,44,6606867136313391850,200,1600,8,1021,3.19,8.0,cached,float32,1,0.3326797385620915,225.31855442234064,0.14435090787621438,9.23845810407772,1.4442019221744218,1.4641806901698369,1,1.0,0,0.33710260002408177
q,1021.0,27,45,6080331508150439918,200,1600,8,1021,3.19,8.0,cached,float32,1,0.3326797385620915,225.31855442234064,0.14435090787621438,9.23845810407772,1.4442019221744218,1.4641806901698369,1,1.0,0,0.3490902999183163
q,1021.0,27,46,16917506810478127464,200,1600,8,1021,3.19,8.0,cached,float32,1,0.3326797385620915,225.31855442234064,0.14435090787621438,9.23845810407772,1.4442019221744218,1.4641806901698369,1,1.0,0,0.3279001999180764
q,1021.0,27,47,5855615788669044420,200,1600,8,1021,3.19,8.0,cached,float32,1,0.3326797385620915,225.31855442234064,0.14435090787621438,9.23845810407772,1.4442019221744218,1.4641806901698369,1,1.0,0,0.33010299992747605
q,1021.0,27,48,6031901630282090234,200,1600,8,1021,3.19,8.0,cached,float32,1,0.3326797385620915,225.31855442234064,0.14435090787621438,9.23845810407772,1.4442019221744218,1.4641806901698369,0,0.995,5,0.3301006000256166
q,1021.0,27,49,5553113016005564155,200,1600,8,1021,3.19,8.0,cached,float32,1,0.3326797385620915,225.31855442234064,0.14435090787621438,9.23845810407772,1.4442019221744218,1.4641806901698369,1,1.0,0,0.3277881999965757
q,1021.0,27,50,5904386958624999279,200,1600,8,1021,3.19,8.0,cached,float32,1,0.3326797385620915,225.31855442234064,0.14435090787621438,9.23845810407772,1.4442019221744218,1.4641806901698369,0,0.995,11,0.3290862001013011
q,1021.0,27,51,16971816995530594107,200,1600,8,1021,3.19,8.0,cached,float32,1,0.3326797385620915,225.31855442234064,0.14435090787621438,9.23845810407772,1.4442019221744218,1.4641806901698369,1,1.0,0,0.3322215999942273
q,1021.0,27,52,3212277656676454062,200,1600,8,1021,3.19,8.0,cached,float32,1,0.3326797385620915,225.31855442234064,0.14435090787621438,9.23845810407772,1.4442019221744218,1.4641806901698369,1,1.0,0,0.32771410001441836
q,1021.0,27,53,4286866823276423988,200,1600,8,1021,3.19,8.0,cached,float32,1,0.3326797385620915,225.31855442234064,0.14435090787621438,9.23845810407772,1.4442019221744218,1.4641806901698369,1,1.0,0,0.3282051000278443
q,1021.0,27,54,12148143932312454017,200,1600,8,1021,3.19,8.0,cached,float32,1,0.3326797385620915,225.31855442234064,0.14435090787621438,9.23845810407772,1.4442019221744218,1.4641806901698369,0,0.995,3,0.33010070002637804
q,1021.0,27,55,9841932948982495438,200,1600,8,1021,3.19,8.0,cached,float32,1,0.3326797385620915,225.31855442234064,0.14435090787621438,9.23845810407772,1.4442019221744218,1.4641806901698369,1,1.0,0,0.3301348000532016
q,1021.0,27,56,16723281109648051081,200,1600,8,1021,3.19,8.0,cached,float32,1,0.3326797385620915,225.31855442234064,0.14435090787621438,9.23845810407772,1.4442019221744218,1.4641806901698369,1,1.0,0,0.33399919990915805
q,1021.0,27,57,3845825188909769297,200,1600,8,1021,3.19,8.0,cached,float32,1,0.3326797385620915,225.31855442234064,0.14435090787621438,9.23845810407772,1.4442019221744218,1.4641806901698369,0,0.99,1,0.3265968000050634
q,1021.0,27,58,2468234683847775257,200,1600,8,1021,3.19,8.0,cached,float32,1,0.3326797385620915,225.31855442234064,0.14435090787621438,9.23845810407772,1.4442019221744218,1.4641806901698369,1,1.0,0,0.3329102999996394
q,1021.0,27,59,6724308767193193757,200,1600,8,1021,3.19,8.0,cached,float32,1,0.3326797385620915,225.31855442234064,0.14435090787621438,9.23845810407772,1.4442019221744218,1.4641806901698369,1,1.0,0,0.32820439990609884
q,1021.0,27,60,10411780693244567107,200,1600,8,1021,3.19,8.0,cached,float32,1,0.3326797385620915,225.31855442234064,0.14435090787621438,9.23845810407772,1.4442019221744218,1.4641806901698369,1,1.0,0,0.3292262000031769
q,1021.0,27,61,17190015299813494510,200,1600,8,1021,3.19,8.0,cached,float32,1,0.3326797385620915,225.31855442234064,0.14435090787621438,9.23845810407772,1.4442019221744218,1.4641806901698369,1,1.0,0,0.32975419994909316
q,1021.0,27,62,15297006200302985856,200,1600,8,1021,3.19,8.0,cached,float32,1,0.3326797385620915,225.31855442234064,0.14435090787621438,9.23845810407772,1.4442019221744218,1.4641806901698369,0,0.99,2,0.3362096999771893
q,1021.0,27,63,14702889172019253828,200,1600,8,1021,3.19,8.0,cached,float32,1,0.3326797385620915,225.31855442234064,0.14435090787621438,9.23845810407772,1.4442019221744218,1.4641806901698369,1,1.0,0,0.3233989999862388
q,1021.0,27,64,4161787533818364152,200,1600,8,1021,3.19,8.0,cached,float32,1,0.3326797385620915,225.31855442234064,0.14435090787621438,9.23845810407772,1.4442019221744218,1.4641806901698369,1,1.0,0,0.32693270000163466
q,1021.0,27,65,18032876078657530008,200,1600,8,1021,3.19,8.0,cached,float32,1,0.3326797385620915,225.31855442234064,0.14435090787621438,9.23845810407772,1.4442019221744218,1.4641806901698369,1,1.0,0,0.325837199925445
q,1021.0,27,66,15580335806946321584,200,1600,8,1021,3.19,8.0,cached,float32,1,0.3326797385620915,225.31855442234064,0.14435090787621438,9.23845810407772,1.4442019221744218,1.4641806901698369,0,0.995,2,0.32790740008931607
q,1021.0,27,67,4106599828751801858,200,1600,8,1021,3.19,8.0,cached,float32,1,0.3326797385620915,225.31855442234064,0.14435090787621438,9.23845810407772,1.4442019221744218,1.4641806901698369,1,1.0,0,0.34682239999528974
q,1021.0,27,68,14916651245407034425,200,1600,8,1021,3.19,8.0,cached,float32,1,0.3326797385620915,225.31855442234064,0.14435090787621438,9.23845810407772,1.4442019221744218,1.4641806901698369,1,1.0,0,0.33174339996185154
q,1021.0,27,69,8643536825085435076,200,1600,8,1021,3.19,8.0,cached,float32,1,0.3326797385620915,225.31855442234064,0.14435090787621438,9.23845810407772,1.4442019221744218,1.4641806901698369,1,1.0,0,0.32669060002081096
q,1021.0,27,70,4820737229004181805,200,1600,8,1021,3.19,8.0,cached,float32,1,0.3326797385620915,225.31855442234064,0.14435090787621438,9.23845810407772,1.4442019221744218,1.4641806901698369,1,1.0,0,0.33030829997733235
q,1021.0,27,71,215784484393836515,200,1600,8,1021,3.19,8.0,cached,float32,1,0.3326797385620915,225.31855442234064,0.14435090787621438,9.23845810407772,1.4442019221744218,1.4641806901698369,0,0.995,8,0.3323126999894157
q,1021.0,27,72,2147785037770220573,200,1600,8,1021,3.19,8.0,cached,float32,1,0.3326797385620915,225.31855442234064,0.14435090787621438,9.23845810407772,1.4442019221744218,1.4641806901698369,0,0.995,8,0.3267745999619365
q,1021.0,27,73,17382191533774534632,200,1600,8,1021,3.19,8.0,cached,float32,1,0.3326797385620915,225.31855442234064,0.14435090787621438,9.23845810407772,1.4442019221744218,1.4641806901698369,1,1.0,0,0.32639130007009953
q,1021.0,27,74,6238394960836096972,200,1600,8,1021,3.19,8.0,cached,float32,1,0.3326797385620915,225.31855442234064,0.14435090787621438,9.23845810407772,1.4442019221744218,1.4641806901698369,1,1.0,0,0.3319092000601813
q,1021.0,27,75,515677057126330907,200,1600,8,1021,3.19,8.0,cached,float32,1,0.3326797385620915,225.31855442234064,0.14435090787621438,9.23845810407772,1.4442019221744218,1.4641806901698369,1,1.0,0,0.3250347999855876
q,1021.0,27,76,6574541940913575132,200,1600,8,1021,3.19,8.0,cached,float32,1,0.3326797385620915,225.31855442234064,0.14435090787621438,9.23845810407772,1.4442019221744218,1.4641806901698369,0,0.995,4,0.32744719996117055
q,1021.0,27,77,12894735774172410376,200,1600,8,1021,3.19,8.0,cached,float32,1,0.3326797385620915,225.31855442234064,0.14435090787621438,9.23845810407772,1.4442019221744218,1.4641806901698369,1,1.0,0,0.3253300000214949
q,1021.0,27,78,11501986911389788321,200,1600,8,1021,3.19,8.0,cached,float32,1,0.3326797385620915,225.31855442234064,0.14435090787621438,9.23845810407772,1.4442019221744218,1.4641806901698369,1,1.0,0,0.3283587000332773
q,1021.0,27,79,8108044363234411144,200,1600,8,1021,3.19,8.0,cached,float32,1,0.3326797385620915,225.31855442234064,0.14435090787621438,9.23845810407772,1.4442019221744218,1.4641806901698369,0,0.99,4,0.34521449997555465
q,1021.0,27,80,628828042421462778,200,1600,8,1021,3.19,8.0,cached,float32,1,0.3326797385620915,225.31855442234064,0.14435090787621438,9.23845810407772,1.4442019221744218,1.4641806901698369,1,1.0,0,0.3369097000686452
q,1021.0,27,81,17584918042076066144,200,1600,8,1021,3.19,8.0,cached,float32,1,0.3326797385620915,225.31855442234064,0.14435090787621438,9.23845810407772,1.4442019221744218,1.4641806901698369,1,1.0,0,0.33314660005271435
q,1021.0,27,82,10464405296902804970,200,1600,8,1021,3.19,8.0,cached,float32,1,0.3326797385620915,225.31855442234064,0.14435090787621438,9.23845810407772,1.4442019221744218,1.4641806901698369,1,1.0,0,0.3379276000196114
q,1021.0,27,83,4603925761776922523,200,1600,8,1021,3.19,8.0,cached,float32,1,0.3326797385620915,225.31855442234064,0.14435090787621438,9.23845810407772,1.4442019221744218,1.4641806901698369,0,0.99,8,0.32784290006384254
q,1021.0,27,84,483031348985184770,200,1600,8,1021,3.19,8.0,cached,float32,1,0.3326797385620915,225.31855442234064,0.14435090787621438,9.23845810407772,1.4442019221744218,1.4641806901698369,1,1.0,0,0.3251733999932185
q,1021.0,27,85,14555946783765113050,200,1600,8,1021,3.19,8.0,cached,float32,1,0.3326797385620915,225.31855442234064,0.14435090787621438,9.23845810407772,1.4442019221744218,1.4641806901698369,1,1.0,0,0.33061949990224093
q,1021.0,27,86,10232087711643739507,200,1600,8,1021,3.19,8.0,cached,float32,1,0.3326797385620915,225.31855442234064,0.14435090787621438,9.23845810407772,1.4442019221744218,1.4641806901698369,1,1.0,0,0.3276444000657648
q,1021.0,27,87,10016176580473100418,200,1600,8,1021,3.19,8.0,cached,float32,1,0.3326797385620915,225.31855442234064,0.14435090787621438,9.23845810407772,1.4442019221744218,1.4641806901698369,0,0.99,2,0.32412609993480146
q,1021.0,27,88,16956689879114802872,200,1600,8,1021,3.19,8.0,cached,float32,1,0.3326797385620915,225.31855442234064,0.14435090787621438,9.23845810407772,1.4442019221744218,1.4641806901698369,1,1.0,0,0.3230637999949977
q,1021.0,27,89,6852910451976034431,200,1600,8,1021,3.19,8.0,cached,float32,1,0.3326797385620915,225.31855442234064,0.14435090787621438,9.23845810407772,1.4442019221744218,1.4641806901698369,1,1.0,0,0.35160809999797493
q,1021.0,27,90,13071937384125957593,200,1600,8,1021,3.19,8.0,cached,float32,1,0.3326797385620915,225.31855442234064,0.14435090787621438,9.23845810407772,1.4442019221744218,1.4641806901698369,1,1.0,0,0.3278739000670612
q,1021.0,27,91,8373658673535046562,200,1600,8,1021,3.19,8.0,cached,float32,1,0.3326797385620915,225.31855442234064,0.14435090787621438,9.23845810407772,1.4442019221744218,1.4641806901698369,0,0.985,1,0.3259113000240177
q,1021.0,27,92,12721486066979601271,200,1600,8,1021,3.19,8.0,cached,float32,1,0.3326797385620915,225.31855442234064,0.14435090787621438,9.23845810407772,1.4442019221744218,1.4641806901698369,1,1.0,0,0.33052660000976175
q,1021.0,27,93,5658891246266283930,200,1600,8,1021,3.19,8.0,cached,float32,1,0.3326797385620915,225.31855442234064,0.14435090787621438,9.23845810407772,1.4442019221744218,1.4641806901698369,1,1.0,0,0.32620479993056506
q,1021.0,27,94,15747557884570368068,200,1600,8,1021,3.19,8.0,cached,float32,1,0.3326797385620915,225.31855442234064,0.14435090787621438,9.23845810407772,1.4442019221744218,1.4641806901698369,1,1.0,0,0.33212740009184927
q,1021.0,27,95,4305243515439722033,200,1600,8,1021,3.19,8.0,cached,float32,1,0.3326797385620915,225.31855442234064,0.14435090787621438,9.23845810407772,1.4442019221744218,1.4641806901698369,0,0.995,3,0.3308673999272287
q,1021.0,27,96,3488507295398165771,200,1600,8,1021,3.19,8.0,cached,float32,1,0.3326797385620915,225.31855442234064,0.14435090787621438,9.23845810407772,1.4442019221744218,1.4641806901698369,0,0.99,3,0.3241115000564605
q,1021.0,27,97,278343113030024862,200,1600,8,1021,3.19,8.0,cached,float32,1,0.3326797385620915,225.31855442234064,0.14435090787621438,9.23845810407772,1.4442019221744218,1.4641806901698369,1,1.0,0,0.3280841999221593
q,1021.0,27,98,6579327096558026720,200,1600,8,1021,3.19,8.0,cached,float32,1,0.3326797385620915,225.31855442234064,0.14435090787621438,9.23845810407772,1.4442019221744218,1.4641806901698369,0,0.995,12,0.3379499000729993
q,1021.0,27,99,11926174075105915009,200,1600,8,1021,3.19,8.0,cached,float32,1,0.3326797385620915,225.31855442234064,0.14435090787621438,9.23845810407772,1.4442019221744218,1.4641806901698369,0,0.995,2,0.32600070000626147
q,1429.0,28,0,11101153465484139649,200,1600,8,1429,3.19,8.0,cached,float32,1,0.33286647992530344,315.7573107439028,0.20282990592559533,12.981113979238101,2.0292725852711415,2.0492793401103793,1,1.0,0,0.37749270000495017
q,1429.0,28,1,7313086902430701258,200,1600,8,1429,3.19,8.0,cached,float32,1,0.33286647992530344,315.7573107439028,0.20282990592559533,12.981113979238101,2.0292725852711415,2.0492793401103793,0,0.995,1,0.3445926000131294
q,1429.0,28,2,2316929800904001600,200,1600,8,1429,3.19,8.0,cached,float32,1,0.33286647992530344,315.7573107439028,0.20282990592559533,12.981113979238101,2.0292725852711415,2.0492793401103793,1,1.0,0,0.34907819994259626
q,1429.0,28,3,15421427425481780021,200,1600,8,1429,3.19,8.0,cached,float32,1,0.33286647992530344,315.7573107439028,0.20282990592559533,12.981113979238101,2.0292725852711415,2.0492793401103793,1,1.0,0,0.3462352999486029
q,1429.0,28,4,6114635339556602259,200,1600,8,1429,3.19,8.0,cached,float32,1,0.33286647992530344,315.7573107439028,0.20282990592559533,12.981113979238101,2.0292725852711415,2.0492793401103793,1,1.0,0,0.35020490002352744
q,1429.0,28,5,10491821399116673958,200,1600,8,1429,3.19,8.0,cached,float32,1,0.33286647992530344,315.7573107439028,0.20282990592559533,12.981113979238101,2.0292725852711415,2.0492793401103793,1,1.0,0,0.34422900003846735
q,1429.0,28,6,18099050190421079731,200,1600,8,1429,3.19,8.0,cached,float32,1,0.33286647992530344,315.7573107439028,0.20282990592559533,12.981113979238101,2.0292725852711415,2.0492793401103793,1,1.0,0,0.3505971999838948
q,1429.0,28,7,224873392959023322,200,1600,8,1429,3.19,8.0,cached,float32,1,0.33286647992530344,315.7573107439028,0.20282990592559533,12.981113979238101,2.0292725852711415,2.0492793401103793,1,1.0,0,0.3397746999980882
q,1429.0,28,8,887029075308882353,200,1600,8,1429,3.19,8.0,cached,float32,1,0.33286647992530344,315.7573107439028,0.20282990592559533,12.981113979238101,2.0292725852711415,2.0492793401103793,1,1.0,0,0.3447249000892043
q,1429.0,28,9,14434226233810986893,200,1600,8,1429,3.19,8.0,cached,float32,1,0.33286647992530344,315.7573107439028,0.20282990592559533,12.981113979238101,2.0292725852711415,2.0492793401103793,1,1.0,0,0.3535163999767974
q,1429.0,28,10,1640943823657123888,200,1600,8,1429,3.19,8.0,cached,float32,1,0.33286647992530344,315.7573107439028,0.20282990592559533,12.981113979238101,2.0292725852711415,2.0492793401103793,1,1.0,0,0.3434497000416741
q,1429.0,28,11,13517267748661402303,200,1600,8,1429,3.19,8.0,cached,float32,1,0.33286647992530344,315.7573107439028,0.20282990592559533,12.981113979238101,2.0292725852711415,2.0492793401103793,1,1.0,0,0.3419162000063807
q,1429.0,28,12,13585071638728651532,200,1600,8,1429,3.19,8.0,cached,float32,1,0.33286647992530344,315.7573107439028,0.20282990592559533,12.981113979238101,2.0292725852711415,2.0492793401103793,1,1.0,0,0.3429769999347627
q,1429.0,28,13,15038197104754586252,200,1600,8,1429,3.19,8.0,cached,float32,1,0.33286647992530344,315.7573107439028,0.20282990592559533,12.981113979238101,2.0292725852711415,2.0492793401103793,1,1.0,0,0.34227429993916303
q,1429.0,28,14,9203447988901718375,200,1600,8,1429,3.19,8.0,cached,float32,1,0.33286647992530344,315.7573107439028,0.20282990592559533,12.981113979238101,2.0292725852711415,2.0492793401103793,1,1.0,0,0.347506899968721
q,1429.0,28,15,11635242059633013670,200,1600,8,1429,3.19,8.0,cached,float32,1,0.33286647992530344,315.7573107439028,0.20282990592559533,12.981113979238101,2.0292725852711415,2.0492793401103793,1,1.0,0,0.35735860001295805
q,1429.0,28,16,10324539658819851510,200,1600,8,1429,3.19,8.0,cached,float32,1,0.33286647992530344,315.7573107439028,0.20282990592559533,12.981113979238101,2.0292725852711415,2.0492793401103793,1,1.0,0,0.3450747999595478
q,1429.0,28,17,10885542013403177387,200,1600,8,1429,3.19,8.0,cached,float32,1,0.33286647992530344,315.7573107439028,0.20282990592559533,12.981113979238101,2.0292725852711415,2.0492793401103793,1,1.0,0,0.34582189994398504
q,1429.0,28,18,13902574390588199941,200,1600,8,1429,3.19,8.0,cached,float32,1,0.33286647992530344,315.7573107439028,0.20282990592559533,12.981113979238101,2.0292725852711415,2.0492793401103793,1,1.0,0,0.3447775000240654
q,1429.0,28,19,15778027169605578654,200,1600,8,1429,3.19,8.0,cached,float32,1,0.33286647992530344,315.7573107439028,0.20282990592559533,12.981113979238101,2.0292725852711415,2.0492793401103793,1,1.0,0,0.34538990003056824
q,1429.0,28,20,13248519025226775614,200,1600,8,1429,3.19,8.0,cached,float32,1,0.33286647992530344,315.7573107439028,0.20282990592559533,12.981113979238101,2.0292725852711415,2.0492793401103793,1,1.0,0,0.3466194000793621
q,1429.0,28,21,10317680267635535071,200,1600,8,1429,3.19,8.0,cached,float32,1,0.33286647992530344,315.7573107439028,0.20282990592559533,12.981113979238101,2.0292725852711415,2.0492793401103793,0,0.995,1,0.34453050000593066
q,1429.0,28,22,1310557894797389677,200,1600,8,1429,3.19,8.0,cached,float32,1,0.33286647992530344,315.7573107439028,0.20282990592559533,12.981113979238101,2.0292725852711415,2.0492793401103793,1,1.0,0,0.34827179997228086
q,1429.0,28,23,6453680650038016590,200,1600,8,1429,3.19,8.0,cached,float32,1,0.33286647992530344,315.7573107439028,0.20282990592559533,12.981113979238101,2.0292725852711415,2.0492793401103793,1,1.0,0,0.3439152999781072
q,1429.0,28,24,3219836455176919841,200,1600,8,1429,3.19,8.0,cached,float32,1,0.33286647992530344,315.7573107439028,0.20282990592559533,12.981113979238101,2.0292725852711415,2.0492793401103793,0,0.99,1,0.34974370000418276
q,1429.0,28,25,15813005786515921776,200,1600,8,1429,3.19,8.0,cached,float32,1,0.33286647992530344,315.7573107439028,0.20282990592559533,12.981113979238101,2.0292725852711415,2.0492793401103793,1,1.0,0,0.35262349992990494
q,1429.0,28,26,18330408699368100389,200,1600,8,1429,3.19,8.0,cached,float32,1,0.33286647992530344,315.7573107439028,0.20282990592559533,12.981113979238101,2.0292725852711415,2.0492793401103793,1,1.0,0,0.3499121000058949
q,1429.0,28,27,17381579737661899123,200,1600,8,1429,3.19,8.0,cached,float32,1,0.33286647992530344,315.7573107439028,0.20282990592559533,12.981113979238101,2.0292725852711415,2.0492793401103793,1,1.0,0,0.3674588000867516
q,1429.0,28,28,16923364786025953359,200,1600,8,1429,3.19,8.0,cached,float32,1,0.33286647992530344,315.7573107439028,0.20282990592559533,12.981113979238101,2.0292725852711415,2.0492793401103793,1,1.0,0,0.3458671000553295
q,1429.0,28,29,6390009312333016831,200,1600,8,1429,3.19,8.0,cached,float32,1,0.33286647992530344,315.7573107439028,0.20282990592559533,12.981113979238101,2.0292725852711415,2.0492793401103793,0,0.995,7,0.3456605999963358
q,1429.0,28,30,10102675104481913524,200,1600,8,1429,3.19,8.0,cached,float32,1,0.33286647992530344,315.7573107439028,0.20282990592559533,12.981113979238101,2.0292725852711415,2.0492793401103793,1,1.0,0,0.34672909998334944
q,1429.0,28,31,14946249807508410355,200,1600,8,1429,3.19,8.0,cached,float32,1,0.33286647992530344,315.7573107439028,0.20282990592559533,12.981113979238101,2.0292725852711415,2.0492793401103793,1,1.0,0,0.3464487000601366
q,1429.0,28,32,3179345779674811240,200,1600,8,1429,3.19,8.0,cached,float32,1,0.33286647992530344,315.7573107439028,0.20282990592559533,12.981113979238101,2.0292725852711415,2.0492793401103793,0,0.995,11,0.3524035000009462
q,1429.0,28,33,11994340377792113034,200,1600,8,1429,3.19,8.0,cached,float32,1,0.33286647992530344,315.7573107439028,0.20282990592559533,12.981113979238101,2.0292725852711415,2.0492793401103793,1,1.0,0,0.3419603999936953
q,1429.0,28,34,8320275422493734457,200,1600,8,1429,3.19,8.0,cached,float32,1,0.33286647992530344,315.7573107439028,0.20282990592559533,12.981113979238101,2.0292725852711415,2.0492793401103793,0,0.995,3,0.3456766000017524
q,1429.0,28,35,14497081260589606436,200,1600,8,1429,3.19,8.0,cached,float32,1,0.33286647992530344,315.7573107439028,0.20282990592559533,12.981113979238101,2.0292725852711415,2.0492793401103793,1,1.0,0,0.34460449998732656
q,1429.0,28,36,4795381645831245067,200,1600,8,1429,3.19,8.0,cached,float32,1,0.33286647992530344,315.7573107439028,0.20282990592559533,12.981113979238101,2.0292725852711415,2.0492793401103793,1,1.0,0,0.3696662000147626
q,1429.0,28,37,14010113996652867221,200,1600,8,1429,3.19,8.0,cached,float32,1,0.33286647992530344,315.7573107439028,0.20282990592559533,12.981113979238101,2.0292725852711415,2.0492793401103793,1,1.0,0,0.3503292000386864
q,1429.0,28,38,7399059039144179559,200,1600,8,1429,3.19,8.0,cached,float32,1,0.33286647992530344,315.7573107439028,0.20282990592559533,12.981113979238101,2.0292725852711415,2.0492793401103793,0,0.995,4,0.3486008000327274
q,1429.0,28,39,7173071317502329410,200,1600,8,1429,3.19,8.0,cached,float32,1,0.33286647992530344,315.7573107439028,0.20282990592559533,12.981113979238101,2.0292725852711415,2.0492793401103793,1,1.0,0,0.3476853999309242
q,1429.0,28,40,3712878259888332008,200,1600,8,1429,3.19,8.0,cached,float32,1,0.33286647992530344,315.7573107439028,0.20282990592559533,12.981113979238101,2.0292725852711415,2.0492793401103793,1,1.0,0,0.34571090003009886
q,1429.0,28,41,7262899994174095172,200,1600,8,1429,3.19,8.0,cached,float32,1,0.33286647992530344,315.7573107439028,0.20282990592559533,12.981113979238101,2.0292725852711415,2.0492793401103793,0,0.995,4,0.34601760003715754
q,1429.0,28,42,4254293787681558283,200,1600,8,1429,3.19,8.0,cached,float32,1,0.33286647992530344,315.7573107439028,0.20282990592559533,12.981113979238101,2.0292725852711415,2.0492793401103793,1,1.0,0,0.3475388999795541
q,1429.0,28,43,4893620763058004441,200,1600,8,1429,3.19,8.0,cached,float32,1,0.33286647992530344,315.7573107439028,0.20282990592559533,12.981113979238101,2.0292725852711415,2.0492793401103793,1,1.0,0,0.34595989994704723
q,1429.0,28,44,16095303988475896182,200,1600,8,1429,3.19,8.0,cached,float32,1,0.33286647992530344,315.7573107439028,0.20282990592559533,12.981113979238101,2.0292725852711415,2.0492793401103793,0,0.995,19,0.3472896000603214
q,1429.0,28,45,17388939594732573913,200,1600,8,1429,3.19,8.0,cached,float32,1,0.33286647992530344,315.7573107439028,0.20282990592559533,12.981113979238101,2.0292725852711415,2.0492793401103793,1,1.0,0,0.3669727999949828
q,1429.0,28,46,9641964457922522378,200,1600,8,1429,3.19,8.0,cached,float32,1,0.33286647992530344,315.7573107439028,0.20282990592559533,12.981113979238101,2.0292725852711415,2.0492793401103793,0,0.995,3,0.3460462000221014
q,1429.0,28,47,8991988990370750760,200,1600,8,1429,3.19,8.0,cached,float32,1,0.33286647992530344,315.7573107439028,0.20282990592559533,12.981113979238101,2.0292725852711415,2.0492793401103793,1,1.0,0,0.34375690005254
q,1429.0,28,48,6464869947358583394,200,1600,8,1429,3.19,8.0,cached,float32,1,0.33286647992530344,315.7573107439028,0.20282990592559533,12.981113979238101,2.0292725852711415,2.0492793401103793,1,1.0,0,0.3474204000085592
q,1429.0,28,49,3526439476309554930,200,1600,8,1429,3.19,8.0,cached,float32,1,0.33286647992530344,315.7573107439028,0.20282990592559533,12.981113979238101,2.0292725852711415,2.0492793401103793,1,1.0,0,0.3499757000245154
q,1429.0,28,50,11339373190765721058,200,1600,8,1429,3.19,8.0,cached,float32,1,0.33286647992530344,315.7573107439028,0.20282990592559533,12.981113979238101,2.0292725852711415,2.0492793401103793,1,1.0,0,0.3456685000564903
q,1429.0,28,51,6630155297485606478,200,1600,8,1429,3.19,8.0,cached,float32,1,0.33286647992530344,315.7573107439028,0.20282990592559533,12.981113979238101,2.0292725852711415,2.0492793401103793,1,1.0,0,0.34545069991145283
q,1429.0,28,52,9780127998250779665,200,1600,8,1429,3.19,8.0,cached,float32,1,0.33286647992530344,315.7573107439028,0.20282990592559533,12.981113979238101,2.0292725852711415,2.0492793401103793,1,1.0,0,0.34410520002711564
q,1429.0,28,53,9540662063575684248,200,1600,8,1429,3.19,8.0,cached,float32,1,0.33286647992530344,315.7573107439028,0.20282990592559533,12.981113979238101,2.0292725852711415,2.0492793401103793,1,1.0,0,0.3451794000575319
q,1429.0,28,54,5628544282624338818,200,1600,8,1429,3.19,8.0,cached,float32,1,0.33286647992530344,315.7573107439028,0.20282990592559533,12.981113979238101,2.0292725852711415,2.0492793401103793,1,1.0,0,0.3470613000681624
q,1429.0,28,55,13670935005634674273,200,1600,8,1429,3.19,8.0,cached,float32,1,0.33286647992530344,315.7573107439028,0.20282990592559533,12.981113979238101,2.0292725852711415,2.0492793401103793,1,1.0,0,0.34396089997608215
q,1429.0,28,56,4003075110442510364,200,1600,8,1429,3.19,8.0,cached,float32,1,0.33286647992530344,315.7573107439028,0.20282990592559533,12.981113979238101,2.0292725852711415,2.0492793401103793,1,1.0,0,0.3413793001091108
q,1429.0,28,57,15264349770108652838,200,1600,8,1429,3.19,8.0,cached,float32,1,0.33286647992530344,315.7573107439028,0.20282990592559533,12.981113979238101,2.0292725852711415,2.0492793401103793,1,1.0,0,0.3494983999989927
q,1429.0,28,58,11297846623843718807,200,1600,8,1429,3.19,8.0,cached,float32,1,0.33286647992530344,315.7573107439028,0.20282990592559533,12.981113979238101,2.0292725852711415,2.0492793401103793,1,1.0,0,0.35097410005982965
q,1429.0,28,59,4185283940670569262,200,1600,8,1429,3.19,8.0,cached,float32,1,0.33286647992530344,315.7573107439028,0.20282990592559533,12.981113979238101,2.0292725852711415,2.0492793401103793,1,1.0,0,0.34363260003738105
q,1429.0,28,60,9947605929015651690,200,1600,8,1429,3.19,8.0,cached,float32,1,0.33286647992530344,315.7573107439028,0.20282990592559533,12.981113979238101,2.0292725852711415,2.0492793401103793,1,1.0,0,0.34927960007917136
q,1429.0,28,61,16348278757537941565,200,1600,8,1429,3.19,8.0,cached,float32,1,0.33286647992530344,315.7573107439028,0.20282990592559533,12.981113979238101,2.0292725852711415,2.0492793401103793,1,1.0,0,0.3465271999593824
q,1429.0,28,62,15539493103031886665,200,1600,8,1429,3.19,8.0,cached,float32,1,0.33286647992530344,315.7573107439028,0.20282990592559533,12.981113979238101,2.0292725852711415,2.0492793401103793,1,1.0,0,0.3466968999709934
q,1429.0,28,63,6308167940296379442,200,1600,8,1429,3.19,8.0,cached,float32,1,0.33286647992530344,315.7573107439028,0.20282990592559533,12.981113979238101,2.0292725852711415,2.0492793401103793,1,1.0,0,0.35403520008549094
q,1429.0,28,64,15351047853086338389,200,1600,8,1429,3.19,8.0,cached,float32,1,0.33286647992530344,315.7573107439028,0.20282990592559533,12.981113979238101,2.0292725852711415,2.0492793401103793,1,1.0,0,0.3423254999797791
q,1429.0,28,65,1780162937538888788,200,1600,8,1429,3.19,8.0,cached,float32,1,0.33286647992530344,315.7573107439028,0.20282990592559533,12.981113979238101,2.0292725852711415,2.0492793401103793,1,1.0,0,0.3482918000081554
q,1429.0,28,66,1835665825243619772,200,1600,8,1429,3.19,8.0,cached,float32,1,0.33286647992530344,315.7573107439028,0.20282990592559533,12.981113979238101,2.0292725852711415,2.0492793401103793,1,1.0,0,0.345767299993895
q,1429.0,28,67,4568478244042602544,200,1600,8,1429,3.19,8.0,cached,float32,1,0.33286647992530344,315.7573107439028,0.20282990592559533,12.981113979238101,2.0292725852711415,2.0492793401103793,1,1.0,0,0.3478927999967709
q,1429.0,28,68,17570156496721649268,200,1600,8,1429,3.19,8.0,cached,float32,1,0.33286647992530344,315.7573107439028,0.20282990592559533,12.981113979238101,2.0292725852711415,2.0492793401103793,1,1.0,0,0.34111909999046475
q,1429.0,28,69,8723598899762810593,200,1600,8,1429,3.19,8.0,cached,float32,1,0.33286647992530344,315.7573107439028,0.20282990592559533,12.981113979238101,2.0292725852711415,2.0492793401103793,1,1.0,0,0.3529211999848485
q,1429.0,28,70,1686245853933176218,200,1600,8,1429,3.19,8.0,cached,float32,1,0.33286647992530344,315.7573107439028,0.20282990592559533,12.981113979238101,2.0292725852711415,2.0492793401103793,1,1.0,0,0.3478412999538705
q,1429.0,28,71,2155572207492978755,200,1600,8,1429,3.19,8.0,cached,float32,1,0.33286647992530344,315.7573107439028,0.20282990592559533,12.981113979238101,2.0292725852711415,2.0492793401103793,1,1.0,0,0.3497681999579072
q,1429.0,28,72,7506961346034737631,200,1600,8,1429,3.19,8.0,cached,float32,1,0.33286647992530344,315.7573107439028,0.20282990592559533,12.981113979238101,2.0292725852711415,2.0492793401103793,1,1.0,0,0.34945830004289746
q,1429.0,28,73,4087203684702979231,200,1600,8,1429,3.19,8.0,cached,float32,1,0.33286647992530344,315.7573107439028,0.20282990592559533,12.981113979238101,2.0292725852711415,2.0492793401103793,1,1.0,0,0.352262599975802
q,1429.0,28,74,13020502300178569815,200,1600,8,1429,3.19,8.0,cached,float32,1,0.33286647992530344,315.7573107439028,0.20282990592559533,12.981113979238101,2.0292725852711415,2.0492793401103793,1,1.0,0,0.3417931000003591
q,1429.0,28,75,14365137973338762750,200,1600,8,1429,3.19,8.0,cached,float32,1,0.33286647992530344,315.7573107439028,0.20282990592559533,12.981113979238101,2.0292725852711415,2.0492793401103793,0,0.995,4,0.34890570002608
q,1429.0,28,76,5129163541872600781,200,1600,8,1429,3.19,8.0,cached,float32,1,0.33286647992530344,315.7573107439028,0.20282990592559533,12.981113979238101,2.0292725852711415,2.0492793401103793,1,1.0,0,0.34497950004879385
q,1429.0,28,77,16437379611992198007,200,1600,8,1429,3.19,8.0,cached,float32,1,0.33286647992530344,315.7573107439028,0.20282990592559533,12.981113979238101,2.0292725852711415,2.0492793401103793,1,1.0,0,0.34284060006029904
q,1429.0,28,78,9395944297879479110,200,1600,8,1429,3.19,8.0,cached,float32,1,0.33286647992530344,315.7573107439028,0.20282990592559533,12.981113979238101,2.0292725852711415,2.0492793401103793,0,0.995,10,0.34838440001476556
q,1429.0,28,79,12615964361351960189,200,1600,8,1429,3.19,8.0,cached,float32,1,0.33286647992530344,315.7573107439028,0.20282990592559533,12.981113979238101,2.0292725852711415,2.0492793401103793,0,0.995,1,0.34890920005273074
q,1429.0,28,80,16140311557406888568,200,1600,8,1429,3.19,8.0,cached,float32,1,0.33286647992530344,315.7573107439028,0.20282990592559533,12.981113979238101,2.0292725852711415,2.0492793401103793,1,1.0,0,0.34399849991314113
q,1429.0,28,81,14095042643834085742,200,1600,8,1429,3.19,8.0,cached,float32,1,0.33286647992530344,315.7573107439028,0.20282990592559533,12.981113979238101,2.0292725852711415,2.0492793401103793,1,1.0,0,0.352487999945879
q,1429.0,28,82,6843048722473870102,200,1600,8,1429,3.19,8.0,cached,float32,1,0.33286647992530344,315.7573107439028,0.20282990592559533,12.981113979238101,2.0292725852711415,2.0492793401103793,1,1.0,0,0.34968570002820343
q,1429.0,28,83,10503299866488425177,200,1600,8,1429,3.19,8.0,cached,float32,1,0.33286647992530344,315.7573107439028,0.20282990592559533,12.981113979238101,2.0292725852711415,2.0492793401103793,1,1.0,0,0.3500804998911917
q,1429.0,28,84,7913856274368220924,200,1600,8,1429,3.19,8.0,cached,float32,1,0.33286647992530344,315.7573107439028,0.20282990592559533,12.981113979238101,2.0292725852711415,2.0492793401103793,1,1.0,0,0.35550049995072186
q,1429.0,28,85,1085759800233564566,200,1600,8,1429,3.19,8.0,cached,float32,1,0.33286647992530344,315.7573107439028,0.20282990592559533,12.981113979238101,2.0292725852711415,2.0492793401103793,1,1.0,0,0.3466362999752164
q,1429.0,28,86,18407524263860511793,200,1600,8,1429,3.19,8.0,cached,float32,1,0.33286647992530344,315.7573107439028,0.20282990592559533,12.981113979238101,2.0292725852711415,2.0492793401103793,0,0.995,10,0.3483995000133291
q,1429.0,28,87,7068376271903901117,200,1600,8,1429,3.19,8.0,cached,float32,1,0.33286647992530344,315.7573107439028,0.20282990592559533,12.981113979238101,2.0292725852711415,2.0492793401103793,1,1.0,0,0.34870020009111613
q,1429.0,28,88,1282139148187212826,200,1600,8,1429,3.19,8.0,cached,float32,1,0.33286647992530344,315.7573107439028,0.20282990592559533,12.981113979238101,2.0292725852711415,2.0492793401103793,0,0.99,4,0.3480190000263974
q,1429.0,28,89,5647041972365693767,200,1600,8,1429,3.19,8.0,cached,float32,1,0.33286647992530344,315.7573107439028,0.20282990592559533,12.981113979238101,2.0292725852711415,2.0492793401103793,0,0.995,3,0.34708929993212223
q,1429.0,28,90,3006483363187954800,200,1600,8,1429,3.19,8.0,cached,float32,1,0.33286647992530344,315.7573107439028,0.20282990592559533,12.981113979238101,2.0292725852711415,2.0492793401103793,1,1.0,0,0.3476055000210181
q,1429.0,28,91,10244977488101451803,200,1600,8,1429,3.19,8.0,cached,float32,1,0.33286647992530344,315.7573107439028,0.20282990592559533,12.981113979238101,2.0292725852711415,2.0492793401103793,1,1.0,0,0.34100240003317595
q,1429.0,28,92,5483374661146515212,200,1600,8,1429,3.19,8.0,cached,float32,1,0.33286647992530344,315.7573107439028,0.20282990592559533,12.981113979238101,2.0292725852711415,2.0492793401103793,1,1.0,0,0.3739808000391349
q,1429.0,28,93,620428268587845726,200,1600,8,1429,3.19,8.0,cached,float32,1,0.33286647992530344,315.7573107439028,0.20282990592559533,12.981113979238101,2.0292725852711415,2.0492793401103793,1,1.0,0,0.3589238999411464
q,1429.0,28,94,8532601981306674531,200,1600,8,1429,3.19,8.0,cached,float32,1,0.33286647992530344,315.7573107439028,0.20282990592559533,12.981113979238101,2.0292725852711415,2.0492793401103793,0,0.995,1,0.3554828999331221
q,1429.0,28,95,13405774608557494346,200,1600,8,1429,3.19,8.0,cached,float32,1,0.33286647992530344,315.7573107439028,0.20282990592559533,12.981113979238101,2.0292725852711415,2.0492793401103793,0,0.99,3,0.35666930000297725
q,1429.0,28,96,7508059385208151559,200,1600,8,1429,3.19,8.0,cached,float32,1,0.33286647992530344,315.7573107439028,0.20282990592559533,12.981113979238101,2.0292725852711415,2.0492793401103793,1,1.0,0,0.3627822999842465
q,1429.0,28,97,185408206859259146,200,1600,8,1429,3.19,8.0,cached,float32,1,0.33286647992530344,315.7573107439028,0.20282990592559533,12.981113979238101,2.0292725852711415,2.0492793401103793,1,1.0,0,0.3783902000868693
q,1429.0,28,98,6139058943574431853,200,1600,8,1429,3.19,8.0,cached,float32,1,0.33286647992530344,315.7573107439028,0.20282990592559533,12.981113979238101,2.0292725852711415,2.0492793401103793,0,0.985,5,0.34484109992627054
q,1429.0,28,99,11576032397310556115,200,1600,8,1429,3.19,8.0,cached,float32,1,0.33286647992530344,315.7573107439028,0.20282990592559533,12.981113979238101,2.0292725852711415,2.0492793401103793,1,1.0,0,0.35013130004517734
q,2039.0,29,0,5532912632150351811,200,1600,8,2039,3.19,8.0,cached,float32,1,0.33300621524370294,450.97211798937565,0.2902638274676277,18.576884957928172,2.9040314587139973,2.924059184384229,1,1.0,0,0.3978269000072032
q,2039.0,29,1,1240531680776155170,200,1600,8,2039,3.19,8.0,cached,float32,1,0.33300621524370294,450.97211798937565,0.2902638274676277,18.576884957928172,2.9040314587139973,2.924059184384229,1,1.0,0,0.38534059992525727
q,2039.0,29,2,7160874274454512631,200,1600,8,2039,3.19,8.0,cached,float32,1,0.33300621524370294,450.97211798937565,0.2902638274676277,18.576884957928172,2.9040314587139973,2.924059184384229,1,1.0,0,0.38227659999392927
q,2039.0,29,3,2083965882116637914,200,1600,8,2039,3.19,8.0,cached,float32,1,0.33300621524370294,450.97211798937565,0.2902638274676277,18.576884957928172,2.9040314587139973,2.924059184384229,1,1.0,0,0.3787175000179559
q,2039.0,29,4,16465613275393693480,200,1600,8,2039,3.19,8.0,cached,float32,1,0.33300621524370294,450.97211798937565,0.2902638274676277,18.576884957928172,2.9040314587139973,2.924059184384229,1,1.0,0,0.3789911000058055
q,2039.0,29,5,9611090834095903312,200,1600,8,2039,3.19,8.0,cached,float32,1,0.33300621524370294,450.97211798937565,0.2902638274676277,18.576884957928172,2.9040314587139973,2.924059184384229,1,1.0,0,0.381636600010097
q,2039.0,29,6,13660116918603045042,200,1600,8,2039,3.19,8.0,cached,float32,1,0.33300621524370294,450.97211798937565,0.2902638274676277,18.576884957928172,2.9040314587139973,2.924059184384229,1,1.0,0,0.36962040001526475
q,2039.0,29,7,13107787663644701764,200,1600,8,2039,3.19,8.0,cached,float32,1,0.33300621524370294,450.97211798937565,0.2902638274676277,18.576884957928172,2.9040314587139973,2.924059184384229,1,1.0,0,0.3728730999864638
q,2039.0,29,8,12778811102082707330,200,1600,8,2039,3.19,8.0,cached,float32,1,0.33300621524370294,450.97211798937565,0.2902638274676277,18.576884957928172,2.9040314587139973,2.924059184384229,1,1.0,0,0.3842537999153137
q,2039.0,29,9,17739271413166022683,200,1600,8,2039,3.19,8.0,cached,float32,1,0.33300621524370294,450.97211798937565,0.2902638274676277,18.576884957928172,2.9040314587139973,2.924059184384229,1,1.0,0,0.3853011999744922
q,2039.0,29,10,411529633994688775,200,1600,8,2039,3.19,8.0,cached,float32,1,0.33300621524370294,450.97211798937565,0.2902638274676277,18.576884957928172,2.9040314587139973,2.924059184384229,1,1.0,0,0.3702140999957919
q,2039.0,29,11,6337228761359292645,200,1600,8,2039,3.19,8.0,cached,float32,1,0.33300621524370294,450.97211798937565,0.2902638274676277,18.576884957928172,2.9040314587139973,2.924059184384229,1,1.0,0,0.38927739998325706
q,2039.0,29,12,2812654603426667773,200,1600,8,2039,3.19,8.0,cached,float32,1,0.33300621524370294,450.97211798937565,0.2902638274676277,18.576884957928172,2.9040314587139973,2.924059184384229,1,1.0,0,0.38556960003916174
q,2039.0,29,13,3869935805847890632,200,1600,8,2039,3.19,8.0,cached,float32,1,0.33300621524370294,450.97211798937565,0.2902638274676277,18.576884957928172,2.9040314587139973,2.924059184384229,1,1.0,0,0.3733811000129208
q,2039.0,29,14,10824770019656719348,200,1600,8,2039,3.19,8.0,cached,float32,1,0.33300621524370294,450.97211798937565,0.2902638274676277,18.576884957928172,2.9040314587139973,2.924059184384229,1,1.0,0,0.3766246000304818
q,2039.0,29,15,15183314943907309378,200,1600,8,2039,3.19,8.0,cached,float32,1,0.33300621524370294,450.97211798937565,0.2902638274676277,18.576884957928172,2.9040314587139973,2.924059184384229,1,1.0,0,0.3733589000767097
q,2039.0,29,16,7314270804904473681,200,1600,8,2039,3.19,8.0,cached,float32,1,0.33300621524370294,450.97211798937565,0.2902638274676277,18.576884957928172,2.9040314587139973,2.924059184384229,1,1.0,0,0.3713463000021875
q,2039.0,29,17,10318825649088050127,200,1600,8,2039,3.19,8.0,cached,float32,1,0.33300621524370294,450.97211798937565,0.2902638274676277,18.576884957928172,2.9040314587139973,2.924059184384229,1,1.0,0,0.3753395000239834
q,2039.0,29,18,12418766176041353606,200,1600,8,2039,3.19,8.0,cached,float32,1,0.33300621524370294,450.97211798937565,0.2902638274676277,18.576884957928172,2.9040314587139973,2.924059184384229,1,1.0,0,0.36898800008930266
q,2039.0,29,19,8671560087071879253,200,1600,8,2039,3.19,8.0,cached,float32,1,0.33300621524370294,450.97211798937565,0.2902638274676277,18.576884957928172,2.9040314587139973,2.924059184384229,1,1.0,0,0.3704802000429481
q,2039.0,29,20,1801706575812597689,200,1600,8,2039,3.19,8.0,cached,float32,1,0.33300621524370294,450.97211798937565,0.2902638274676277,18.576884957928172,2.9040314587139973,2.924059184384229,1,1.0,0,0.371696799993515
q,2039.0,29,21,4552757877368895028,200,1600,8,2039,3.19,8.0,cached,float32,1,0.33300621524370294,450.97211798937565,0.2902638274676277,18.576884957928172,2.9040314587139973,2.924059184384229,1,1.0,0,0.36494220001623034
q,2039.0,29,22,6222494644157052204,200,1600,8,2039,3.19,8.0,cached,float32,1,0.33300621524370294,450.97211798937565,0.2902638274676277,18.576884957928172,2.9040314587139973,2.924059184384229,1,1.0,0,0.36950639996211976
q,2039.0,29,23,7121080184625836129,200,1600,8,2039,3.19,8.0,cached,float32,1,0.33300621524370294,450.97211798937565,0.2902638274676277,18.576884957928172,2.9040314587139973,2.924059184384229,1,1.0,0,0.3669755000155419
q,2039.0,29,24,8112299636507077469,200,1600,8,2039,3.19,8.0,cached,float32,1,0.33300621524370294,450.97211798937565,0.2902638274676277,18.576884957928172,2.9040314587139973,2.924059184384229,1,1.0,0,0.37511089991312474
q,2039.0,29,25,3911629186917573837,200,1600,8,2039,3.19,8.0,cached,float32,1,0.33300621524370294,450.97211798937565,0.2902638274676277,18.576884957928172,2.9040314587139973,2.924059184384229,1,1.0,0,0.3760879000183195
q,2039.0,29,26,15466109559870381248,200,1600,8,2039,3.19,8.0,cached,float32,1,0.33300621524370294,450.97211798937565,0.2902638274676277,18.576884957928172,2.9040314587139973,2.924059184384229,1,1.0,0,0.37066769995726645
q,2039.0,29,27,11735550690270638686,200,1600,8,2039,3.19,8.0,cached,float32,1,0.33300621524370294,450.97211798937565,0.2902638274676277,18.576884957928172,2.9040314587139973,2.924059184384229,0,0.995,1,0.3872667000396177
q,2039.0,29,28,5642814791022372370,200,1600,8,2039,3.19,8.0,cached,float32,1,0.33300621524370294,450.97211798937565,0.2902638274676277,18.576884957928172,2.9040314587139973,2.924059184384229,1,1.0,0,0.36972080008126795
q,2039.0,29,29,11393530376468372669,200,1600,8,2039,3.19,8.0,cached,float32,1,0.33300621524370294,450.97211798937565,0.2902638274676277,18.576884957928172,2.9040314587139973,2.924059184384229,1,1.0,0,0.3724185999017209
q,2039.0,29,30,13531535982313096294,200,1600,8,2039,3.19,8.0,cached,float32,1,0.33300621524370294,450.97211798937565,0.2902638274676277,18.576884957928172,2.9040314587139973,2.924059184384229,1,1.0,0,0.37411580001935363
q,2039.0,29,31,8965118887892139413,200,1600,8,2039,3.19,8.0,cached,float32,1,0.33300621524370294,450.97211798937565,0.2902638274676277,18.576884957928172,2.9040314587139973,2.924059184384229,1,1.0,0,0.3691144000040367
q,2039.0,29,32,12645206910585044596,200,1600,8,2039,3.19,8.0,cached,float32,1,0.33300621524370294,450.97211798937565,0.2902638274676277,18.576884957928172,2.9040314587139973,2.924059184384229,1,1.0,0,0.37059369997587055
q,2039.0,29,33,2014327487803981039,200,1600,8,2039,3.19,8.0,cached,float32,1,0.33300621524370294,450.97211798937565,0.2902638274676277,18.576884957928172,2.9040314587139973,2.924059184384229,1,1.0,0,0.3732090999837965
q,2039.0,29,34,3049998254786093143,200,1600,8,2039,3.19,8.0,cached,float32,1,0.33300621524370294,450.97211798937565,0.2902638274676277,18.576884957928172,2.9040314587139973,2.924059184384229,1,1.0,0,0.371503800037317
q,2039.0,29,35,16306190704346777872,200,1600,8,2039,3.19,8.0,cached,float32,1,0.33300621524370294,450.97211798937565,0.2902638274676277,18.576884957928172,2.9040314587139973,2.924059184384229,1,1.0,0,0.37878409994300455
q,2039.0,29,36,8997610343994325590,200,1600,8,2039,3.19,8.0,cached,float32,1,0.33300621524370294,450.97211798937565,0.2902638274676277,18.576884957928172,2.9040314587139973,2.924059184384229,1,1.0,0,0.3716357999946922
q,2039.0,29,37,5488852345817594902,200,1600,8,2039,3.19,8.0,cached,float32,1,0.33300621524370294,450.97211798937565,0.2902638274676277,18.576884957928172,2.9040314587139973,2.924059184384229,1,1.0,0,0.36701439996249974
q,2039.0,29,38,4751400940745109316,200,1600,8,2039,3.19,8.0,cached,float32,1,0.33300621524370294,450.97211798937565,0.2902638274676277,18.576884957928172,2.9040314587139973,2.924059184384229,1,1.0,0,0.37321330001577735
q,2039.0,29,39,11828797816278131240,200,1600,8,2039,3.19,8.0,cached,float32,1,0.33300621524370294,450.97211798937565,0.2902638274676277,18.576884957928172,2.9040314587139973,2.924059184384229,1,1.0,0,0.36787000007461756
q,2039.0,29,40,7571669633224755652,200,1600,8,2039,3.19,8.0,cached,float32,1,0.33300621524370294,450.97211798937565,0.2902638274676277,18.576884957928172,2.9040314587139973,2.924059184384229,1,1.0,0,0.36880119994748384
q,2039.0,29,41,18037409047744625618,200,1600,8,2039,3.19,8.0,cached,float32,1,0.33300621524370294,450.97211798937565,0.2902638274676277,18.576884957928172,2.9040314587139973,2.924059184384229,1,1.0,0,0.387787300045602
q,2039.0,29,42,9592387306863508255,200,1600,8,2039,3.19,8.0,cached,float32,1,0.33300621524370294,450.97211798937565,0.2902638274676277,18.576884957928172,2.9040314587139973,2.924059184384229,1,1.0,0,0.395847599953413
q,2039.0,29,43,17214845475733114381,200,1600,8,2039,3.19,8.0,cached,float32,1,0.33300621524370294,450.97211798937565,0.2902638274676277,18.576884957928172,2.9040314587139973,2.924059184384229,1,1.0,0,0.3668179999804124
q,2039.0,29,44,11006139473818703120,200,1600,8,2039,3.19,8.0,cached,float32,1,0.33300621524370294,450.97211798937565,0.2902638274676277,18.576884957928172,2.9040314587139973,2.924059184384229,1,1.0,0,0.369122700067237
q,2039.0,29,45,9145200967840052086,200,1600,8,2039,3.19,8.0,cached,float32,1,0.33300621524370294,450.97211798937565,0.2902638274676277,18.576884957928172,2.9040314587139973,2.924059184384229,1,1.0,0,0.3750368000473827
q,2039.0,29,46,15609069429181109565,200,1600,8,2039,3.19,8.0,cached,float32,1,0.33300621524370294,450.97211798937565,0.2902638274676277,18.576884957928172,2.9040314587139973,2.924059184384229,1,1.0,0,0.37210239993873984
q,2039.0,29,47,8855414018924113325,200,1600,8,2039,3.19,8.0,cached,float32,1,0.33300621524370294,450.97211798937565,0.2902638274676277,18.576884957928172,2.9040314587139973,2.924059184384229,1,1.0,0,0.37015569990035146
q,2039.0,29,48,11915535580993066137,200,1600,8,2039,3.19,8.0,cached,float32,1,0.33300621524370294,450.97211798937565,0.2902638274676277,18.576884957928172,2.9040314587139973,2.924059184384229,1,1.0,0,0.3690595000516623
q,2039.0,29,49,16386793632328028020,200,1600,8,2039,3.19,8.0,cached,float32,1,0.33300621524370294,450.97211798937565,0.2902638274676277,18.576884957928172,2.9040314587139973,2.924059184384229,1,1.0,0,0.37276480009313673
q,2039.0,29,50,12973633108480690570,200,1600,8,2039,3.19,8.0,cached,float32,1,0.33300621524370294,450.97211798937565,0.2902638274676277,18.576884957928172,2.9040314587139973,2.924059184384229,1,1.0,0,0.37246850004885346
q,2039.0,29,51,16263581419425952707,200,1600,8,2039,3.19,8.0,cached,float32,1,0.33300621524370294,450.97211798937565,0.2902638274676277,18.576884957928172,2.9040314587139973,2.924059184384229,1,1.0,0,0.36730309994891286
q,2039.0,29,52,758880265045502423,200,1600,8,2039,3.19,8.0,cached,float32,1,0.33300621524370294,450.97211798937565,0.2902638274676277,18.576884957928172,2.9040314587139973,2.924059184384229,0,0.995,4,0.3660623000469059
q,2039.0,29,53,610377258378890070,200,1600,8,2039,3.19,8.0,cached,float32,1,0.33300621524370294,450.97211798937565,0.2902638274676277,18.576884957928172,2.9040314587139973,2.924059184384229,1,1.0,0,0.3673651000717655
q,2039.0,29,54,1933580587526854026,200,1600,8,2039,3.19,8.0,cached,float32,1,0.33300621524370294,450.97211798937565,0.2902638274676277,18.576884957928172,2.9040314587139973,2.924059184384229,1,1.0,0,0.3702043000375852
q,2039.0,29,55,10588186164205559433,200,1600,8,2039,3.19,8.0,cached,float32,1,0.33300621524370294,450.97211798937565,0.2902638274676277,18.576884957928172,2.9040314587139973,2.924059184384229,1,1.0,0,0.3734829999739304
q,2039.0,29,56,9369159143205480892,200,1600,8,2039,3.19,8.0,cached,float32,1,0.33300621524370294,450.97211798937565,0.2902638274676277,18.576884957928172,2.9040314587139973,2.924059184384229,1,1.0,0,0.3783867999445647
q,2039.0,29,57,2988657548128367282,200,1600,8,2039,3.19,8.0,cached,float32,1,0.33300621524370294,450.97211798937565,0.2902638274676277,18.576884957928172,2.9040314587139973,2.924059184384229,1,1.0,0,0.378207000088878
q,2039.0,29,58,13208100181415407445,200,1600,8,2039,3.19,8.0,cached,float32,1,0.33300621524370294,450.97211798937565,0.2902638274676277,18.576884957928172,2.9040314587139973,2.924059184384229,1,1.0,0,0.3697940999409184
q,2039.0,29,59,2851147004390406433,200,1600,8,2039,3.19,8.0,cached,float32,1,0.33300621524370294,450.97211798937565,0.2902638274676277,18.576884957928172,2.9040314587139973,2.924059184384229,1,1.0,0,0.3735276000807062
q,2039.0,29,60,13783842890298657326,200,1600,8,2039,3.19,8.0,cached,float32,1,0.33300621524370294,450.97211798937565,0.2902638274676277,18.576884957928172,2.9040314587139973,2.924059184384229,0,0.995,7,0.36872659996151924
q,2039.0,29,61,14879887130588352038,200,1600,8,2039,3.19,8.0,cached,float32,1,0.33300621524370294,450.97211798937565,0.2902638274676277,18.576884957928172,2.9040314587139973,2.924059184384229,1,1.0,0,0.3733162999851629
q,2039.0,29,62,159522050548631418,200,1600,8,2039,3.19,8.0,cached,float32,1,0.33300621524370294,450.97211798937565,0.2902638274676277,18.576884957928172,2.9040314587139973,2.924059184384229,1,1.0,0,0.3733723000623286
q,2039.0,29,63,14006261238201103001,200,1600,8,2039,3.19,8.0,cached,float32,1,0.33300621524370294,450.97211798937565,0.2902638274676277,18.576884957928172,2.9040314587139973,2.924059184384229,1,1.0,0,0.36844449990894645
q,2039.0,29,64,12836783413683827935,200,1600,8,2039,3.19,8.0,cached,float32,1,0.33300621524370294,450.97211798937565,0.2902638274676277,18.576884957928172,2.9040314587139973,2.924059184384229,1,1.0,0,0.3707431999500841
q,2039.0,29,65,14138092198724615301,200,1600,8,2039,3.19,8.0,cached,float32,1,0.33300621524370294,450.97211798937565,0.2902638274676277,18.576884957928172,2.9040314587139973,2.924059184384229,1,1.0,0,0.3777954000979662
q,2039.0,29,66,288216222084804987,200,1600,8,2039,3.19,8.0,cached,float32,1,0.33300621524370294,450.97211798937565,0.2902638274676277,18.576884957928172,2.9040314587139973,2.924059184384229,1,1.0,0,0.37106349994428456
q,2039.0,29,67,9742542431815262476,200,1600,8,2039,3.19,8.0,cached,float32,1,0.33300621524370294,450.97211798937565,0.2902638274676277,18.576884957928172,2.9040314587139973,2.924059184384229,1,1.0,0,0.3793827999616042
q,2039.0,29,68,17076585253792786102,200,1600,8,2039,3.19,8.0,cached,float32,1,0.33300621524370294,450.97211798937565,0.2902638274676277,18.576884957928172,2.9040314587139973,2.924059184384229,1,1.0,0,0.3723219999810681
q,2039.0,29,69,1797601782583123430,200,1600,8,2039,3.19,8.0,cached,float32,1,0.33300621524370294,450.97211798937565,0.2902638274676277,18.576884957928172,2.9040314587139973,2.924059184384229,1,1.0,0,0.36810520000290126
q,2039.0,29,70,6681503069479930682,200,1600,8,2039,3.19,8.0,cached,float32,1,0.33300621524370294,450.97211798937565,0.2902638274676277,18.576884957928172,2.9040314587139973,2.924059184384229,1,1.0,0,0.3711906000971794
q,2039.0,29,71,7390796984758840997,200,1600,8,2039,3.19,8.0,cached,float32,1,0.33300621524370294,450.97211798937565,0.2902638274676277,18.576884957928172,2.9040314587139973,2.924059184384229,1,1.0,0,0.3921072999946773
q,2039.0,29,72,6912994865300558210,200,1600,8,2039,3.19,8.0,cached,float32,1,0.33300621524370294,450.97211798937565,0.2902638274676277,18.576884957928172,2.9040314587139973,2.924059184384229,1,1.0,0,0.37347390002105385
q,2039.0,29,73,5004888798087705438,200,1600,8,2039,3.19,8.0,cached,float32,1,0.33300621524370294,450.97211798937565,0.2902638274676277,18.576884957928172,2.9040314587139973,2.924059184384229,1,1.0,0,0.37714870006311685
q,2039.0,29,74,1482597529627593750,200,1600,8,2039,3.19,8.0,cached,float32,1,0.33300621524370294,450.97211798937565,0.2902638274676277,18.576884957928172,2.9040314587139973,2.924059184384229,1,1.0,0,0.3709830000298098
q,2039.0,29,75,12348648155876526531,200,1600,8,2039,3.19,8.0,cached,float32,1,0.33300621524370294,450.97211798937565,0.2902638274676277,18.576884957928172,2.9040314587139973,2.924059184384229,1,1.0,0,0.3710424000164494
q,2039.0,29,76,3381672809646909888,200,1600,8,2039,3.19,8.0,cached,float32,1,0.33300621524370294,450.97211798937565,0.2902638274676277,18.576884957928172,2.9040314587139973,2.924059184384229,1,1.0,0,0.3708608999149874
q,2039.0,29,77,3585929849606556185,200,1600,8,2039,3.19,8.0,cached,float32,1,0.33300621524370294,450.97211798937565,0.2902638274676277,18.576884957928172,2.9040314587139973,2.924059184384229,1,1.0,0,0.36997020000126213
q,2039.0,29,78,16374912554249723268,200,1600,8,2039,3.19,8.0,cached,float32,1,0.33300621524370294,450.97211798937565,0.2902638274676277,18.576884957928172,2.9040314587139973,2.924059184384229,1,1.0,0,0.37625590001698583
q,2039.0,29,79,7870071059425213297,200,1600,8,2039,3.19,8.0,cached,float32,1,0.33300621524370294,450.97211798937565,0.2902638274676277,18.576884957928172,2.9040314587139973,2.924059184384229,1,1.0,0,0.36866159993223846
q,2039.0,29,80,13978865137184756570,200,1600,8,2039,3.19,8.0,cached,float32,1,0.33300621524370294,450.97211798937565,0.2902638274676277,18.576884957928172,2.9040314587139973,2.924059184384229,1,1.0,0,0.3761427999706939
q,2039.0,29,81,3118932220268835999,200,1600,8,2039,3.19,8.0,cached,float32,1,0.33300621524370294,450.97211798937565,0.2902638274676277,18.576884957928172,2.9040314587139973,2.924059184384229,1,1.0,0,0.37629270006436855
q,2039.0,29,82,16487714806753824306,200,1600,8,2039,3.19,8.0,cached,float32,1,0.33300621524370294,450.97211798937565,0.2902638274676277,18.576884957928172,2.9040314587139973,2.924059184384229,1,1.0,0,0.37412849999964237
q,2039.0,29,83,14869413472091001363,200,1600,8,2039,3.19,8.0,cached,float32,1,0.33300621524370294,450.97211798937565,0.2902638274676277,18.576884957928172,2.9040314587139973,2.924059184384229,1,1.0,0,0.3727355001028627
q,2039.0,29,84,12340017287771843843,200,1600,8,2039,3.19,8.0,cached,float32,1,0.33300621524370294,450.97211798937565,0.2902638274676277,18.576884957928172,2.9040314587139973,2.924059184384229,1,1.0,0,0.3718236000277102
q,2039.0,29,85,641088628365786076,200,1600,8,2039,3.19,8.0,cached,float32,1,0.33300621524370294,450.97211798937565,0.2902638274676277,18.576884957928172,2.9040314587139973,2.924059184384229,1,1.0,0,0.3822965999133885
q,2039.0,29,86,9706214488676983336,200,1600,8,2039,3.19,8.0,cached,float32,1,0.33300621524370294,450.97211798937565,0.2902638274676277,18.576884957928172,2.9040314587139973,2.924059184384229,1,1.0,0,0.3713977000443265
q,2039.0,29,87,13839825702155662322,200,1600,8,2039,3.19,8.0,cached,float32,1,0.33300621524370294,450.97211798937565,0.2902638274676277,18.576884957928172,2.9040314587139973,2.924059184384229,1,1.0,0,0.3722325999988243
q,2039.0,29,88,15439545427732438824,200,1600,8,2039,3.19,8.0,cached,float32,1,0.33300621524370294,450.97211798937565,0.2902638274676277,18.576884957928172,2.9040314587139973,2.924059184384229,1,1.0,0,0.37370440002996475
q,2039.0,29,89,17943536799344032657,200,1600,8,2039,3.19,8.0,cached,float32,1,0.33300621524370294,450.97211798937565,0.2902638274676277,18.576884957928172,2.9040314587139973,2.924059184384229,1,1.0,0,0.37439479993190616
q,2039.0,29,90,9572756872248551733,200,1600,8,2039,3.19,8.0,cached,float32,1,0.33300621524370294,450.97211798937565,0.2902638274676277,18.576884957928172,2.9040314587139973,2.924059184384229,1,1.0,0,0.37187350005842745
q,2039.0,29,91,804462525745991367,200,1600,8,2039,3.19,8.0,cached,float32,1,0.33300621524370294,450.97211798937565,0.2902638274676277,18.576884957928172,2.9040314587139973,2.924059184384229,1,1.0,0,0.36871930002234876
q,2039.0,29,92,7774835650716632246,200,1600,8,2039,3.19,8.0,cached,float32,1,0.33300621524370294,450.97211798937565,0.2902638274676277,18.576884957928172,2.9040314587139973,2.924059184384229,1,1.0,0,0.36926039995159954
q,2039.0,29,93,14800078164173171032,200,1600,8,2039,3.19,8.0,cached,float32,1,0.33300621524370294,450.97211798937565,0.2902638274676277,18.576884957928172,2.9040314587139973,2.924059184384229,1,1.0,0,0.36955820000730455
q,2039.0,29,94,109196286198566498,200,1600,8,2039,3.19,8.0,cached,float32,1,0.33300621524370294,450.97211798937565,0.2902638274676277,18.576884957928172,2.9040314587139973,2.924059184384229,1,1.0,0,0.37327679991722107
q,2039.0,29,95,3521133729283322546,200,1600,8,2039,3.19,8.0,cached,float32,1,0.33300621524370294,450.97211798937565,0.2902638274676277,18.576884957928172,2.9040314587139973,2.924059184384229,1,1.0,0,0.3669120999984443
q,2039.0,29,96,3198360407935274600,200,1600,8,2039,3.19,8.0,cached,float32,1,0.33300621524370294,450.97211798937565,0.2902638274676277,18.576884957928172,2.9040314587139973,2.924059184384229,1,1.0,0,0.3689320998964831
q,2039.0,29,97,18195432611367526298,200,1600,8,2039,3.19,8.0,cached,float32,1,0.33300621524370294,450.97211798937565,0.2902638274676277,18.576884957928172,2.9040314587139973,2.924059184384229,1,1.0,0,0.37846719997469336
q,2039.0,29,98,3883688873984369998,200,1600,8,2039,3.19,8.0,cached,float32,1,0.33300621524370294,450.97211798937565,0.2902638274676277,18.576884957928172,2.9040314587139973,2.924059184384229,1,1.0,0,0.371103800018318
q,2039.0,29,99,1364793578056004051,200,1600,8,2039,3.19,8.0,cached,float32,1,0.33300621524370294,450.97211798937565,0.2902638274676277,18.576884957928172,2.9040314587139973,2.924059184384229,1,1.0,0,0.3738672999897972
q,3061.0,30,0,546995605994864684,200,1600,8,3061,3.19,8.0,cached,float32,1,0.33311546840958606,677.5123360301515,0.4367533508627705,27.952214455217312,4.36962980082557,4.389673939872547,1,1.0,0,0.4279710000846535
q,3061.0,30,1,2547961258372356781,200,1600,8,3061,3.19,8.0,cached,float32,1,0.33311546840958606,677.5123360301515,0.4367533508627705,27.952214455217312,4.36962980082557,4.389673939872547,1,1.0,0,0.4176432000240311
q,3061.0,30,2,7292647548428336234,200,1600,8,3061,3.19,8.0,cached,float32,1,0.33311546840958606,677.5123360301515,0.4367533508627705,27.952214455217312,4.36962980082557,4.389673939872547,1,1.0,0,0.45455899997614324
q,3061.0,30,3,17731728669869088433,200,1600,8,3061,3.19,8.0,cached,float32,1,0.33311546840958606,677.5123360301515,0.4367533508627705,27.952214455217312,4.36962980082557,4.389673939872547,1,1.0,0,0.43167219997849315
q,3061.0,30,4,3656151564432366867,200,1600,8,3061,3.19,8.0,cached,float32,1,0.33311546840958606,677.5123360301515,0.4367533508627705,27.952214455217312,4.36962980082557,4.389673939872547,1,1.0,0,0.4334277000743896
q,3061.0,30,5,5944951121378657382,200,1600,8,3061,3.19,8.0,cached,float32,1,0.33311546840958606,677.5123360301515,0.4367533508627705,27.952214455217312,4.36962980082557,4.389673939872547,1,1.0,0,0.4315016999607906
q,3061.0,30,6,16935320678333613144,200,1600,8,3061,3.19,8.0,cached,float32,1,0.33311546840958606,677.5123360301515,0.4367533508627705,27.952214455217312,4.36962980082557,4.389673939872547,1,1.0,0,0.4350296000484377
q,3061.0,30,7,2049531085465600858,200,1600,8,3061,3.19,8.0,cached,float32,1,0.33311546840958606,677.5123360301515,0.4367533508627705,27.952214455217312,4.36962980082557,4.389673939872547,1,1.0,0,0.4405501000583172
q,3061.0,30,8,10922986354608676662,200,1600,8,3061,3.19,8.0,cached,float32,1,0.33311546840958606,677.5123360301515,0.4367533508627705,27.952214455217312,4.36962980082557,4.389673939872547,1,1.0,0,0.44958080002106726
q,3061.0,30,9,1803704924472227841,200,1600,8,3061,3.19,8.0,cached,float32,1,0.33311546840958606,677.5123360301515,0.4367533508627705,27.952214455217312,4.36962980082557,4.389673939872547,1,1.0,0,0.4305694999638945
q,3061.0,30,10,16924921941126394853,200,1600,8,3061,3.19,8.0,cached,float32,1,0.33311546840958606,677.5123360301515,0.4367533508627705,27.952214455217312,4.36962980082557,4.389673939872547,1,1.0,0,0.4287668999750167
q,3061.0,30,11,15806181128926537521,200,1600,8,3061,3.19,8.0,cached,float32,1,0.33311546840958606,677.5123360301515,0.4367533508627705,27.952214455217312,4.36962980082557,4.389673939872547,1,1.0,0,0.4369122999487445
q,3061.0,30,12,16137513686632396275,200,1600,8,3061,3.19,8.0,cached,float32,1,0.33311546840958606,677.5123360301515,0.4367533508627705,27.952214455217312,4.36962980082557,4.389673939872547,1,1.0,0,0.433129399898462
q,3061.0,30,13,15052899010121638020,200,1600,8,3061,3.19,8.0,cached,float32,1,0.33311546840958606,677.5123360301515,0.4367533508627705,27.952214455217312,4.36962980082557,4.389673939872547,1,1.0,0,0.41807630006223917
q,3061.0,30,14,11385013225434407075,200,1600,8,3061,3.19,8.0,cached,float32,1,0.33311546840958606,677.5123360301515,0.4367533508627705,27.952214455217312,4.36962980082557,4.389673939872547,1,1.0,0,0.4144072000635788
q,3061.0,30,15,11757431176267951881,200,1600,8,3061,3.19,8.0,cached,float32,1,0.33311546840958606,677.5123360301515,0.4367533508627705,27.952214455217312,4.36962980082557,4.389673939872547,1,1.0,0,0.4184603000758216
q,3061.0,30,16,5849197620837576549,200,1600,8,3061,3.19,8.0,cached,float32,1,0.33311546840958606,677.5123360301515,0.4367533508627705,27.952214455217312,4.36962980082557,4.389673939872547,1,1.0,0,0.4152254000073299
q,3061.0,30,17,11656700056824168763,200,1600,8,3061,3.19,8.0,cached,float32,1,0.33311546840958606,677.5123360301515,0.4367533508627705,27.952214455217312,4.36962980082557,4.389673939872547,1,1.0,0,0.4161472999257967
q,3061.0,30,18,16247884962894976845,200,1600,8,3061,3.19,8.0,cached,float32,1,0.33311546840958606,677.5123360301515,0.4367533508627705,27.952214455217312,4.36962980082557,4.389673939872547,1,1.0,0,0.42414959997404367
q,3061.0,30,19,8159885867381700219,200,1600,8,3061,3.19,8.0,cached,float32,1,0.33311546840958606,677.5123360301515,0.4367533508627705,27.952214455217312,4.36962980082557,4.389673939872547,1,1.0,0,0.4209096999838948
q,3061.0,30,20,15553159790000751131,200,1600,8,3061,3.19,8.0,cached,float32,1,0.33311546840958606,677.5123360301515,0.4367533508627705,27.952214455217312,4.36962980082557,4.389673939872547,1,1.0,0,0.4186590000754222
q,3061.0,30,21,8653705870637100554,200,1600,8,3061,3.19,8.0,cached,float32,1,0.33311546840958606,677.5123360301515,0.4367533508627705,27.952214455217312,4.36962980082557,4.389673939872547,1,1.0,0,0.4163735000183806
q,3061.0,30,22,11478279589910361403,200,1600,8,3061,3.19,8.0,cached,float32,1,0.33311546840958606,677.5123360301515,0.4367533508627705,27.952214455217312,4.36962980082557,4.389673939872547,1,1.0,0,0.4165845999959856
q,3061.0,30,23,4682793936777164269,200,1600,8,3061,3.19,8.0,cached,float32,1,0.33311546840958606,677.5123360301515,0.4367533508627705,27.952214455217312,4.36962980082557,4.389673939872547,1,1.0,0,0.4139577999012545
q,3061.0,30,24,9206015880597557516,200,1600,8,3061,3.19,8.0,cached,float32,1,0.33311546840958606,677.5123360301515,0.4367533508627705,27.952214455217312,4.36962980082557,4.389673939872547,1,1.0,0,0.414802800049074
q,3061.0,30,25,12786925138054503646,200,1600,8,3061,3.19,8.0,cached,float32,1,0.33311546840958606,677.5123360301515,0.4367533508627705,27.952214455217312,4.36962980082557,4.389673939872547,1,1.0,0,0.4231959000462666
q,3061.0,30,26,14280451607520222919,200,1600,8,3061,3.19,8.0,cached,float32,1,0.33311546840958606,677.5123360301515,0.4367533508627705,27.952214455217312,4.36962980082557,4.389673939872547,1,1.0,0,0.4466792999301106
q,3061.0,30,27,12513979701453932646,200,1600,8,3061,3.19,8.0,cached,float32,1,0.33311546840958606,677.5123360301515,0.4367533508627705,27.952214455217312,4.36962980082557,4.389673939872547,1,1.0,0,0.41896030004136264
q,3061.0,30,28,16421045981706092810,200,1600,8,3061,3.19,8.0,cached,float32,1,0.33311546840958606,677.5123360301515,0.4367533508627705,27.952214455217312,4.36962980082557,4.389673939872547,1,1.0,0,0.4135893000056967
q,3061.0,30,29,800532712054243467,200,1600,8,3061,3.19,8.0,cached,float32,1,0.33311546840958606,677.5123360301515,0.4367533508627705,27.952214455217312,4.36962980082557,4.389673939872547,1,1.0,0,0.42178810003679246
q,3061.0,30,30,2707410689307736967,200,1600,8,3061,3.19,8.0,cached,float32,1,0.33311546840958606,677.5123360301515,0.4367533508627705,27.952214455217312,4.36962980082557,4.389673939872547,1,1.0,0,0.46144960005767643
q,3061.0,30,31,3524767432993020219,200,1600,8,3061,3.19,8.0,cached,float32,1,0.33311546840958606,677.5123360301515,0.4367533508627705,27.952214455217312,4.36962980082557,4.389673939872547,1,1.0,0,0.43171829998027533
q,3061.0,30,32,17528343622028449476,200,1600,8,3061,3.19,8.0,cached,float32,1,0.33311546840958606,677.5123360301515,0.4367533508627705,27.952214455217312,4.36962980082557,4.389673939872547,1,1.0,0,0.5002025000285357
q,3061.0,30,33,15850901620617557581,200,1600,8,3061,3.19,8.0,cached,float32,1,0.33311546840958606,677.5123360301515,0.4367533508627705,27.952214455217312,4.36962980082557,4.389673939872547,1,1.0,0,0.4459274000255391
q,3061.0,30,34,15729093239448947749,200,1600,8,3061,3.19,8.0,cached,float32,1,0.33311546840958606,677.5123360301515,0.4367533508627705,27.952214455217312,4.36962980082557,4.389673939872547,1,1.0,0,0.48015670001041144
q,3061.0,30,35,12660018797179731393,200,1600,8,3061,3.19,8.0,cached,float32,1,0.33311546840958606,677.5123360301515,0.4367533508627705,27.952214455217312,4.36962980082557,4.389673939872547,1,1.0,0,0.4533327000681311
q,3061.0,30,36,9875930299207604279,200,1600,8,3061,3.19,8.0,cached,float32,1,0.33311546840958606,677.5123360301515,0.4367533508627705,27.952214455217312,4.36962980082557,4.389673939872547,1,1.0,0,0.4983967998996377
q,3061.0,30,37,12804672053882600756,200,1600,8,3061,3.19,8.0,cached,float32,1,0.33311546840958606,677.5123360301515,0.4367533508627705,27.952214455217312,4.36962980082557,4.389673939872547,1,1.0,0,0.4218741999939084
q,3061.0,30,38,3213278835499127322,200,1600,8,3061,3.19,8.0,cached,float32,1,0.33311546840958606,677.5123360301515,0.4367533508627705,27.952214455217312,4.36962980082557,4.389673939872547,1,1.0,0,0.4680574000813067
q,3061.0,30,39,15851822598787186240,200,1600,8,3061,3.19,8.0,cached,float32,1,0.33311546840958606,677.5123360301515,0.4367533508627705,27.952214455217312,4.36962980082557,4.389673939872547,1,1.0,0,0.43626579991541803
q,3061.0,30,40,329162806838164819,200,1600,8,3061,3.19,8.0,cached,float32,1,0.33311546840958606,677.5123360301515,0.4367533508627705,27.952214455217312,4.36962980082557,4.389673939872547,1,1.0,0,0.426922700018622
q,3061.0,30,41,1786344486744046867,200,1600,8,3061,3.19,8.0,cached,float32,1,0.33311546840958606,677.5123360301515,0.4367533508627705,27.952214455217312,4.36962980082557,4.389673939872547,1,1.0,0,0.4526694000232965
q,3061.0,30,42,2446268664134775615,200,1600,8,3061,3.19,8.0,cached,float32,1,0.33311546840958606,677.5123360301515,0.4367533508627705,27.952214455217312,4.36962980082557,4.389673939872547,1,1.0,0,0.42386009998153895
q,3061.0,30,43,5899182116102517605,200,1600,8,3061,3.19,8.0,cached,float32,1,0.33311546840958606,677.5123360301515,0.4367533508627705,27.952214455217312,4.36962980082557,4.389673939872547,1,1.0,0,0.4293042999925092
q,3061.0,30,44,15378650449860802250,200,1600,8,3061,3.19,8.0,cached,float32,1,0.33311546840958606,677.5123360301515,0.4367533508627705,27.952214455217312,4.36962980082557,4.389673939872547,1,1.0,0,0.4226287000346929
q,3061.0,30,45,13618748775023741666,200,1600,8,3061,3.19,8.0,cached,float32,1,0.33311546840958606,677.5123360301515,0.4367533508627705,27.952214455217312,4.36962980082557,4.389673939872547,1,1.0,0,0.4198591000167653
q,3061.0,30,46,2397706140204835458,200,1600,8,3061,3.19,8.0,cached,float32,1,0.33311546840958606,677.5123360301515,0.4367533508627705,27.952214455217312,4.36962980082557,4.389673939872547,1,1.0,0,0.4236111000645906
q,3061.0,30,47,1956089025060089700,200,1600,8,3061,3.19,8.0,cached,float32,1,0.33311546840958606,677.5123360301515,0.4367533508627705,27.952214455217312,4.36962980082557,4.389673939872547,1,1.0,0,0.41955390002112836
q,3061.0,30,48,6621620381470831172,200,1600,8,3061,3.19,8.0,cached,float32,1,0.33311546840958606,677.5123360301515,0.4367533508627705,27.952214455217312,4.36962980082557,4.389673939872547,1,1.0,0,0.4181802999228239
q,3061.0,30,49,6703296479776880238,200,1600,8,3061,3.19,8.0,cached,float32,1,0.33311546840958606,677.5123360301515,0.4367533508627705,27.952214455217312,4.36962980082557,4.389673939872547,1,1.0,0,0.41731829999480397
q,3061.0,30,50,10795217728965740586,200,1600,8,3061,3.19,8.0,cached,float32,1,0.33311546840958606,677.5123360301515,0.4367533508627705,27.952214455217312,4.36962980082557,4.389673939872547,1,1.0,0,0.4159539000829682
q,3061.0,30,51,9506955271206270135,200,1600,8,3061,3.19,8.0,cached,float32,1,0.33311546840958606,677.5123360301515,0.4367533508627705,27.952214455217312,4.36962980082557,4.389673939872547,1,1.0,0,0.43181950005237013
q,3061.0,30,52,7706987342917974772,200,1600,8,3061,3.19,8.0,cached,float32,1,0.33311546840958606,677.5123360301515,0.4367533508627705,27.952214455217312,4.36962980082557,4.389673939872547,1,1.0,0,0.4197110999375582
q,3061.0,30,53,6755492260508603639,200,1600,8,3061,3.19,8.0,cached,float32,1,0.33311546840958606,677.5123360301515,0.4367533508627705,27.952214455217312,4.36962980082557,4.389673939872547,1,1.0,0,0.422489499906078
q,3061.0,30,54,10852721604674314957,200,1600,8,3061,3.19,8.0,cached,float32,1,0.33311546840958606,677.5123360301515,0.4367533508627705,27.952214455217312,4.36962980082557,4.389673939872547,1,1.0,0,0.4188505000201985
q,3061.0,30,55,15032281305064250408,200,1600,8,3061,3.19,8.0,cached,float32,1,0.33311546840958606,677.5123360301515,0.4367533508627705,27.952214455217312,4.36962980082557,4.389673939872547,1,1.0,0,0.42164070007856935
q,3061.0,30,56,543062152153202796,200,1600,8,3061,3.19,8.0,cached,float32,1,0.33311546840958606,677.5123360301515,0.4367533508627705,27.952214455217312,4.36962980082557,4.389673939872547,1,1.0,0,0.41577669989783317
q,3061.0,30,57,12982033663443845420,200,1600,8,3061,3.19,8.0,cached,float32,1,0.33311546840958606,677.5123360301515,0.4367533508627705,27.952214455217312,4.36962980082557,4.389673939872547,1,1.0,0,0.4250535999890417
q,3061.0,30,58,8367892609148536775,200,1600,8,3061,3.19,8.0,cached,float32,1,0.33311546840958606,677.5123360301515,0.4367533508627705,27.952214455217312,4.36962980082557,4.389673939872547,1,1.0,0,0.416368699981831
q,3061.0,30,59,16111392390177374027,200,1600,8,3061,3.19,8.0,cached,float32,1,0.33311546840958606,677.5123360301515,0.4367533508627705,27.952214455217312,4.36962980082557,4.389673939872547,1,1.0,0,0.4139248999999836
q,3061.0,30,60,4792798306211109790,200,1600,8,3061,3.19,8.0,cached,float32,1,0.33311546840958606,677.5123360301515,0.4367533508627705,27.952214455217312,4.36962980082557,4.389673939872547,1,1.0,0,0.42129980004392564
q,3061.0,30,61,11275609090311223228,200,1600,8,3061,3.19,8.0,cached,float32,1,0.33311546840958606,677.5123360301515,0.4367533508627705,27.952214455217312,4.36962980082557,4.389673939872547,1,1.0,0,0.42153990000952035
q,3061.0,30,62,3284136722486993297,200,1600,8,3061,3.19,8.0,cached,float32,1,0.33311546840958606,677.5123360301515,0.4367533508627705,27.952214455217312,4.36962980082557,4.389673939872547,1,1.0,0,0.4201833999250084
q,3061.0,30,63,15517932642097216367,200,1600,8,3061,3.19,8.0,cached,float32,1,0.33311546840958606,677.5123360301515,0.4367533508627705,27.952214455217312,4.36962980082557,4.389673939872547,1,1.0,0,0.41597460000775754
q,3061.0,30,64,4941007256575179119,200,1600,8,3061,3.19,8.0,cached,float32,1,0.33311546840958606,677.5123360301515,0.4367533508627705,27.952214455217312,4.36962980082557,4.389673939872547,1,1.0,0,0.458271799958311
q,3061.0,30,65,13034991743678198038,200,1600,8,3061,3.19,8.0,cached,float32,1,0.33311546840958606,677.5123360301515,0.4367533508627705,27.952214455217312,4.36962980082557,4.389673939872547,1,1.0,0,0.4178972999798134
q,3061.0,30,66,11664330983911581098,200,1600,8,3061,3.19,8.0,cached,float32,1,0.33311546840958606,677.5123360301515,0.4367533508627705,27.952214455217312,4.36962980082557,4.389673939872547,1,1.0,0,0.42056920006871223
q,3061.0,30,67,8526960755093699266,200,1600,8,3061,3.19,8.0,cached,float32,1,0.33311546840958606,677.5123360301515,0.4367533508627705,27.952214455217312,4.36962980082557,4.389673939872547,1,1.0,0,0.4258238000329584
q,3061.0,30,68,8978851939763977829,200,1600,8,3061,3.19,8.0,cached,float32,1,0.33311546840958606,677.5123360301515,0.4367533508627705,27.952214455217312,4.36962980082557,4.389673939872547,1,1.0,0,0.4157856000820175
q,3061.0,30,69,17619548991170985328,200,1600,8,3061,3.19,8.0,cached,float32,1,0.33311546840958606,677.5123360301515,0.4367533508627705,27.952214455217312,4.36962980082557,4.389673939872547,1,1.0,0,0.42023000004701316
q,3061.0,30,70,11318618549815143150,200,1600,8,3061,3.19,8.0,cached,float32,1,0.33311546840958606,677.5123360301515,0.4367533508627705,27.952214455217312,4.36962980082557,4.389673939872547,1,1.0,0,0.4185349000617862
q,3061.0,30,71,7921554943929737452,200,1600,8,3061,3.19,8.0,cached,float32,1,0.33311546840958606,677.5123360301515,0.4367533508627705,27.952214455217312,4.36962980082557,4.389673939872547,1,1.0,0,0.41724930005148053
q,3061.0,30,72,14294428558794894052,200,1600,8,3061,3.19,8.0,cached,float32,1,0.33311546840958606,677.5123360301515,0.4367533508627705,27.952214455217312,4.36962980082557,4.389673939872547,1,1.0,0,0.4234061000170186
q,3061.0,30,73,11927513218256817040,200,1600,8,3061,3.19,8.0,cached,float32,1,0.33311546840958606,677.5123360301515,0.4367533508627705,27.952214455217312,4.36962980082557,4.389673939872547,1,1.0,0,0.41825819993391633
q,3061.0,30,74,6004314264853535953,200,1600,8,3061,3.19,8.0,cached,float32,1,0.33311546840958606,677.5123360301515,0.4367533508627705,27.952214455217312,4.36962980082557,4.389673939872547,1,1.0,0,0.42043980001471937
q,3061.0,30,75,4032263279508215066,200,1600,8,3061,3.19,8.0,cached,float32,1,0.33311546840958606,677.5123360301515,0.4367533508627705,27.952214455217312,4.36962980082557,4.389673939872547,1,1.0,0,0.4192277999827638
q,3061.0,30,76,9857169170624663043,200,1600,8,3061,3.19,8.0,cached,float32,1,0.33311546840958606,677.5123360301515,0.4367533508627705,27.952214455217312,4.36962980082557,4.389673939872547,1,1.0,0,0.41694380005355924
q,3061.0,30,77,6853342725297341129,200,1600,8,3061,3.19,8.0,cached,float32,1,0.33311546840958606,677.5123360301515,0.4367533508627705,27.952214455217312,4.36962980082557,4.389673939872547,1,1.0,0,0.4192146999994293
q,3061.0,30,78,968253855066183105,200,1600,8,3061,3.19,8.0,cached,float32,1,0.33311546840958606,677.5123360301515,0.4367533508627705,27.952214455217312,4.36962980082557,4.389673939872547,1,1.0,0,0.4127114999573678
q,3061.0,30,79,16033873207831532520,200,1600,8,3061,3.19,8.0,cached,float32,1,0.33311546840958606,677.5123360301515,0.4367533508627705,27.952214455217312,4.36962980082557,4.389673939872547,1,1.0,0,0.4254081000108272
q,3061.0,30,80,10080086602705052347,200,1600,8,3061,3.19,8.0,cached,float32,1,0.33311546840958606,677.5123360301515,0.4367533508627705,27.952214455217312,4.36962980082557,4.389673939872547,1,1.0,0,0.41890950000379235
q,3061.0,30,81,3156433709963899114,200,1600,8,3061,3.19,8.0,cached,float32,1,0.33311546840958606,677.5123360301515,0.4367533508627705,27.952214455217312,4.36962980082557,4.389673939872547,1,1.0,0,0.41873329994268715
q,3061.0,30,82,3834100007306883323,200,1600,8,3061,3.19,8.0,cached,float32,1,0.33311546840958606,677.5123360301515,0.4367533508627705,27.952214455217312,4.36962980082557,4.389673939872547,1,1.0,0,0.452745100017637
q,3061.0,30,83,4375407763380322225,200,1600,8,3061,3.19,8.0,cached,float32,1,0.33311546840958606,677.5123360301515,0.4367533508627705,27.952214455217312,4.36962980082557,4.389673939872547,1,1.0,0,0.4271352000068873
q,3061.0,30,84,16243521628119989639,200,1600,8,3061,3.19,8.0,cached,float32,1,0.33311546840958606,677.5123360301515,0.4367533508627705,27.952214455217312,4.36962980082557,4.389673939872547,1,1.0,0,0.4178810000885278
q,3061.0,30,85,3682861154168248206,200,1600,8,3061,3.19,8.0,cached,float32,1,0.33311546840958606,677.5123360301515,0.4367533508627705,27.952214455217312,4.36962980082557,4.389673939872547,1,1.0,0,0.41818320006132126
q,3061.0,30,86,14445793904637042345,200,1600,8,3061,3.19,8.0,cached,float32,1,0.33311546840958606,677.5123360301515,0.4367533508627705,27.952214455217312,4.36962980082557,4.389673939872547,1,1.0,0,0.43195919995196164
q,3061.0,30,87,11631616750811295810,200,1600,8,3061,3.19,8.0,cached,float32,1,0.33311546840958606,677.5123360301515,0.4367533508627705,27.952214455217312,4.36962980082557,4.389673939872547,1,1.0,0,0.429952000034973
q,3061.0,30,88,14603630880861911959,200,1600,8,3061,3.19,8.0,cached,float32,1,0.33311546840958606,677.5123360301515,0.4367533508627705,27.952214455217312,4.36962980082557,4.389673939872547,1,1.0,0,0.4295669000130147
q,3061.0,30,89,7505584475465533310,200,1600,8,3061,3.19,8.0,cached,float32,1,0.33311546840958606,677.5123360301515,0.4367533508627705,27.952214455217312,4.36962980082557,4.389673939872547,1,1.0,0,0.43921719992067665
q,3061.0,30,90,16244267056049694046,200,1600,8,3061,3.19,8.0,cached,float32,1,0.33311546840958606,677.5123360301515,0.4367533508627705,27.952214455217312,4.36962980082557,4.389673939872547,1,1.0,0,0.43464099999982864
q,3061.0,30,91,12056694335363930157,200,1600,8,3061,3.19,8.0,cached,float32,1,0.33311546840958606,677.5123360301515,0.4367533508627705,27.952214455217312,4.36962980082557,4.389673939872547,1,1.0,0,0.43245780002325773
q,3061.0,30,92,15981408096657137829,200,1600,8,3061,3.19,8.0,cached,float32,1,0.33311546840958606,677.5123360301515,0.4367533508627705,27.952214455217312,4.36962980082557,4.389673939872547,1,1.0,0,0.4272562999976799
q,3061.0,30,93,3748441746693236731,200,1600,8,3061,3.19,8.0,cached,float32,1,0.33311546840958606,677.5123360301515,0.4367533508627705,27.952214455217312,4.36962980082557,4.389673939872547,1,1.0,0,0.4230338999768719
q,3061.0,30,94,10731432728481278046,200,1600,8,3061,3.19,8.0,cached,float32,1,0.33311546840958606,677.5123360301515,0.4367533508627705,27.952214455217312,4.36962980082557,4.389673939872547,1,1.0,0,0.43374889995902777
q,3061.0,30,95,8368354050276229438,200,1600,8,3061,3.19,8.0,cached,float32,1,0.33311546840958606,677.5123360301515,0.4367533508627705,27.952214455217312,4.36962980082557,4.389673939872547,1,1.0,0,0.4177214000374079
q,3061.0,30,96,14658633158910108002,200,1600,8,3061,3.19,8.0,cached,float32,1,0.33311546840958606,677.5123360301515,0.4367533508627705,27.952214455217312,4.36962980082557,4.389673939872547,1,1.0,0,0.4299580999650061
q,3061.0,30,97,12336816592312172378,200,1600,8,3061,3.19,8.0,cached,float32,1,0.33311546840958606,677.5123360301515,0.4367533508627705,27.952214455217312,4.36962980082557,4.389673939872547,1,1.0,0,0.41781180002726614
q,3061.0,30,98,7980943920515921921,200,1600,8,3061,3.19,8.0,cached,float32,1,0.33311546840958606,677.5123360301515,0.4367533508627705,27.952214455217312,4.36962980082557,4.389673939872547,1,1.0,0,0.4189845999935642
q,3061.0,30,99,16513159322521674284,200,1600,8,3061,3.19,8.0,cached,float32,1,0.33311546840958606,677.5123360301515,0.4367533508627705,27.952214455217312,4.36962980082557,4.389673939872547,1,1.0,0,0.4249424999579787
sigma,1.0,31,0,11398637319031358696,200,1600,8,1021,1.0,8.0,cached,float32,1,0.3326797385620915,867.2352525510362,0.4604793961251239,29.47068135200793,4.607004131736406,4.67073640164178,1,1.0,0,0.33231359999626875
sigma,1.0,31,1,14673230721763410578,200,1600,8,1021,1.0,8.0,cached,float32,1,0.3326797385620915,867.2352525510362,0.4604793961251239,29.47068135200793,4.607004131736406,4.67073640164178,1,1.0,0,0.32824890001211315
sigma,1.0,31,2,15995141247272172066,200,1600,8,1021,1.0,8.0,cached,float32,1,0.3326797385620915,867.2352525510362,0.4604793961251239,29.47068135200793,4.607004131736406,4.67073640164178,1,1.0,0,0.32684200000949204
sigma,1.0,31,3,5914821294853387521,200,1600,8,1021,1.0,8.0,cached,float32,1,0.3326797385620915,867.2352525510362,0.4604793961251239,29.47068135200793,4.607004131736406,4.67073640164178,1,1.0,0,0.32543600001372397
sigma,1.0,31,4,11602695506013960744,200,1600,8,1021,1.0,8.0,cached,float32,1,0.3326797385620915,867.2352525510362,0.4604793961251239,29.47068135200793,4.607004131736406,4.67073640164178,1,1.0,0,0.3359767999500036
sigma,1.0,31,5,14893726850170007129,200,1600,8,1021,1.0,8.0,cached,float32,1,0.3326797385620915,867.2352525510362,0.4604793961251239,29.47068135200793,4.607004131736406,4.67073640164178,1,1.0,0,0.33051780005916953
sigma,1.0,31,6,16424547227329851102,200,1600,8,1021,1.0,8.0,cached,float32,1,0.3326797385620915,867.2352525510362,0.4604793961251239,29.47068135200793,4.607004131736406,4.67073640164178,1,1.0,0,0.33140359993558377
sigma,1.0,31,7,12554123105085495186,200,1600,8,1021,1.0,8.0,cached,float32,1,0.3326797385620915,867.2352525510362,0.4604793961251239,29.47068135200793,4.607004131736406,4.67073640164178,1,1.0,0,0.3235051999799907
sigma,1.0,31,8,7289530640987741840,200,1600,8,1021,1.0,8.0,cached,float32,1,0.3326797385620915,867.2352525510362,0.4604793961251239,29.47068135200793,4.607004131736406,4.67073640164178,1,1.0,0,0.3291859000455588
sigma,1.0,31,9,14055878524199065579,200,1600,8,1021,1.0,8.0,cached,float32,1,0.3326797385620915,867.2352525510362,0.4604793961251239,29.47068135200793,4.607004131736406,4.67073640164178,1,1.0,0,0.3262641999172047
sigma,1.0,31,10,14668982707824687030,200,1600,8,1021,1.0,8.0,cached,float32,1,0.3326797385620915,867.2352525510362,0.4604793961251239,29.47068135200793,4.607004131736406,4.67073640164178,1,1.0,0,0.3293666000245139
sigma,1.0,31,11,121104069083528515,200,1600,8,1021,1.0,8.0,cached,float32,1,0.3326797385620915,867.2352525510362,0.4604793961251239,29.47068135200793,4.607004131736406,4.67073640164178,1,1.0,0,0.33033469994552433
sigma,1.0,31,12,9016157011695396217,200,1600,8,1021,1.0,8.0,cached,float32,1,0.3326797385620915,867.2352525510362,0.4604793961251239,29.47068135200793,4.607004131736406,4.67073640164178,1,1.0,0,0.33902169996872544
sigma,1.0,31,13,3446097175075517739,200,1600,8,1021,1.0,8.0,cached,float32,1,0.3326797385620915,867.2352525510362,0.4604793961251239,29.47068135200793,4.607004131736406,4.67073640164178,1,1.0,0,0.33270349993836135
sigma,1.0,31,14,14420023044409789353,200,1600,8,1021,1.0,8.0,cached,float32,1,0.3326797385620915,867.2352525510362,0.4604793961251239,29.47068135200793,4.607004131736406,4.67073640164178,1,1.0,0,0.32655110000632703
sigma,1.0,31,15,9440556220266907600,200,1600,8,1021,1.0,8.0,cached,float32,1,0.3326797385620915,867.2352525510362,0.4604793961251239,29.47068135200793,4.607004131736406,4.67073640164178,1,1.0,0,0.32412080001085997
sigma,1.0,31,16,604231198946306923,200,1600,8,1021,1.0,8.0,cached,float32,1,0.3326797385620915,867.2352525510362,0.4604793961251239,29.47068135200793,4.607004131736406,4.67073640164178,1,1.0,0,0.3347999999532476
sigma,1.0,31,17,11287871644663832429,200,1600,8,1021,1.0,8.0,cached,float32,1,0.3326797385620915,867.2352525510362,0.4604793961251239,29.47068135200793,4.607004131736406,4.67073640164178,1,1.0,0,0.3282175000058487
sigma,1.0,31,18,747273283656812745,200,1600,8,1021,1.0,8.0,cached,float32,1,0.3326797385620915,867.2352525510362,0.4604793961251239,29.47068135200793,4.607004131736406,4.67073640164178,1,1.0,0,0.32964079990051687
sigma,1.0,31,19,17814666488891270179,200,1600,8,1021,1.0,8.0,cached,float32,1,0.3326797385620915,867.2352525510362,0.4604793961251239,29.47068135200793,4.607004131736406,4.67073640164178,1,1.0,0,0.35142379999160767
sigma,1.0,31,20,400435030256735177,200,1600,8,1021,1.0,8.0,cached,float32,1,0.3326797385620915,867.2352525510362,0.4604793961251239,29.47068135200793,4.607004131736406,4.67073640164178,1,1.0,0,0.33313279994763434
sigma,1.0,31,21,8619539043890634826,200,1600,8,1021,1.0,8.0,cached,float32,1,0.3326797385620915,867.2352525510362,0.4604793961251239,29.47068135200793,4.607004131736406,4.67073640164178,1,1.0,0,0.3290482999291271
sigma,1.0,31,22,11636552015211682589,200,1600,8,1021,1.0,8.0,cached,float32,1,0.3326797385620915,867.2352525510362,0.4604793961251239,29.47068135200793,4.607004131736406,4.67073640164178,1,1.0,0,0.3334733999799937
sigma,1.0,31,23,10321328399345994909,200,1600,8,1021,1.0,8.0,cached,float32,1,0.3326797385620915,867.2352525510362,0.4604793961251239,29.47068135200793,4.607004131736406,4.67073640164178,1,1.0,0,0.33076869999058545
sigma,1.0,31,24,721051660622378033,200,1600,8,1021,1.0,8.0,cached,float32,1,0.3326797385620915,867.2352525510362,0.4604793961251239,29.47068135200793,4.607004131736406,4.67073640164178,1,1.0,0,0.3330871000653133
sigma,1.0,31,25,4566962704225926092,200,1600,8,1021,1.0,8.0,cached,float32,1,0.3326797385620915,867.2352525510362,0.4604793961251239,29.47068135200793,4.607004131736406,4.67073640164178,1,1.0,0,0.3272725000279024
sigma,1.0,31,26,16467767813879788494,200,1600,8,1021,1.0,8.0,cached,float32,1,0.3326797385620915,867.2352525510362,0.4604793961251239,29.47068135200793,4.607004131736406,4.67073640164178,1,1.0,0,0.32382179994601756
sigma,1.0,31,27,8854524279944234239,200,1600,8,1021,1.0,8.0,cached,float32,1,0.3326797385620915,867.2352525510362,0.4604793961251239,29.47068135200793,4.607004131736406,4.67073640164178,1,1.0,0,0.32737850002013147
sigma,1.0,31,28,10659355634518152480,200,1600,8,1021,1.0,8.0,cached,float32,1,0.3326797385620915,867.2352525510362,0.4604793961251239,29.47068135200793,4.607004131736406,4.67073640164178,1,1.0,0,0.32575489999726415
sigma,1.0,31,29,3330310857162556209,200,1600,8,1021,1.0,8.0,cached,float32,1,0.3326797385620915,867.2352525510362,0.4604793961251239,29.47068135200793,4.607004131736406,4.67073640164178,1,1.0,0,0.3266288999002427
sigma,1.0,31,30,3333724688156967176,200,1600,8,1021,1.0,8.0,cached,float32,1,0.3326797385620915,867.2352525510362,0.4604793961251239,29.47068135200793,4.607004131736406,4.67073640164178,1,1.0,0,0.3266054999548942
sigma,1.0,31,31,5789607988019022612,200,1600,8,1021,1.0,8.0,cached,float32,1,0.3326797385620915,867.2352525510362,0.4604793961251239,29.47068135200793,4.607004131736406,4.67073640164178,1,1.0,0,0.3312365999445319
sigma,1.0,31,32,7649178953207715112,200,1600,8,1021,1.0,8.0,cached,float32,1,0.3326797385620915,867.2352525510362,0.4604793961251239,29.47068135200793,4.607004131736406,4.67073640164178,1,1.0,0,0.3274480999680236
sigma,1.0,31,33,16435727927825006320,200,1600,8,1021,1.0,8.0,cached,float32,1,0.3326797385620915,867.2352525510362,0.4604793961251239,29.47068135200793,4.607004131736406,4.67073640164178,1,1.0,0,0.3331946999533102
sigma,1.0,31,34,2365368200857613601,200,1600,8,1021,1.0,8.0,cached,float32,1,0.3326797385620915,867.2352525510362,0.4604793961251239,29.47068135200793,4.607004131736406,4.67073640164178,1,1.0,0,0.32765190000645816
sigma,1.0,31,35,17700733649891961786,200,1600,8,1021,1.0,8.0,cached,float32,1,0.3326797385620915,867.2352525510362,0.4604793961251239,29.47068135200793,4.607004131736406,4.67073640164178,1,1.0,0,0.3310889999847859
sigma,1.0,31,36,14471773630732279064,200,1600,8,1021,1.0,8.0,cached,float32,1,0.3326797385620915,867.2352525510362,0.4604793961251239,29.47068135200793,4.607004131736406,4.67073640164178,1,1.0,0,0.3294872000114992
sigma,1.0,31,37,3251391099865902141,200,1600,8,1021,1.0,8.0,cached,float32,1,0.3326797385620915,867.2352525510362,0.4604793961251239,29.47068135200793,4.607004131736406,4.67073640164178,1,1.0,0,0.3400044000009075
sigma,1.0,31,38,10094694973515438176,200,1600,8,1021,1.0,8.0,cached,float32,1,0.3326797385620915,867.2352525510362,0.4604793961251239,29.47068135200793,4.607004131736406,4.67073640164178,1,1.0,0,0.3273860999615863
sigma,1.0,31,39,3313838817854327277,200,1600,8,1021,1.0,8.0,cached,float32,1,0.3326797385620915,867.2352525510362,0.4604793961251239,29.47068135200793,4.607004131736406,4.67073640164178,1,1.0,0,0.33128729998134077
sigma,1.0,31,40,3854176518158993841,200,1600,8,1021,1.0,8.0,cached,float32,1,0.3326797385620915,867.2352525510362,0.4604793961251239,29.47068135200793,4.607004131736406,4.67073640164178,1,1.0,0,0.3331282999133691
sigma,1.0,31,41,4884106678620195343,200,1600,8,1021,1.0,8.0,cached,float32,1,0.3326797385620915,867.2352525510362,0.4604793961251239,29.47068135200793,4.607004131736406,4.67073640164178,1,1.0,0,0.32738600007724017
sigma,1.0,31,42,390785406321510161,200,1600,8,1021,1.0,8.0,cached,float32,1,0.3326797385620915,867.2352525510362,0.4604793961251239,29.47068135200793,4.607004131736406,4.67073640164178,1,1.0,0,0.33032619999721646
sigma,1.0,31,43,10791497102728551089,200,1600,8,1021,1.0,8.0,cached,float32,1,0.3326797385620915,867.2352525510362,0.4604793961251239,29.47068135200793,4.607004131736406,4.67073640164178,1,1.0,0,0.3259521999862045
sigma,1.0,31,44,15506594909062637088,200,1600,8,1021,1.0,8.0,cached,float32,1,0.3326797385620915,867.2352525510362,0.4604793961251239,29.47068135200793,4.607004131736406,4.67073640164178,1,1.0,0,0.32696459989529103
sigma,1.0,31,45,16534652635199595123,200,1600,8,1021,1.0,8.0,cached,float32,1,0.3326797385620915,867.2352525510362,0.4604793961251239,29.47068135200793,4.607004131736406,4.67073640164178,1,1.0,0,0.32665299996733665
sigma,1.0,31,46,8722590485122069846,200,1600,8,1021,1.0,8.0,cached,float32,1,0.3326797385620915,867.2352525510362,0.4604793961251239,29.47068135200793,4.607004131736406,4.67073640164178,1,1.0,0,0.3291301999706775
sigma,1.0,31,47,9116984046314972293,200,1600,8,1021,1.0,8.0,cached,float32,1,0.3326797385620915,867.2352525510362,0.4604793961251239,29.47068135200793,4.607004131736406,4.67073640164178,1,1.0,0,0.3262019999092445
sigma,1.0,31,48,11790294349806343079,200,1600,8,1021,1.0,8.0,cached,float32,1,0.3326797385620915,867.2352525510362,0.4604793961251239,29.47068135200793,4.607004131736406,4.67073640164178,1,1.0,0,0.3387123999418691
sigma,1.0,31,49,2129091125605813403,200,1600,8,1021,1.0,8.0,cached,float32,1,0.3326797385620915,867.2352525510362,0.4604793961251239,29.47068135200793,4.607004131736406,4.67073640164178,1,1.0,0,0.3340248999884352
sigma,1.0,31,50,11765889250135836096,200,1600,8,1021,1.0,8.0,cached,float32,1,0.3326797385620915,867.2352525510362,0.4604793961251239,29.47068135200793,4.607004131736406,4.67073640164178,1,1.0,0,0.32855110010132194
sigma,1.0,31,51,5216190015612078545,200,1600,8,1021,1.0,8.0,cached,float32,1,0.3326797385620915,867.2352525510362,0.4604793961251239,29.47068135200793,4.607004131736406,4.67073640164178,1,1.0,0,0.328992799972184
sigma,1.0,31,52,18415055344650969962,200,1600,8,1021,1.0,8.0,cached,float32,1,0.3326797385620915,867.2352525510362,0.4604793961251239,29.47068135200793,4.607004131736406,4.67073640164178,1,1.0,0,0.33883590006735176
sigma,1.0,31,53,7724641644128758566,200,1600,8,1021,1.0,8.0,cached,float32,1,0.3326797385620915,867.2352525510362,0.4604793961251239,29.47068135200793,4.607004131736406,4.67073640164178,1,1.0,0,0.3269486000062898
sigma,1.0,31,54,7262807364688377915,200,1600,8,1021,1.0,8.0,cached,float32,1,0.3326797385620915,867.2352525510362,0.4604793961251239,29.47068135200793,4.607004131736406,4.67073640164178,1,1.0,0,0.3292930999305099
sigma,1.0,31,55,5751085170030214963,200,1600,8,1021,1.0,8.0,cached,float32,1,0.3326797385620915,867.2352525510362,0.4604793961251239,29.47068135200793,4.607004131736406,4.67073640164178,1,1.0,0,0.33781280007679015
sigma,1.0,31,56,2509895569413079538,200,1600,8,1021,1.0,8.0,cached,float32,1,0.3326797385620915,867.2352525510362,0.4604793961251239,29.47068135200793,4.607004131736406,4.67073640164178,1,1.0,0,0.3294343000743538
sigma,1.0,31,57,9817596770391595030,200,1600,8,1021,1.0,8.0,cached,float32,1,0.3326797385620915,867.2352525510362,0.4604793961251239,29.47068135200793,4.607004131736406,4.67073640164178,1,1.0,0,0.3270110000157729
sigma,1.0,31,58,11292048755080406876,200,1600,8,1021,1.0,8.0,cached,float32,1,0.3326797385620915,867.2352525510362,0.4604793961251239,29.47068135200793,4.607004131736406,4.67073640164178,1,1.0,0,0.3351451999042183
sigma,1.0,31,59,4510517423688691999,200,1600,8,1021,1.0,8.0,cached,float32,1,0.3326797385620915,867.2352525510362,0.4604793961251239,29.47068135200793,4.607004131736406,4.67073640164178,1,1.0,0,0.3275818000547588
sigma,1.0,31,60,3917214833950238725,200,1600,8,1021,1.0,8.0,cached,float32,1,0.3326797385620915,867.2352525510362,0.4604793961251239,29.47068135200793,4.607004131736406,4.67073640164178,1,1.0,0,0.330231299973093
sigma,1.0,31,61,7867144045830682445,200,1600,8,1021,1.0,8.0,cached,float32,1,0.3326797385620915,867.2352525510362,0.4604793961251239,29.47068135200793,4.607004131736406,4.67073640164178,1,1.0,0,0.32928619999438524
sigma,1.0,31,62,12506602467373960583,200,1600,8,1021,1.0,8.0,cached,float32,1,0.3326797385620915,867.2352525510362,0.4604793961251239,29.47068135200793,4.607004131736406,4.67073640164178,1,1.0,0,0.33345070003997535
sigma,1.0,31,63,17956354846627099011,200,1600,8,1021,1.0,8.0,cached,float32,1,0.3326797385620915,867.2352525510362,0.4604793961251239,29.47068135200793,4.607004131736406,4.67073640164178,1,1.0,0,0.32685749989468604
sigma,1.0,31,64,10536355472962109119,200,1600,8,1021,1.0,8.0,cached,float32,1,0.3326797385620915,867.2352525510362,0.4604793961251239,29.47068135200793,4.607004131736406,4.67073640164178,1,1.0,0,0.3253856999799609
sigma,1.0,31,65,17121199163739046029,200,1600,8,1021,1.0,8.0,cached,float32,1,0.3326797385620915,867.2352525510362,0.4604793961251239,29.47068135200793,4.607004131736406,4.67073640164178,1,1.0,0,0.3344848999986425
sigma,1.0,31,66,18275453496854676810,200,1600,8,1021,1.0,8.0,cached,float32,1,0.3326797385620915,867.2352525510362,0.4604793961251239,29.47068135200793,4.607004131736406,4.67073640164178,1,1.0,0,0.3292182000586763
sigma,1.0,31,67,12282532337182275018,200,1600,8,1021,1.0,8.0,cached,float32,1,0.3326797385620915,867.2352525510362,0.4604793961251239,29.47068135200793,4.607004131736406,4.67073640164178,1,1.0,0,0.3329860999947414
sigma,1.0,31,68,11105520018170185096,200,1600,8,1021,1.0,8.0,cached,float32,1,0.3326797385620915,867.2352525510362,0.4604793961251239,29.47068135200793,4.607004131736406,4.67073640164178,1,1.0,0,0.32405409996863455
sigma,1.0,31,69,6757679478521596226,200,1600,8,1021,1.0,8.0,cached,float32,1,0.3326797385620915,867.2352525510362,0.4604793961251239,29.47068135200793,4.607004131736406,4.67073640164178,1,1.0,0,0.3284884000895545
sigma,1.0,31,70,4172284853523052970,200,1600,8,1021,1.0,8.0,cached,float32,1,0.3326797385620915,867.2352525510362,0.4604793961251239,29.47068135200793,4.607004131736406,4.67073640164178,1,1.0,0,0.3292015000479296
sigma,1.0,31,71,12753971116583003082,200,1600,8,1021,1.0,8.0,cached,float32,1,0.3326797385620915,867.2352525510362,0.4604793961251239,29.47068135200793,4.607004131736406,4.67073640164178,1,1.0,0,0.3298307000659406
sigma,1.0,31,72,17504075779052734346,200,1600,8,1021,1.0,8.0,cached,float32,1,0.3326797385620915,867.2352525510362,0.4604793961251239,29.47068135200793,4.607004131736406,4.67073640164178,1,1.0,0,0.33099210006184876
sigma,1.0,31,73,9326359470873262383,200,1600,8,1021,1.0,8.0,cached,float32,1,0.3326797385620915,867.2352525510362,0.4604793961251239,29.47068135200793,4.607004131736406,4.67073640164178,1,1.0,0,0.3270081999944523
sigma,1.0,31,74,14558486213723869930,200,1600,8,1021,1.0,8.0,cached,float32,1,0.3326797385620915,867.2352525510362,0.4604793961251239,29.47068135200793,4.607004131736406,4.67073640164178,1,1.0,0,0.3301763000199571
sigma,1.0,31,75,8848817374864000993,200,1600,8,1021,1.0,8.0,cached,float32,1,0.3326797385620915,867.2352525510362,0.4604793961251239,29.47068135200793,4.607004131736406,4.67073640164178,1,1.0,0,0.32664260000456125
sigma,1.0,31,76,3021970477584350917,200,1600,8,1021,1.0,8.0,cached,float32,1,0.3326797385620915,867.2352525510362,0.4604793961251239,29.47068135200793,4.607004131736406,4.67073640164178,1,1.0,0,0.3532070000655949
sigma,1.0,31,77,10479811708915011003,200,1600,8,1021,1.0,8.0,cached,float32,1,0.3326797385620915,867.2352525510362,0.4604793961251239,29.47068135200793,4.607004131736406,4.67073640164178,1,1.0,0,0.33032820001244545
sigma,1.0,31,78,9766254480036599674,200,1600,8,1021,1.0,8.0,cached,float32,1,0.3326797385620915,867.2352525510362,0.4604793961251239,29.47068135200793,4.607004131736406,4.67073640164178,1,1.0,0,0.32753360003698617
sigma,1.0,31,79,15029375137314821278,200,1600,8,1021,1.0,8.0,cached,float32,1,0.3326797385620915,867.2352525510362,0.4604793961251239,29.47068135200793,4.607004131736406,4.67073640164178,1,1.0,0,0.32396300008986145
sigma,1.0,31,80,17520271365754012028,200,1600,8,1021,1.0,8.0,cached,float32,1,0.3326797385620915,867.2352525510362,0.4604793961251239,29.47068135200793,4.607004131736406,4.67073640164178,1,1.0,0,0.33306269999593496
sigma,1.0,31,81,6822923094858346279,200,1600,8,1021,1.0,8.0,cached,float32,1,0.3326797385620915,867.2352525510362,0.4604793961251239,29.47068135200793,4.607004131736406,4.67073640164178,1,1.0,0,0.3297135999891907
sigma,1.0,31,82,10972749909453196490,200,1600,8,1021,1.0,8.0,cached,float32,1,0.3326797385620915,867.2352525510362,0.4604793961251239,29.47068135200793,4.607004131736406,4.67073640164178,1,1.0,0,0.33105569996405393
sigma,1.0,31,83,14378262643202183792,200,1600,8,1021,1.0,8.0,cached,float32,1,0.3326797385620915,867.2352525510362,0.4604793961251239,29.47068135200793,4.607004131736406,4.67073640164178,1,1.0,0,0.3347442999947816
sigma,1.0,31,84,4240558572643348749,200,1600,8,1021,1.0,8.0,cached,float32,1,0.3326797385620915,867.2352525510362,0.4604793961251239,29.47068135200793,4.607004131736406,4.67073640164178,1,1.0,0,0.33168890001252294
sigma,1.0,31,85,16943208751964677494,200,1600,8,1021,1.0,8.0,cached,float32,1,0.3326797385620915,867.2352525510362,0.4604793961251239,29.47068135200793,4.607004131736406,4.67073640164178,1,1.0,0,0.33273110003210604
sigma,1.0,31,86,5010146643737324347,200,1600,8,1021,1.0,8.0,cached,float32,1,0.3326797385620915,867.2352525510362,0.4604793961251239,29.47068135200793,4.607004131736406,4.67073640164178,1,1.0,0,0.3308299999916926
sigma,1.0,31,87,4928477160669869739,200,1600,8,1021,1.0,8.0,cached,float32,1,0.3326797385620915,867.2352525510362,0.4604793961251239,29.47068135200793,4.607004131736406,4.67073640164178,1,1.0,0,0.3247385999420658
sigma,1.0,31,88,631165728388490300,200,1600,8,1021,1.0,8.0,cached,float32,1,0.3326797385620915,867.2352525510362,0.4604793961251239,29.47068135200793,4.607004131736406,4.67073640164178,1,1.0,0,0.3263378000119701
sigma,1.0,31,89,8304866622549806603,200,1600,8,1021,1.0,8.0,cached,float32,1,0.3326797385620915,867.2352525510362,0.4604793961251239,29.47068135200793,4.607004131736406,4.67073640164178,1,1.0,0,0.3264424999943003
sigma,1.0,31,90,5756600877962593631,200,1600,8,1021,1.0,8.0,cached,float32,1,0.3326797385620915,867.2352525510362,0.4604793961251239,29.47068135200793,4.607004131736406,4.67073640164178,1,1.0,0,0.33194279996678233
sigma,1.0,31,91,11023394046395274514,200,1600,8,1021,1.0,8.0,cached,float32,1,0.3326797385620915,867.2352525510362,0.4604793961251239,29.47068135200793,4.607004131736406,4.67073640164178,1,1.0,0,0.32676339999306947
sigma,1.0,31,92,4092531763326300650,200,1600,8,1021,1.0,8.0,cached,float32,1,0.3326797385620915,867.2352525510362,0.4604793961251239,29.47068135200793,4.607004131736406,4.67073640164178,1,1.0,0,0.3276761000743136
sigma,1.0,31,93,4676635973918243031,200,1600,8,1021,1.0,8.0,cached,float32,1,0.3326797385620915,867.2352525510362,0.4604793961251239,29.47068135200793,4.607004131736406,4.67073640164178,1,1.0,0,0.3275720999808982
sigma,1.0,31,94,10840165733682060111,200,1600,8,1021,1.0,8.0,cached,float32,1,0.3326797385620915,867.2352525510362,0.4604793961251239,29.47068135200793,4.607004131736406,4.67073640164178,1,1.0,0,0.3406128999777138
sigma,1.0,31,95,15264835541390580489,200,1600,8,1021,1.0,8.0,cached,float32,1,0.3326797385620915,867.2352525510362,0.4604793961251239,29.47068135200793,4.607004131736406,4.67073640164178,1,1.0,0,0.3350784999784082
sigma,1.0,31,96,13644213113519331548,200,1600,8,1021,1.0,8.0,cached,float32,1,0.3326797385620915,867.2352525510362,0.4604793961251239,29.47068135200793,4.607004131736406,4.67073640164178,1,1.0,0,0.3289735000580549
sigma,1.0,31,97,3215011564706041488,200,1600,8,1021,1.0,8.0,cached,float32,1,0.3326797385620915,867.2352525510362,0.4604793961251239,29.47068135200793,4.607004131736406,4.67073640164178,1,1.0,0,0.32937319995835423
sigma,1.0,31,98,6096388734146345674,200,1600,8,1021,1.0,8.0,cached,float32,1,0.3326797385620915,867.2352525510362,0.4604793961251239,29.47068135200793,4.607004131736406,4.67073640164178,1,1.0,0,0.3417491000145674
sigma,1.0,31,99,8133624804729834601,200,1600,8,1021,1.0,8.0,cached,float32,1,0.3326797385620915,867.2352525510362,0.4604793961251239,29.47068135200793,4.607004131736406,4.67073640164178,1,1.0,0,0.3304788999957964
sigma,1.5,32,0,9575563248886661569,200,1600,8,1021,1.5,8.0,cached,float32,1,0.3326797385620915,506.66260841439527,0.30698626408341595,19.64712090133862,3.071336087824271,3.1138242677611867,1,1.0,0,0.32837450003717095
sigma,1.5,32,1,6354821650270138113,200,1600,8,1021,1.5,8.0,cached,float32,1,0.3326797385620915,506.66260841439527,0.30698626408341595,19.64712090133862,3.071336087824271,3.1138242677611867,1,1.0,0,0.32933500001672655
sigma,1.5,32,2,15751844036237173907,200,1600,8,1021,1.5,8.0,cached,float32,1,0.3326797385620915,506.66260841439527,0.30698626408341595,19.64712090133862,3.071336087824271,3.1138242677611867,1,1.0,0,0.32983059994876385
sigma,1.5,32,3,13186424904552628043,200,1600,8,1021,1.5,8.0,cached,float32,1,0.3326797385620915,506.66260841439527,0.30698626408341595,19.64712090133862,3.071336087824271,3.1138242677611867,1,1.0,0,0.3325318999122828
sigma,1.5,32,4,4517162650099271643,200,1600,8,1021,1.5,8.0,cached,float32,1,0.3326797385620915,506.66260841439527,0.30698626408341595,19.64712090133862,3.071336087824271,3.1138242677611867,1,1.0,0,0.3269292999757454
sigma,1.5,32,5,2055339503467866512,200,1600,8,1021,1.5,8.0,cached,float32,1,0.3326797385620915,506.66260841439527,0.30698626408341595,19.64712090133862,3.071336087824271,3.1138242677611867,1,1.0,0,0.33191820001229644
sigma,1.5,32,6,785316118519636447,200,1600,8,1021,1.5,8.0,cached,float32,1,0.3326797385620915,506.66260841439527,0.30698626408341595,19.64712090133862,3.071336087824271,3.1138242677611867,1,1.0,0,0.3300531000131741
sigma,1.5,32,7,14568820202458401767,200,1600,8,1021,1.5,8.0,cached,float32,1,0.3326797385620915,506.66260841439527,0.30698626408341595,19.64712090133862,3.071336087824271,3.1138242677611867,1,1.0,0,0.32898049999494106
sigma,1.5,32,8,18121976098361923424,200,1600,8,1021,1.5,8.0,cached,float32,1,0.3326797385620915,506.66260841439527,0.30698626408341595,19.64712090133862,3.071336087824271,3.1138242677611867,1,1.0,0,0.33153570001013577
sigma,1.5,32,9,5477907560605369593,200,1600,8,1021,1.5,8.0,cached,float32,1,0.3326797385620915,506.66260841439527,0.30698626408341595,19.64712090133862,3.071336087824271,3.1138242677611867,1,1.0,0,0.32884019997436553
sigma,1.5,32,10,798778727307358095,200,1600,8,1021,1.5,8.0,cached,float32,1,0.3326797385620915,506.66260841439527,0.30698626408341595,19.64712090133862,3.071336087824271,3.1138242677611867,1,1.0,0,0.3303825999610126
sigma,1.5,32,11,14504753544222524845,200,1600,8,1021,1.5,8.0,cached,float32,1,0.3326797385620915,506.66260841439527,0.30698626408341595,19.64712090133862,3.071336087824271,3.1138242677611867,1,1.0,0,0.32823919993825257
sigma,1.5,32,12,12898580884200447039,200,1600,8,1021,1.5,8.0,cached,float32,1,0.3326797385620915,506.66260841439527,0.30698626408341595,19.64712090133862,3.071336087824271,3.1138242677611867,1,1.0,0,0.328654499957338
sigma,1.5,32,13,6627759505749157070,200,1600,8,1021,1.5,8.0,cached,float32,1,0.3326797385620915,506.66260841439527,0.30698626408341595,19.64712090133862,3.071336087824271,3.1138242677611867,1,1.0,0,0.32458420004695654
sigma,1.5,32,14,12219763685812366213,200,1600,8,1021,1.5,8.0,cached,float32,1,0.3326797385620915,506.66260841439527,0.30698626408341595,19.64712090133862,3.071336087824271,3.1138242677611867,1,1.0,0,0.3281042999587953
sigma,1.5,32,15,16898680972624468341,200,1600,8,1021,1.5,8.0,cached,float32,1,0.3326797385620915,506.66260841439527,0.30698626408341595,19.64712090133862,3.071336087824271,3.1138242677611867,1,1.0,0,0.32711479999125004
sigma,1.5,32,16,12827862678834001105,200,1600,8,1021,1.5,8.0,cached,float32,1,0.3326797385620915,506.66260841439527,0.30698626408341595,19.64712090133862,3.071336087824271,3.1138242677611867,0,0.995,1,0.3257668000878766
sigma,1.5,32,17,2989509051955054291,200,1600,8,1021,1.5,8.0,cached,float32,1,0.3326797385620915,506.66260841439527,0.30698626408341595,19.64712090133862,3.071336087824271,3.1138242677611867,1,1.0,0,0.32996150001417845
sigma,1.5,32,18,13528173267095186676,200,1600,8,1021,1.5,8.0,cached,float32,1,0.3326797385620915,506.66260841439527,0.30698626408341595,19.64712090133862,3.071336087824271,3.1138242677611867,1,1.0,0,0.33470550004858524
sigma,1.5,32,19,2826561387722751966,200,1600,8,1021,1.5,8.0,cached,float32,1,0.3326797385620915,506.66260841439527,0.30698626408341595,19.64712090133862,3.071336087824271,3.1138242677611867,1,1.0,0,0.3258471000008285
sigma,1.5,32,20,110142538420150211,200,1600,8,1021,1.5,8.0,cached,float32,1,0.3326797385620915,506.66260841439527,0.30698626408341595,19.64712090133862,3.071336087824271,3.1138242677611867,1,1.0,0,0.3542190999723971
sigma,1.5,32,21,920971370386466232,200,1600,8,1021,1.5,8.0,cached,float32,1,0.3326797385620915,506.66260841439527,0.30698626408341595,19.64712090133862,3.071336087824271,3.1138242677611867,0,0.995,10,0.33235529996454716
sigma,1.5,32,22,16590594321089900815,200,1600,8,1021,1.5,8.0,cached,float32,1,0.3326797385620915,506.66260841439527,0.30698626408341595,19.64712090133862,3.071336087824271,3.1138242677611867,1,1.0,0,0.3303402999881655
sigma,1.5,32,23,1844600616873899945,200,1600,8,1021,1.5,8.0,cached,float32,1,0.3326797385620915,506.66260841439527,0.30698626408341595,19.64712090133862,3.071336087824271,3.1138242677611867,1,1.0,0,0.3349935000296682
sigma,1.5,32,24,3912148312370924806,200,1600,8,1021,1.5,8.0,cached,float32,1,0.3326797385620915,506.66260841439527,0.30698626408341595,19.64712090133862,3.071336087824271,3.1138242677611867,1,1.0,0,0.3667313000187278
sigma,1.5,32,25,4317502419344220143,200,1600,8,1021,1.5,8.0,cached,float32,1,0.3326797385620915,506.66260841439527,0.30698626408341595,19.64712090133862,3.071336087824271,3.1138242677611867,1,1.0,0,0.35554720007348806
sigma,1.5,32,26,8509921781853652778,200,1600,8,1021,1.5,8.0,cached,float32,1,0.3326797385620915,506.66260841439527,0.30698626408341595,19.64712090133862,3.071336087824271,3.1138242677611867,1,1.0,0,0.3378401999361813
sigma,1.5,32,27,10775411163134671443,200,1600,8,1021,1.5,8.0,cached,float32,1,0.3326797385620915,506.66260841439527,0.30698626408341595,19.64712090133862,3.071336087824271,3.1138242677611867,1,1.0,0,0.33886880008503795
sigma,1.5,32,28,7265257714596933361,200,1600,8,1021,1.5,8.0,cached,float32,1,0.3326797385620915,506.66260841439527,0.30698626408341595,19.64712090133862,3.071336087824271,3.1138242677611867,1,1.0,0,0.34916169999632984
sigma,1.5,32,29,6269974661784704758,200,1600,8,1021,1.5,8.0,cached,float32,1,0.3326797385620915,506.66260841439527,0.30698626408341595,19.64712090133862,3.071336087824271,3.1138242677611867,1,1.0,0,0.35247169993817806
sigma,1.5,32,30,8921465217126708744,200,1600,8,1021,1.5,8.0,cached,float32,1,0.3326797385620915,506.66260841439527,0.30698626408341595,19.64712090133862,3.071336087824271,3.1138242677611867,1,1.0,0,0.3487406999338418
sigma,1.5,32,31,16863147737551763048,200,1600,8,1021,1.5,8.0,cached,float32,1,0.3326797385620915,506.66260841439527,0.30698626408341595,19.64712090133862,3.071336087824271,3.1138242677611867,1,1.0,0,0.33828540006652474
sigma,1.5,32,32,8427460629440654123,200,1600,8,1021,1.5,8.0,cached,float32,1,0.3326797385620915,506.66260841439527,0.30698626408341595,19.64712090133862,3.071336087824271,3.1138242677611867,1,1.0,0,0.3373547999653965
sigma,1.5,32,33,14756265942291116059,200,1600,8,1021,1.5,8.0,cached,float32,1,0.3326797385620915,506.66260841439527,0.30698626408341595,19.64712090133862,3.071336087824271,3.1138242677611867,1,1.0,0,0.33893790002912283
sigma,1.5,32,34,13908699669977489664,200,1600,8,1021,1.5,8.0,cached,float32,1,0.3326797385620915,506.66260841439527,0.30698626408341595,19.64712090133862,3.071336087824271,3.1138242677611867,1,1.0,0,0.326948200003244
sigma,1.5,32,35,13637761351159186540,200,1600,8,1021,1.5,8.0,cached,float32,1,0.3326797385620915,506.66260841439527,0.30698626408341595,19.64712090133862,3.071336087824271,3.1138242677611867,1,1.0,0,0.3268785000545904
sigma,1.5,32,36,17951419316749922145,200,1600,8,1021,1.5,8.0,cached,float32,1,0.3326797385620915,506.66260841439527,0.30698626408341595,19.64712090133862,3.071336087824271,3.1138242677611867,1,1.0,0,0.33060550002846867
sigma,1.5,32,37,11961717992395150892,200,1600,8,1021,1.5,8.0,cached,float32,1,0.3326797385620915,506.66260841439527,0.30698626408341595,19.64712090133862,3.071336087824271,3.1138242677611867,1,1.0,0,0.32502230000682175
sigma,1.5,32,38,7483079588399839158,200,1600,8,1021,1.5,8.0,cached,float32,1,0.3326797385620915,506.66260841439527,0.30698626408341595,19.64712090133862,3.071336087824271,3.1138242677611867,1,1.0,0,0.32674279995262623
sigma,1.5,32,39,11475075432212460397,200,1600,8,1021,1.5,8.0,cached,float32,1,0.3326797385620915,506.66260841439527,0.30698626408341595,19.64712090133862,3.071336087824271,3.1138242677611867,1,1.0,0,0.33246279996819794
sigma,1.5,32,40,2953078141112779573,200,1600,8,1021,1.5,8.0,cached,float32,1,0.3326797385620915,506.66260841439527,0.30698626408341595,19.64712090133862,3.071336087824271,3.1138242677611867,1,1.0,0,0.334913200000301
sigma,1.5,32,41,14071431279285519755,200,1600,8,1021,1.5,8.0,cached,float32,1,0.3326797385620915,506.66260841439527,0.30698626408341595,19.64712090133862,3.071336087824271,3.1138242677611867,1,1.0,0,0.36739089991897345
sigma,1.5,32,42,6195170418282865182,200,1600,8,1021,1.5,8.0,cached,float32,1,0.3326797385620915,506.66260841439527,0.30698626408341595,19.64712090133862,3.071336087824271,3.1138242677611867,1,1.0,0,0.3347540000686422
sigma,1.5,32,43,1802956015700293521,200,1600,8,1021,1.5,8.0,cached,float32,1,0.3326797385620915,506.66260841439527,0.30698626408341595,19.64712090133862,3.071336087824271,3.1138242677611867,1,1.0,0,0.3341850000433624
sigma,1.5,32,44,1738214520339392735,200,1600,8,1021,1.5,8.0,cached,float32,1,0.3326797385620915,506.66260841439527,0.30698626408341595,19.64712090133862,3.071336087824271,3.1138242677611867,1,1.0,0,0.339927599998191
sigma,1.5,32,45,14605490443273134647,200,1600,8,1021,1.5,8.0,cached,float32,1,0.3326797385620915,506.66260841439527,0.30698626408341595,19.64712090133862,3.071336087824271,3.1138242677611867,1,1.0,0,0.3359118999214843
sigma,1.5,32,46,5955676955508715901,200,1600,8,1021,1.5,8.0,cached,float32,1,0.3326797385620915,506.66260841439527,0.30698626408341595,19.64712090133862,3.071336087824271,3.1138242677611867,1,1.0,0,0.3440493999514729
sigma,1.5,32,47,2665117113237756239,200,1600,8,1021,1.5,8.0,cached,float32,1,0.3326797385620915,506.66260841439527,0.30698626408341595,19.64712090133862,3.071336087824271,3.1138242677611867,1,1.0,0,0.3302406999282539
sigma,1.5,32,48,17949614189360757535,200,1600,8,1021,1.5,8.0,cached,float32,1,0.3326797385620915,506.66260841439527,0.30698626408341595,19.64712090133862,3.071336087824271,3.1138242677611867,1,1.0,0,0.3300808999920264
sigma,1.5,32,49,12378384431722648388,200,1600,8,1021,1.5,8.0,cached,float32,1,0.3326797385620915,506.66260841439527,0.30698626408341595,19.64712090133862,3.071336087824271,3.1138242677611867,1,1.0,0,0.3403166000498459
sigma,1.5,32,50,10210811182452005317,200,1600,8,1021,1.5,8.0,cached,float32,1,0.3326797385620915,506.66260841439527,0.30698626408341595,19.64712090133862,3.071336087824271,3.1138242677611867,1,1.0,0,0.34048859996255487
sigma,1.5,32,51,5577690549881474383,200,1600,8,1021,1.5,8.0,cached,float32,1,0.3326797385620915,506.66260841439527,0.30698626408341595,19.64712090133862,3.071336087824271,3.1138242677611867,1,1.0,0,0.32579940010327846
sigma,1.5,32,52,10466163003533250481,200,1600,8,1021,1.5,8.0,cached,float32,1,0.3326797385620915,506.66260841439527,0.30698626408341595,19.64712090133862,3.071336087824271,3.1138242677611867,1,1.0,0,0.33136670000385493
sigma,1.5,32,53,12705763840259323153,200,1600,8,1021,1.5,8.0,cached,float32,1,0.3326797385620915,506.66260841439527,0.30698626408341595,19.64712090133862,3.071336087824271,3.1138242677611867,1,1.0,0,0.32404209999367595
sigma,1.5,32,54,6461419880197969614,200,1600,8,1021,1.5,8.0,cached,float32,1,0.3326797385620915,506.66260841439527,0.30698626408341595,19.64712090133862,3.071336087824271,3.1138242677611867,1,1.0,0,0.3285476000746712
sigma,1.5,32,55,2893758879670239846,200,1600,8,1021,1.5,8.0,cached,float32,1,0.3326797385620915,506.66260841439527,0.30698626408341595,19.64712090133862,3.071336087824271,3.1138242677611867,1,1.0,0,0.3303358999546617
sigma,1.5,32,56,949906748411877568,200,1600,8,1021,1.5,8.0,cached,float32,1,0.3326797385620915,506.66260841439527,0.30698626408341595,19.64712090133862,3.071336087824271,3.1138242677611867,1,1.0,0,0.3241574999410659
sigma,1.5,32,57,16183002138878302063,200,1600,8,1021,1.5,8.0,cached,float32,1,0.3326797385620915,506.66260841439527,0.30698626408341595,19.64712090133862,3.071336087824271,3.1138242677611867,1,1.0,0,0.3281569000100717
sigma,1.5,32,58,1645475862476720265,200,1600,8,1021,1.5,8.0,cached,float32,1,0.3326797385620915,506.66260841439527,0.30698626408341595,19.64712090133862,3.071336087824271,3.1138242677611867,1,1.0,0,0.32585779996588826
sigma,1.5,32,59,9688290470793925007,200,1600,8,1021,1.5,8.0,cached,float32,1,0.3326797385620915,506.66260841439527,0.30698626408341595,19.64712090133862,3.071336087824271,3.1138242677611867,1,1.0,0,0.3221629000036046
sigma,1.5,32,60,15874194857840833435,200,1600,8,1021,1.5,8.0,cached,float32,1,0.3326797385620915,506.66260841439527,0.30698626408341595,19.64712090133862,3.071336087824271,3.1138242677611867,1,1.0,0,0.3224164000712335
sigma,1.5,32,61,16845142319987132353,200,1600,8,1021,1.5,8.0,cached,float32,1,0.3326797385620915,506.66260841439527,0.30698626408341595,19.64712090133862,3.071336087824271,3.1138242677611867,1,1.0,0,0.32713719992898405
sigma,1.5,32,62,13214605948713099890,200,1600,8,1021,1.5,8.0,cached,float32,1,0.3326797385620915,506.66260841439527,0.30698626408341595,19.64712090133862,3.071336087824271,3.1138242677611867,1,1.0,0,0.3268423998961225
sigma,1.5,32,63,14940020876243383048,200,1600,8,1021,1.5,8.0,cached,float32,1,0.3326797385620915,506.66260841439527,0.30698626408341595,19.64712090133862,3.071336087824271,3.1138242677611867,1,1.0,0,0.3375926000298932
sigma,1.5,32,64,6767927040509278567,200,1600,8,1021,1.5,8.0,cached,float32,1,0.3326797385620915,506.66260841439527,0.30698626408341595,19.64712090133862,3.071336087824271,3.1138242677611867,1,1.0,0,0.3350081000244245
sigma,1.5,32,65,5562096969573533555,200,1600,8,1021,1.5,8.0,cached,float32,1,0.3326797385620915,506.66260841439527,0.30698626408341595,19.64712090133862,3.071336087824271,3.1138242677611867,1,1.0,0,0.3315967000089586
sigma,1.5,32,66,15570541736420096133,200,1600,8,1021,1.5,8.0,cached,float32,1,0.3326797385620915,506.66260841439527,0.30698626408341595,19.64712090133862,3.071336087824271,3.1138242677611867,1,1.0,0,0.3338127000024542
sigma,1.5,32,67,1443430417963571318,200,1600,8,1021,1.5,8.0,cached,float32,1,0.3326797385620915,506.66260841439527,0.30698626408341595,19.64712090133862,3.071336087824271,3.1138242677611867,1,1.0,0,0.32677369995508343
sigma,1.5,32,68,11172824494262720728,200,1600,8,1021,1.5,8.0,cached,float32,1,0.3326797385620915,506.66260841439527,0.30698626408341595,19.64712090133862,3.071336087824271,3.1138242677611867,1,1.0,0,0.3291648000013083
sigma,1.5,32,69,11049601004701721664,200,1600,8,1021,1.5,8.0,cached,float32,1,0.3326797385620915,506.66260841439527,0.30698626408341595,19.64712090133862,3.071336087824271,3.1138242677611867,1,1.0,0,0.3278767999727279
sigma,1.5,32,70,13529259279435450785,200,1600,8,1021,1.5,8.0,cached,float32,1,0.3326797385620915,506.66260841439527,0.30698626408341595,19.64712090133862,3.071336087824271,3.1138242677611867,1,1.0,0,0.33322769997175783
sigma,1.5,32,71,6464855506763924390,200,1600,8,1021,1.5,8.0,cached,float32,1,0.3326797385620915,506.66260841439527,0.30698626408341595,19.64712090133862,3.071336087824271,3.1138242677611867,1,1.0,0,0.3296068999916315
sigma,1.5,32,72,17466826924524597715,200,1600,8,1021,1.5,8.0,cached,float32,1,0.3326797385620915,506.66260841439527,0.30698626408341595,19.64712090133862,3.071336087824271,3.1138242677611867,1,1.0,0,0.33142000006046146
sigma,1.5,32,73,14929119544841267435,200,1600,8,1021,1.5,8.0,cached,float32,1,0.3326797385620915,506.66260841439527,0.30698626408341595,19.64712090133862,3.071336087824271,3.1138242677611867,1,1.0,0,0.3287500999867916
sigma,1.5,32,74,824835600294165123,200,1600,8,1021,1.5,8.0,cached,float32,1,0.3326797385620915,506.66260841439527,0.30698626408341595,19.64712090133862,3.071336087824271,3.1138242677611867,1,1.0,0,0.3321540999459103
sigma,1.5,32,75,16302387622038596694,200,1600,8,1021,1.5,8.0,cached,float32,1,0.3326797385620915,506.66260841439527,0.30698626408341595,19.64712090133862,3.071336087824271,3.1138242677611867,1,1.0,0,0.33462869992945343
sigma,1.5,32,76,13493819010095815502,200,1600,8,1021,1.5,8.0,cached,float32,1,0.3326797385620915,506.66260841439527,0.30698626408341595,19.64712090133862,3.071336087824271,3.1138242677611867,1,1.0,0,0.3290493000531569
sigma,1.5,32,77,1255435782532908642,200,1600,8,1021,1.5,8.0,cached,float32,1,0.3326797385620915,506.66260841439527,0.30698626408341595,19.64712090133862,3.071336087824271,3.1138242677611867,1,1.0,0,0.32654589996673167
sigma,1.5,32,78,1369540627396812128,200,1600,8,1021,1.5,8.0,cached,float32,1,0.3326797385620915,506.66260841439527,0.30698626408341595,19.64712090133862,3.071336087824271,3.1138242677611867,1,1.0,0,0.32909759995527565
sigma,1.5,32,79,279787871081983975,200,1600,8,1021,1.5,8.0,cached,float32,1,0.3326797385620915,506.66260841439527,0.30698626408341595,19.64712090133862,3.071336087824271,3.1138242677611867,1,1.0,0,0.33116019994486123
sigma,1.5,32,80,7940792679388060129,200,1600,8,1021,1.5,8.0,cached,float32,1,0.3326797385620915,506.66260841439527,0.30698626408341595,19.64712090133862,3.071336087824271,3.1138242677611867,1,1.0,0,0.32904800004325807
sigma,1.5,32,81,8541728363376919721,200,1600,8,1021,1.5,8.0,cached,float32,1,0.3326797385620915,506.66260841439527,0.30698626408341595,19.64712090133862,3.071336087824271,3.1138242677611867,1,1.0,0,0.32470150000881404
sigma,1.5,32,82,14777699815759411990,200,1600,8,1021,1.5,8.0,cached,float32,1,0.3326797385620915,506.66260841439527,0.30698626408341595,19.64712090133862,3.071336087824271,3.1138242677611867,1,1.0,0,0.3284614000003785
sigma,1.5,32,83,17435824948617157470,200,1600,8,1021,1.5,8.0,cached,float32,1,0.3326797385620915,506.66260841439527,0.30698626408341595,19.64712090133862,3.071336087824271,3.1138242677611867,1,1.0,0,0.3273720999713987
sigma,1.5,32,84,10308967203396334386,200,1600,8,1021,1.5,8.0,cached,float32,1,0.3326797385620915,506.66260841439527,0.30698626408341595,19.64712090133862,3.071336087824271,3.1138242677611867,1,1.0,0,0.37440859992057085
sigma,1.5,32,85,18387182297674509015,200,1600,8,1021,1.5,8.0,cached,float32,1,0.3326797385620915,506.66260841439527,0.30698626408341595,19.64712090133862,3.071336087824271,3.1138242677611867,1,1.0,0,0.33048310002777725
sigma,1.5,32,86,12691684580316591335,200,1600,8,1021,1.5,8.0,cached,float32,1,0.3326797385620915,506.66260841439527,0.30698626408341595,19.64712090133862,3.071336087824271,3.1138242677611867,1,1.0,0,0.32724000001326203
sigma,1.5,32,87,17216343495129685687,200,1600,8,1021,1.5,8.0,cached,float32,1,0.3326797385620915,506.66260841439527,0.30698626408341595,19.64712090133862,3.071336087824271,3.1138242677611867,1,1.0,0,0.3296134000411257
sigma,1.5,32,88,8886236528833527632,200,1600,8,1021,1.5,8.0,cached,float32,1,0.3326797385620915,506.66260841439527,0.30698626408341595,19.64712090133862,3.071336087824271,3.1138242677611867,1,1.0,0,0.328312199912034
sigma,1.5,32,89,16797466492154822355,200,1600,8,1021,1.5,8.0,cached,float32,1,0.3326797385620915,506.66260841439527,0.30698626408341595,19.64712090133862,3.071336087824271,3.1138242677611867,1,1.0,0,0.32855179999023676
sigma,1.5,32,90,18432196732080747416,200,1600,8,1021,1.5,8.0,cached,float32,1,0.3326797385620915,506.66260841439527,0.30698626408341595,19.64712090133862,3.071336087824271,3.1138242677611867,1,1.0,0,0.3296269999118522
sigma,1.5,32,91,6730849912396525120,200,1600,8,1021,1.5,8.0,cached,float32,1,0.3326797385620915,506.66260841439527,0.30698626408341595,19.64712090133862,3.071336087824271,3.1138242677611867,1,1.0,0,0.3283959999680519
sigma,1.5,32,92,16486192738775276880,200,1600,8,1021,1.5,8.0,cached,float32,1,0.3326797385620915,506.66260841439527,0.30698626408341595,19.64712090133862,3.071336087824271,3.1138242677611867,1,1.0,0,0.34154290007427335
sigma,1.5,32,93,15199089030396013723,200,1600,8,1021,1.5,8.0,cached,float32,1,0.3326797385620915,506.66260841439527,0.30698626408341595,19.64712090133862,3.071336087824271,3.1138242677611867,1,1.0,0,0.33671109995339066
sigma,1.5,32,94,5103424927338562468,200,1600,8,1021,1.5,8.0,cached,float32,1,0.3326797385620915,506.66260841439527,0.30698626408341595,19.64712090133862,3.071336087824271,3.1138242677611867,0,0.995,5,0.32975599996279925
sigma,1.5,32,95,10969005333352030796,200,1600,8,1021,1.5,8.0,cached,float32,1,0.3326797385620915,506.66260841439527,0.30698626408341595,19.64712090133862,3.071336087824271,3.1138242677611867,1,1.0,0,0.32911769999191165
sigma,1.5,32,96,13453019031954516933,200,1600,8,1021,1.5,8.0,cached,float32,1,0.3326797385620915,506.66260841439527,0.30698626408341595,19.64712090133862,3.071336087824271,3.1138242677611867,1,1.0,0,0.3394728999119252
sigma,1.5,32,97,6035269835605770156,200,1600,8,1021,1.5,8.0,cached,float32,1,0.3326797385620915,506.66260841439527,0.30698626408341595,19.64712090133862,3.071336087824271,3.1138242677611867,0,0.995,7,0.3293947000056505
sigma,1.5,32,98,15026729939573188078,200,1600,8,1021,1.5,8.0,cached,float32,1,0.3326797385620915,506.66260841439527,0.30698626408341595,19.64712090133862,3.071336087824271,3.1138242677611867,1,1.0,0,0.3302224000217393
sigma,1.5,32,99,10599955766173364330,200,1600,8,1021,1.5,8.0,cached,float32,1,0.3326797385620915,506.66260841439527,0.30698626408341595,19.64712090133862,3.071336087824271,3.1138242677611867,1,1.0,0,0.3320993999950588
sigma,2.0,33,0,3386796997979300798,200,1600,8,1021,2.0,8.0,cached,float32,1,0.3326797385620915,361.32116916391664,0.23023969806256195,14.735340676003965,2.303502065868203,2.33536820082089,0,0.995,5,0.3334792999085039
sigma,2.0,33,1,10056424675487755072,200,1600,8,1021,2.0,8.0,cached,float32,1,0.3326797385620915,361.32116916391664,0.23023969806256195,14.735340676003965,2.303502065868203,2.33536820082089,0,0.995,4,0.33331860008183867
sigma,2.0,33,2,15483023228023743358,200,1600,8,1021,2.0,8.0,cached,float32,1,0.3326797385620915,361.32116916391664,0.23023969806256195,14.735340676003965,2.303502065868203,2.33536820082089,0,0.995,9,0.3343462999910116
sigma,2.0,33,3,4949609939831574667,200,1600,8,1021,2.0,8.0,cached,float32,1,0.3326797385620915,361.32116916391664,0.23023969806256195,14.735340676003965,2.303502065868203,2.33536820082089,1,1.0,0,0.32654399995226413
sigma,2.0,33,4,11096582736143538907,200,1600,8,1021,2.0,8.0,cached,float32,1,0.3326797385620915,361.32116916391664,0.23023969806256195,14.735340676003965,2.303502065868203,2.33536820082089,0,0.995,3,0.33703389996662736
sigma,2.0,33,5,10928260145936946179,200,1600,8,1021,2.0,8.0,cached,float32,1,0.3326797385620915,361.32116916391664,0.23023969806256195,14.735340676003965,2.303502065868203,2.33536820082089,1,1.0,0,0.3283077999949455
sigma,2.0,33,6,16503915179820200659,200,1600,8,1021,2.0,8.0,cached,float32,1,0.3326797385620915,361.32116916391664,0.23023969806256195,14.735340676003965,2.303502065868203,2.33536820082089,1,1.0,0,0.32802189991343766
sigma,2.0,33,7,17017966133885336726,200,1600,8,1021,2.0,8.0,cached,float32,1,0.3326797385620915,361.32116916391664,0.23023969806256195,14.735340676003965,2.303502065868203,2.33536820082089,1,1.0,0,0.32293850008863956
sigma,2.0,33,8,14884255554983394871,200,1600,8,1021,2.0,8.0,cached,float32,1,0.3326797385620915,361.32116916391664,0.23023969806256195,14.735340676003965,2.303502065868203,2.33536820082089,1,1.0,0,0.32893780001904815
sigma,2.0,33,9,6359343785266969138,200,1600,8,1021,2.0,8.0,cached,float32,1,0.3326797385620915,361.32116916391664,0.23023969806256195,14.735340676003965,2.303502065868203,2.33536820082089,1,1.0,0,0.33933620003517717
sigma,2.0,33,10,17496037629263974393,200,1600,8,1021,2.0,8.0,cached,float32,1,0.3326797385620915,361.32116916391664,0.23023969806256195,14.735340676003965,2.303502065868203,2.33536820082089,1,1.0,0,0.3358431999804452
sigma,2.0,33,11,13397038478720087091,200,1600,8,1021,2.0,8.0,cached,float32,1,0.3326797385620915,361.32116916391664,0.23023969806256195,14.735340676003965,2.303502065868203,2.33536820082089,1,1.0,0,0.3371741999872029
sigma,2.0,33,12,10773355744387936490,200,1600,8,1021,2.0,8.0,cached,float32,1,0.3326797385620915,361.32116916391664,0.23023969806256195,14.735340676003965,2.303502065868203,2.33536820082089,1,1.0,0,0.3330436000833288
sigma,2.0,33,13,6857776140398254452,200,1600,8,1021,2.0,8.0,cached,float32,1,0.3326797385620915,361.32116916391664,0.23023969806256195,14.735340676003965,2.303502065868203,2.33536820082089,1,1.0,0,0.3284929000074044
sigma,2.0,33,14,4178384744585903229,200,1600,8,1021,2.0,8.0,cached,float32,1,0.3326797385620915,361.32116916391664,0.23023969806256195,14.735340676003965,2.303502065868203,2.33536820082089,1,1.0,0,0.3305344999535009
sigma,2.0,33,15,2569782784514875470,200,1600,8,1021,2.0,8.0,cached,float32,1,0.3326797385620915,361.32116916391664,0.23023969806256195,14.735340676003965,2.303502065868203,2.33536820082089,1,1.0,0,0.3313292999519035
sigma,2.0,33,16,4619033671909750447,200,1600,8,1021,2.0,8.0,cached,float32,1,0.3326797385620915,361.32116916391664,0.23023969806256195,14.735340676003965,2.303502065868203,2.33536820082089,1,1.0,0,0.3282902999781072
sigma,2.0,33,17,17370490311738643433,200,1600,8,1021,2.0,8.0,cached,float32,1,0.3326797385620915,361.32116916391664,0.23023969806256195,14.735340676003965,2.303502065868203,2.33536820082089,0,0.995,6,0.3266260999953374
sigma,2.0,33,18,9236221759444435281,200,1600,8,1021,2.0,8.0,cached,float32,1,0.3326797385620915,361.32116916391664,0.23023969806256195,14.735340676003965,2.303502065868203,2.33536820082089,0,0.995,7,0.32816479995381087
sigma,2.0,33,19,17927694938856077718,200,1600,8,1021,2.0,8.0,cached,float32,1,0.3326797385620915,361.32116916391664,0.23023969806256195,14.735340676003965,2.303502065868203,2.33536820082089,1,1.0,0,0.3267677999101579
sigma,2.0,33,20,11072635417505679990,200,1600,8,1021,2.0,8.0,cached,float32,1,0.3326797385620915,361.32116916391664,0.23023969806256195,14.735340676003965,2.303502065868203,2.33536820082089,1,1.0,0,0.3304374000290409
sigma,2.0,33,21,5703380336036954455,200,1600,8,1021,2.0,8.0,cached,float32,1,0.3326797385620915,361.32116916391664,0.23023969806256195,14.735340676003965,2.303502065868203,2.33536820082089,1,1.0,0,0.32889469992369413
sigma,2.0,33,22,903669908265167245,200,1600,8,1021,2.0,8.0,cached,float32,1,0.3326797385620915,361.32116916391664,0.23023969806256195,14.735340676003965,2.303502065868203,2.33536820082089,1,1.0,0,0.33165379997808486
sigma,2.0,33,23,16468962827687356930,200,1600,8,1021,2.0,8.0,cached,float32,1,0.3326797385620915,361.32116916391664,0.23023969806256195,14.735340676003965,2.303502065868203,2.33536820082089,1,1.0,0,0.3299854000797495
sigma,2.0,33,24,16464004281093521628,200,1600,8,1021,2.0,8.0,cached,float32,1,0.3326797385620915,361.32116916391664,0.23023969806256195,14.735340676003965,2.303502065868203,2.33536820082089,1,1.0,0,0.33159769990015775
sigma,2.0,33,25,2051357139572453915,200,1600,8,1021,2.0,8.0,cached,float32,1,0.3326797385620915,361.32116916391664,0.23023969806256195,14.735340676003965,2.303502065868203,2.33536820082089,0,0.995,3,0.3334622000111267
sigma,2.0,33,26,6360944321442525809,200,1600,8,1021,2.0,8.0,cached,float32,1,0.3326797385620915,361.32116916391664,0.23023969806256195,14.735340676003965,2.303502065868203,2.33536820082089,1,1.0,0,0.3313971000025049
sigma,2.0,33,27,6250589218258942477,200,1600,8,1021,2.0,8.0,cached,float32,1,0.3326797385620915,361.32116916391664,0.23023969806256195,14.735340676003965,2.303502065868203,2.33536820082089,1,1.0,0,0.33319840009789914
sigma,2.0,33,28,6730429938450570292,200,1600,8,1021,2.0,8.0,cached,float32,1,0.3326797385620915,361.32116916391664,0.23023969806256195,14.735340676003965,2.303502065868203,2.33536820082089,1,1.0,0,0.3298029999714345
sigma,2.0,33,29,6235798730862600496,200,1600,8,1021,2.0,8.0,cached,float32,1,0.3326797385620915,361.32116916391664,0.23023969806256195,14.735340676003965,2.303502065868203,2.33536820082089,1,1.0,0,0.33446440007537603
sigma,2.0,33,30,5891474112349693069,200,1600,8,1021,2.0,8.0,cached,float32,1,0.3326797385620915,361.32116916391664,0.23023969806256195,14.735340676003965,2.303502065868203,2.33536820082089,1,1.0,0,0.33245059999171644
sigma,2.0,33,31,14964021726290963112,200,1600,8,1021,2.0,8.0,cached,float32,1,0.3326797385620915,361.32116916391664,0.23023969806256195,14.735340676003965,2.303502065868203,2.33536820082089,1,1.0,0,0.32825279992539436
sigma,2.0,33,32,188792074139637919,200,1600,8,1021,2.0,8.0,cached,float32,1,0.3326797385620915,361.32116916391664,0.23023969806256195,14.735340676003965,2.303502065868203,2.33536820082089,1,1.0,0,0.3302998999133706
sigma,2.0,33,33,17335687111018786724,200,1600,8,1021,2.0,8.0,cached,float32,1,0.3326797385620915,361.32116916391664,0.23023969806256195,14.735340676003965,2.303502065868203,2.33536820082089,1,1.0,0,0.33597969997208565
sigma,2.0,33,34,10087197550563980689,200,1600,8,1021,2.0,8.0,cached,float32,1,0.3326797385620915,361.32116916391664,0.23023969806256195,14.735340676003965,2.303502065868203,2.33536820082089,1,1.0,0,0.3308815999189392
sigma,2.0,33,35,8816859241725850475,200,1600,8,1021,2.0,8.0,cached,float32,1,0.3326797385620915,361.32116916391664,0.23023969806256195,14.735340676003965,2.303502065868203,2.33536820082089,1,1.0,0,0.33204529993236065
sigma,2.0,33,36,7618749677784810827,200,1600,8,1021,2.0,8.0,cached,float32,1,0.3326797385620915,361.32116916391664,0.23023969806256195,14.735340676003965,2.303502065868203,2.33536820082089,1,1.0,0,0.33136630000080913
sigma,2.0,33,37,17160879892452062695,200,1600,8,1021,2.0,8.0,cached,float32,1,0.3326797385620915,361.32116916391664,0.23023969806256195,14.735340676003965,2.303502065868203,2.33536820082089,1,1.0,0,0.3294206999707967
sigma,2.0,33,38,3602991482436647759,200,1600,8,1021,2.0,8.0,cached,float32,1,0.3326797385620915,361.32116916391664,0.23023969806256195,14.735340676003965,2.303502065868203,2.33536820082089,1,1.0,0,0.3288718000985682
sigma,2.0,33,39,5512753094545243400,200,1600,8,1021,2.0,8.0,cached,float32,1,0.3326797385620915,361.32116916391664,0.23023969806256195,14.735340676003965,2.303502065868203,2.33536820082089,1,1.0,0,0.3293800000101328
sigma,2.0,33,40,678936541509429858,200,1600,8,1021,2.0,8.0,cached,float32,1,0.3326797385620915,361.32116916391664,0.23023969806256195,14.735340676003965,2.303502065868203,2.33536820082089,1,1.0,0,0.3286713999696076
sigma,2.0,33,41,5213268776692933190,200,1600,8,1021,2.0,8.0,cached,float32,1,0.3326797385620915,361.32116916391664,0.23023969806256195,14.735340676003965,2.303502065868203,2.33536820082089,0,0.99,1,0.3272043999750167
sigma,2.0,33,42,7853493184623068774,200,1600,8,1021,2.0,8.0,cached,float32,1,0.3326797385620915,361.32116916391664,0.23023969806256195,14.735340676003965,2.303502065868203,2.33536820082089,1,1.0,0,0.3290582000045106
sigma,2.0,33,43,15963115475860064412,200,1600,8,1021,2.0,8.0,cached,float32,1,0.3326797385620915,361.32116916391664,0.23023969806256195,14.735340676003965,2.303502065868203,2.33536820082089,1,1.0,0,0.326646399917081
sigma,2.0,33,44,6776758459791980719,200,1600,8,1021,2.0,8.0,cached,float32,1,0.3326797385620915,361.32116916391664,0.23023969806256195,14.735340676003965,2.303502065868203,2.33536820082089,1,1.0,0,0.35159550001844764
sigma,2.0,33,45,5372617442233480888,200,1600,8,1021,2.0,8.0,cached,float32,1,0.3326797385620915,361.32116916391664,0.23023969806256195,14.735340676003965,2.303502065868203,2.33536820082089,1,1.0,0,0.331687800004147
sigma,2.0,33,46,3764566711782097725,200,1600,8,1021,2.0,8.0,cached,float32,1,0.3326797385620915,361.32116916391664,0.23023969806256195,14.735340676003965,2.303502065868203,2.33536820082089,1,1.0,0,0.3299014000222087
sigma,2.0,33,47,10828972912269730787,200,1600,8,1021,2.0,8.0,cached,float32,1,0.3326797385620915,361.32116916391664,0.23023969806256195,14.735340676003965,2.303502065868203,2.33536820082089,1,1.0,0,0.34306340001057833
sigma,2.0,33,48,3040358662588083422,200,1600,8,1021,2.0,8.0,cached,float32,1,0.3326797385620915,361.32116916391664,0.23023969806256195,14.735340676003965,2.303502065868203,2.33536820082089,1,1.0,0,0.3295032000169158
sigma,2.0,33,49,1949234177029045533,200,1600,8,1021,2.0,8.0,cached,float32,1,0.3326797385620915,361.32116916391664,0.23023969806256195,14.735340676003965,2.303502065868203,2.33536820082089,1,1.0,0,0.3333924999460578
sigma,2.0,33,50,4533704470202154275,200,1600,8,1021,2.0,8.0,cached,float32,1,0.3326797385620915,361.32116916391664,0.23023969806256195,14.735340676003965,2.303502065868203,2.33536820082089,0,0.995,6,0.32764009991660714
sigma,2.0,33,51,14903419496470248770,200,1600,8,1021,2.0,8.0,cached,float32,1,0.3326797385620915,361.32116916391664,0.23023969806256195,14.735340676003965,2.303502065868203,2.33536820082089,1,1.0,0,0.3321206000400707
sigma,2.0,33,52,2707416965379658493,200,1600,8,1021,2.0,8.0,cached,float32,1,0.3326797385620915,361.32116916391664,0.23023969806256195,14.735340676003965,2.303502065868203,2.33536820082089,1,1.0,0,0.32871370005887
sigma,2.0,33,53,13529874612435895849,200,1600,8,1021,2.0,8.0,cached,float32,1,0.3326797385620915,361.32116916391664,0.23023969806256195,14.735340676003965,2.303502065868203,2.33536820082089,1,1.0,0,0.3267856000456959
sigma,2.0,33,54,11543553998676899951,200,1600,8,1021,2.0,8.0,cached,float32,1,0.3326797385620915,361.32116916391664,0.23023969806256195,14.735340676003965,2.303502065868203,2.33536820082089,1,1.0,0,0.32500950002577156
sigma,2.0,33,55,12181573910715829870,200,1600,8,1021,2.0,8.0,cached,float32,1,0.3326797385620915,361.32116916391664,0.23023969806256195,14.735340676003965,2.303502065868203,2.33536820082089,1,1.0,0,0.32711379998363554
sigma,2.0,33,56,6166255614428800955,200,1600,8,1021,2.0,8.0,cached,float32,1,0.3326797385620915,361.32116916391664,0.23023969806256195,14.735340676003965,2.303502065868203,2.33536820082089,1,1.0,0,0.32708640000782907
sigma,2.0,33,57,6913869876882300085,200,1600,8,1021,2.0,8.0,cached,float32,1,0.3326797385620915,361.32116916391664,0.23023969806256195,14.735340676003965,2.303502065868203,2.33536820082089,0,0.995,3,0.33159910002723336
sigma,2.0,33,58,2283856384502367904,200,1600,8,1021,2.0,8.0,cached,float32,1,0.3326797385620915,361.32116916391664,0.23023969806256195,14.735340676003965,2.303502065868203,2.33536820082089,0,0.99,1,0.32824750000145286
sigma,2.0,33,59,14090350370125232591,200,1600,8,1021,2.0,8.0,cached,float32,1,0.3326797385620915,361.32116916391664,0.23023969806256195,14.735340676003965,2.303502065868203,2.33536820082089,1,1.0,0,0.3333521999884397
sigma,2.0,33,60,3410459066637111898,200,1600,8,1021,2.0,8.0,cached,float32,1,0.3326797385620915,361.32116916391664,0.23023969806256195,14.735340676003965,2.303502065868203,2.33536820082089,1,1.0,0,0.3294242999982089
sigma,2.0,33,61,12022868018872512010,200,1600,8,1021,2.0,8.0,cached,float32,1,0.3326797385620915,361.32116916391664,0.23023969806256195,14.735340676003965,2.303502065868203,2.33536820082089,1,1.0,0,0.32484949997160584
sigma,2.0,33,62,8760231647057715117,200,1600,8,1021,2.0,8.0,cached,float32,1,0.3326797385620915,361.32116916391664,0.23023969806256195,14.735340676003965,2.303502065868203,2.33536820082089,1,1.0,0,0.3306514999130741
sigma,2.0,33,63,17456184391884207086,200,1600,8,1021,2.0,8.0,cached,float32,1,0.3326797385620915,361.32116916391664,0.23023969806256195,14.735340676003965,2.303502065868203,2.33536820082089,1,1.0,0,0.35563260002527386
sigma,2.0,33,64,7055922189631721363,200,1600,8,1021,2.0,8.0,cached,float32,1,0.3326797385620915,361.32116916391664,0.23023969806256195,14.735340676003965,2.303502065868203,2.33536820082089,1,1.0,0,0.3292660000734031
sigma,2.0,33,65,1325504599086744927,200,1600,8,1021,2.0,8.0,cached,float32,1,0.3326797385620915,361.32116916391664,0.23023969806256195,14.735340676003965,2.303502065868203,2.33536820082089,0,0.995,1,0.33057150000240654
sigma,2.0,33,66,9493448995452732547,200,1600,8,1021,2.0,8.0,cached,float32,1,0.3326797385620915,361.32116916391664,0.23023969806256195,14.735340676003965,2.303502065868203,2.33536820082089,1,1.0,0,0.32746060006320477
sigma,2.0,33,67,18060690915752476649,200,1600,8,1021,2.0,8.0,cached,float32,1,0.3326797385620915,361.32116916391664,0.23023969806256195,14.735340676003965,2.303502065868203,2.33536820082089,1,1.0,0,0.3234561000717804
sigma,2.0,33,68,10942506050237435650,200,1600,8,1021,2.0,8.0,cached,float32,1,0.3326797385620915,361.32116916391664,0.23023969806256195,14.735340676003965,2.303502065868203,2.33536820082089,1,1.0,0,0.32717740000225604
sigma,2.0,33,69,3558726833242823609,200,1600,8,1021,2.0,8.0,cached,float32,1,0.3326797385620915,361.32116916391664,0.23023969806256195,14.735340676003965,2.303502065868203,2.33536820082089,1,1.0,0,0.33394100004807115
sigma,2.0,33,70,9734324495256218201,200,1600,8,1021,2.0,8.0,cached,float32,1,0.3326797385620915,361.32116916391664,0.23023969806256195,14.735340676003965,2.303502065868203,2.33536820082089,1,1.0,0,0.3350649999920279
sigma,2.0,33,71,381472857404677856,200,1600,8,1021,2.0,8.0,cached,float32,1,0.3326797385620915,361.32116916391664,0.23023969806256195,14.735340676003965,2.303502065868203,2.33536820082089,1,1.0,0,0.32765290001407266
sigma,2.0,33,72,3286710768277981819,200,1600,8,1021,2.0,8.0,cached,float32,1,0.3326797385620915,361.32116916391664,0.23023969806256195,14.735340676003965,2.303502065868203,2.33536820082089,1,1.0,0,0.3311328999698162
sigma,2.0,33,73,4447031760921281417,200,1600,8,1021,2.0,8.0,cached,float32,1,0.3326797385620915,361.32116916391664,0.23023969806256195,14.735340676003965,2.303502065868203,2.33536820082089,1,1.0,0,0.3265102000441402
sigma,2.0,33,74,14462507997277882580,200,1600,8,1021,2.0,8.0,cached,float32,1,0.3326797385620915,361.32116916391664,0.23023969806256195,14.735340676003965,2.303502065868203,2.33536820082089,1,1.0,0,0.33701559994369745
sigma,2.0,33,75,150779378936531308,200,1600,8,1021,2.0,8.0,cached,float32,1,0.3326797385620915,361.32116916391664,0.23023969806256195,14.735340676003965,2.303502065868203,2.33536820082089,1,1.0,0,0.32792219996917993
sigma,2.0,33,76,13537296445537266050,200,1600,8,1021,2.0,8.0,cached,float32,1,0.3326797385620915,361.32116916391664,0.23023969806256195,14.735340676003965,2.303502065868203,2.33536820082089,1,1.0,0,0.3272247000131756
sigma,2.0,33,77,17148443441733152585,200,1600,8,1021,2.0,8.0,cached,float32,1,0.3326797385620915,361.32116916391664,0.23023969806256195,14.735340676003965,2.303502065868203,2.33536820082089,1,1.0,0,0.33609229989815503
sigma,2.0,33,78,10004160679426287491,200,1600,8,1021,2.0,8.0,cached,float32,1,0.3326797385620915,361.32116916391664,0.23023969806256195,14.735340676003965,2.303502065868203,2.33536820082089,0,0.995,5,0.3426148999715224
sigma,2.0,33,79,7451237791657909078,200,1600,8,1021,2.0,8.0,cached,float32,1,0.3326797385620915,361.32116916391664,0.23023969806256195,14.735340676003965,2.303502065868203,2.33536820082089,1,1.0,0,0.34403220005333424
sigma,2.0,33,80,4196131054519027374,200,1600,8,1021,2.0,8.0,cached,float32,1,0.3326797385620915,361.32116916391664,0.23023969806256195,14.735340676003965,2.303502065868203,2.33536820082089,1,1.0,0,0.3280520000262186
sigma,2.0,33,81,1866943114464176739,200,1600,8,1021,2.0,8.0,cached,float32,1,0.3326797385620915,361.32116916391664,0.23023969806256195,14.735340676003965,2.303502065868203,2.33536820082089,0,0.995,1,0.36235160008072853
sigma,2.0,33,82,9845059108217141163,200,1600,8,1021,2.0,8.0,cached,float32,1,0.3326797385620915,361.32116916391664,0.23023969806256195,14.735340676003965,2.303502065868203,2.33536820082089,1,1.0,0,0.33088330004829913
sigma,2.0,33,83,7630397826996372954,200,1600,8,1021,2.0,8.0,cached,float32,1,0.3326797385620915,361.32116916391664,0.23023969806256195,14.735340676003965,2.303502065868203,2.33536820082089,1,1.0,0,0.332767799962312
sigma,2.0,33,84,15893127225872012395,200,1600,8,1021,2.0,8.0,cached,float32,1,0.3326797385620915,361.32116916391664,0.23023969806256195,14.735340676003965,2.303502065868203,2.33536820082089,1,1.0,0,0.32737499999348074
sigma,2.0,33,85,17346121083241880793,200,1600,8,1021,2.0,8.0,cached,float32,1,0.3326797385620915,361.32116916391664,0.23023969806256195,14.735340676003965,2.303502065868203,2.33536820082089,1,1.0,0,0.32652899995446205
sigma,2.0,33,86,11072889580146661117,200,1600,8,1021,2.0,8.0,cached,float32,1,0.3326797385620915,361.32116916391664,0.23023969806256195,14.735340676003965,2.303502065868203,2.33536820082089,1,1.0,0,0.3271790000144392
sigma,2.0,33,87,5196078273200122951,200,1600,8,1021,2.0,8.0,cached,float32,1,0.3326797385620915,361.32116916391664,0.23023969806256195,14.735340676003965,2.303502065868203,2.33536820082089,1,1.0,0,0.33226910000666976
sigma,2.0,33,88,8793598713523729860,200,1600,8,1021,2.0,8.0,cached,float32,1,0.3326797385620915,361.32116916391664,0.23023969806256195,14.735340676003965,2.303502065868203,2.33536820082089,0,0.995,18,0.3259139000438154
sigma,2.0,33,89,13937029847653325925,200,1600,8,1021,2.0,8.0,cached,float32,1,0.3326797385620915,361.32116916391664,0.23023969806256195,14.735340676003965,2.303502065868203,2.33536820082089,1,1.0,0,0.3269405000610277
sigma,2.0,33,90,411805196267804298,200,1600,8,1021,2.0,8.0,cached,float32,1,0.3326797385620915,361.32116916391664,0.23023969806256195,14.735340676003965,2.303502065868203,2.33536820082089,1,1.0,0,0.33156510000117123
sigma,2.0,33,91,12382381547875753929,200,1600,8,1021,2.0,8.0,cached,float32,1,0.3326797385620915,361.32116916391664,0.23023969806256195,14.735340676003965,2.303502065868203,2.33536820082089,1,1.0,0,0.3294182000681758
sigma,2.0,33,92,4843520169344995212,200,1600,8,1021,2.0,8.0,cached,float32,1,0.3326797385620915,361.32116916391664,0.23023969806256195,14.735340676003965,2.303502065868203,2.33536820082089,1,1.0,0,0.3330382000422105
sigma,2.0,33,93,1232975596658539290,200,1600,8,1021,2.0,8.0,cached,float32,1,0.3326797385620915,361.32116916391664,0.23023969806256195,14.735340676003965,2.303502065868203,2.33536820082089,1,1.0,0,0.33346490003168583
sigma,2.0,33,94,11521114705542522147,200,1600,8,1021,2.0,8.0,cached,float32,1,0.3326797385620915,361.32116916391664,0.23023969806256195,14.735340676003965,2.303502065868203,2.33536820082089,1,1.0,0,0.3292962999548763
sigma,2.0,33,95,2144997331490922284,200,1600,8,1021,2.0,8.0,cached,float32,1,0.3326797385620915,361.32116916391664,0.23023969806256195,14.735340676003965,2.303502065868203,2.33536820082089,0,0.995,20,0.33805579994805157
sigma,2.0,33,96,437314590416124053,200,1600,8,1021,2.0,8.0,cached,float32,1,0.3326797385620915,361.32116916391664,0.23023969806256195,14.735340676003965,2.303502065868203,2.33536820082089,1,1.0,0,0.3265372000169009
sigma,2.0,33,97,10815843217509982227,200,1600,8,1021,2.0,8.0,cached,float32,1,0.3326797385620915,361.32116916391664,0.23023969806256195,14.735340676003965,2.303502065868203,2.33536820082089,1,1.0,0,0.3269252999452874
sigma,2.0,33,98,1592026593562378741,200,1600,8,1021,2.0,8.0,cached,float32,1,0.3326797385620915,361.32116916391664,0.23023969806256195,14.735340676003965,2.303502065868203,2.33536820082089,1,1.0,0,0.32964440004434437
sigma,2.0,33,99,18395663082843305809,200,1600,8,1021,2.0,8.0,cached,float32,1,0.3326797385620915,361.32116916391664,0.23023969806256195,14.735340676003965,2.303502065868203,2.33536820082089,1,1.0,0,0.33290020003914833
sigma,2.5,34,0,7498387937687794555,200,1600,8,1021,2.5,8.0,cached,float32,1,0.3326797385620915,287.8138780268375,0.18419175845004956,11.788272540803172,1.8428016526945625,1.8682945606567118,1,1.0,0,0.3310792000265792
sigma,2.5,34,1,9081601432296245376,200,1600,8,1021,2.5,8.0,cached,float32,1,0.3326797385620915,287.8138780268375,0.18419175845004956,11.788272540803172,1.8428016526945625,1.8682945606567118,1,1.0,0,0.330480600008741
sigma,2.5,34,2,4713487277367094127,200,1600,8,1021,2.5,8.0,cached,float32,1,0.3326797385620915,287.8138780268375,0.18419175845004956,11.788272540803172,1.8428016526945625,1.8682945606567118,1,1.0,0,0.3283520999830216
sigma,2.5,34,3,7255965979505393851,200,1600,8,1021,2.5,8.0,cached,float32,1,0.3326797385620915,287.8138780268375,0.18419175845004956,11.788272540803172,1.8428016526945625,1.8682945606567118,1,1.0,0,0.3266165000386536
sigma,2.5,34,4,1220225969731942856,200,1600,8,1021,2.5,8.0,cached,float32,1,0.3326797385620915,287.8138780268375,0.18419175845004956,11.788272540803172,1.8428016526945625,1.8682945606567118,1,1.0,0,0.33021579997148365
sigma,2.5,34,5,1223720234336664789,200,1600,8,1021,2.5,8.0,cached,float32,1,0.3326797385620915,287.8138780268375,0.18419175845004956,11.788272540803172,1.8428016526945625,1.8682945606567118,1,1.0,0,0.3346794000826776
sigma,2.5,34,6,17855040015251027639,200,1600,8,1021,2.5,8.0,cached,float32,1,0.3326797385620915,287.8138780268375,0.18419175845004956,11.788272540803172,1.8428016526945625,1.8682945606567118,1,1.0,0,0.3286637000273913
sigma,2.5,34,7,3853370001546912663,200,1600,8,1021,2.5,8.0,cached,float32,1,0.3326797385620915,287.8138780268375,0.18419175845004956,11.788272540803172,1.8428016526945625,1.8682945606567118,1,1.0,0,0.3294501000782475
sigma,2.5,34,8,5150550913217508950,200,1600,8,1021,2.5,8.0,cached,float32,1,0.3326797385620915,287.8138780268375,0.18419175845004956,11.788272540803172,1.8428016526945625,1.8682945606567118,1,1.0,0,0.3277120999991894
sigma,2.5,34,9,12390724481137206181,200,1600,8,1021,2.5,8.0,cached,float32,1,0.3326797385620915,287.8138780268375,0.18419175845004956,11.788272540803172,1.8428016526945625,1.8682945606567118,1,1.0,0,0.32720669999253005
sigma,2.5,34,10,13334391284731442814,200,1600,8,1021,2.5,8.0,cached,float32,1,0.3326797385620915,287.8138780268375,0.18419175845004956,11.788272540803172,1.8428016526945625,1.8682945606567118,0,0.995,10,0.3363048000028357
sigma,2.5,34,11,1990281143023828502,200,1600,8,1021,2.5,8.0,cached,float32,1,0.3326797385620915,287.8138780268375,0.18419175845004956,11.788272540803172,1.8428016526945625,1.8682945606567118,0,0.995,7,0.3323591999942437
sigma,2.5,34,12,8343086375607818726,200,1600,8,1021,2.5,8.0,cached,float32,1,0.3326797385620915,287.8138780268375,0.18419175845004956,11.788272540803172,1.8428016526945625,1.8682945606567118,1,1.0,0,0.32720870000775903
sigma,2.5,34,13,12866041623890074402,200,1600,8,1021,2.5,8.0,cached,float32,1,0.3326797385620915,287.8138780268375,0.18419175845004956,11.788272540803172,1.8428016526945625,1.8682945606567118,1,1.0,0,0.32918070000596344
sigma,2.5,34,14,13354824867075131259,200,1600,8,1021,2.5,8.0,cached,float32,1,0.3326797385620915,287.8138780268375,0.18419175845004956,11.788272540803172,1.8428016526945625,1.8682945606567118,1,1.0,0,0.3272217999910936
sigma,2.5,34,15,9234984130498764438,200,1600,8,1021,2.5,8.0,cached,float32,1,0.3326797385620915,287.8138780268375,0.18419175845004956,11.788272540803172,1.8428016526945625,1.8682945606567118,1,1.0,0,0.32599109993316233
sigma,2.5,34,16,17731204277662799251,200,1600,8,1021,2.5,8.0,cached,float32,1,0.3326797385620915,287.8138780268375,0.18419175845004956,11.788272540803172,1.8428016526945625,1.8682945606567118,1,1.0,0,0.33227639994584024
sigma,2.5,34,17,14877831542124680282,200,1600,8,1021,2.5,8.0,cached,float32,1,0.3326797385620915,287.8138780268375,0.18419175845004956,11.788272540803172,1.8428016526945625,1.8682945606567118,1,1.0,0,0.35116660001222044
sigma,2.5,34,18,6109792518687029563,200,1600,8,1021,2.5,8.0,cached,float32,1,0.3326797385620915,287.8138780268375,0.18419175845004956,11.788272540803172,1.8428016526945625,1.8682945606567118,0,0.995,8,0.3259143999312073
sigma,2.5,34,19,9410871609898163923,200,1600,8,1021,2.5,8.0,cached,float32,1,0.3326797385620915,287.8138780268375,0.18419175845004956,11.788272540803172,1.8428016526945625,1.8682945606567118,1,1.0,0,0.33529299998190254
sigma,2.5,34,20,13740607725177893767,200,1600,8,1021,2.5,8.0,cached,float32,1,0.3326797385620915,287.8138780268375,0.18419175845004956,11.788272540803172,1.8428016526945625,1.8682945606567118,1,1.0,0,0.3310559999663383
sigma,2.5,34,21,16073422025069106223,200,1600,8,1021,2.5,8.0,cached,float32,1,0.3326797385620915,287.8138780268375,0.18419175845004956,11.788272540803172,1.8428016526945625,1.8682945606567118,1,1.0,0,0.33369689993560314
sigma,2.5,34,22,10110903742562712037,200,1600,8,1021,2.5,8.0,cached,float32,1,0.3326797385620915,287.8138780268375,0.18419175845004956,11.788272540803172,1.8428016526945625,1.8682945606567118,1,1.0,0,0.3583951999899
sigma,2.5,34,23,17274097253306462540,200,1600,8,1021,2.5,8.0,cached,float32,1,0.3326797385620915,287.8138780268375,0.18419175845004956,11.788272540803172,1.8428016526945625,1.8682945606567118,1,1.0,0,0.3290966000640765
sigma,2.5,34,24,10835481552886422610,200,1600,8,1021,2.5,8.0,cached,float32,1,0.3326797385620915,287.8138780268375,0.18419175845004956,11.788272540803172,1.8428016526945625,1.8682945606567118,1,1.0,0,0.3249661000445485
sigma,2.5,34,25,10551934091018626986,200,1600,8,1021,2.5,8.0,cached,float32,1,0.3326797385620915,287.8138780268375,0.18419175845004956,11.788272540803172,1.8428016526945625,1.8682945606567118,0,0.99,10,0.32515809999313205
sigma,2.5,34,26,13322736290522041722,200,1600,8,1021,2.5,8.0,cached,float32,1,0.3326797385620915,287.8138780268375,0.18419175845004956,11.788272540803172,1.8428016526945625,1.8682945606567118,1,1.0,0,0.32618139998521656
sigma,2.5,34,27,8099595066307774471,200,1600,8,1021,2.5,8.0,cached,float32,1,0.3326797385620915,287.8138780268375,0.18419175845004956,11.788272540803172,1.8428016526945625,1.8682945606567118,1,1.0,0,0.3269408999476582
sigma,2.5,34,28,15059956254691272090,200,1600,8,1021,2.5,8.0,cached,float32,1,0.3326797385620915,287.8138780268375,0.18419175845004956,11.788272540803172,1.8428016526945625,1.8682945606567118,0,0.995,2,0.3366977000841871
sigma,2.5,34,29,5894651844690487280,200,1600,8,1021,2.5,8.0,cached,float32,1,0.3326797385620915,287.8138780268375,0.18419175845004956,11.788272540803172,1.8428016526945625,1.8682945606567118,0,0.995,3,0.32812639989424497
sigma,2.5,34,30,16212953138271739081,200,1600,8,1021,2.5,8.0,cached,float32,1,0.3326797385620915,287.8138780268375,0.18419175845004956,11.788272540803172,1.8428016526945625,1.8682945606567118,0,0.995,10,0.33233490004204214
sigma,2.5,34,31,3483835171492561351,200,1600,8,1021,2.5,8.0,cached,float32,1,0.3326797385620915,287.8138780268375,0.18419175845004956,11.788272540803172,1.8428016526945625,1.8682945606567118,1,1.0,0,0.33257760002743453
sigma,2.5,34,32,8234325387808222731,200,1600,8,1021,2.5,8.0,cached,float32,1,0.3326797385620915,287.8138780268375,0.18419175845004956,11.788272540803172,1.8428016526945625,1.8682945606567118,1,1.0,0,0.3259847000008449
sigma,2.5,34,33,1063450758172807523,200,1600,8,1021,2.5,8.0,cached,float32,1,0.3326797385620915,287.8138780268375,0.18419175845004956,11.788272540803172,1.8428016526945625,1.8682945606567118,0,0.995,2,0.33064900001045316
sigma,2.5,34,34,14378957083205388836,200,1600,8,1021,2.5,8.0,cached,float32,1,0.3326797385620915,287.8138780268375,0.18419175845004956,11.788272540803172,1.8428016526945625,1.8682945606567118,0,0.995,11,0.32758990000002086
sigma,2.5,34,35,2268985334443493834,200,1600,8,1021,2.5,8.0,cached,float32,1,0.3326797385620915,287.8138780268375,0.18419175845004956,11.788272540803172,1.8428016526945625,1.8682945606567118,1,1.0,0,0.3304972000187263
sigma,2.5,34,36,1233474216094116842,200,1600,8,1021,2.5,8.0,cached,float32,1,0.3326797385620915,287.8138780268375,0.18419175845004956,11.788272540803172,1.8428016526945625,1.8682945606567118,0,0.985,1,0.33160150004550815
sigma,2.5,34,37,8428703723584543653,200,1600,8,1021,2.5,8.0,cached,float32,1,0.3326797385620915,287.8138780268375,0.18419175845004956,11.788272540803172,1.8428016526945625,1.8682945606567118,0,0.995,4,0.33039320004172623
sigma,2.5,34,38,5152126685460310652,200,1600,8,1021,2.5,8.0,cached,float32,1,0.3326797385620915,287.8138780268375,0.18419175845004956,11.788272540803172,1.8428016526945625,1.8682945606567118,0,0.995,2,0.3273393000708893
sigma,2.5,34,39,5788393133796030868,200,1600,8,1021,2.5,8.0,cached,float32,1,0.3326797385620915,287.8138780268375,0.18419175845004956,11.788272540803172,1.8428016526945625,1.8682945606567118,1,1.0,0,0.3290619000326842
sigma,2.5,34,40,17398516844202732620,200,1600,8,1021,2.5,8.0,cached,float32,1,0.3326797385620915,287.8138780268375,0.18419175845004956,11.788272540803172,1.8428016526945625,1.8682945606567118,1,1.0,0,0.33616970002185553
sigma,2.5,34,41,7173072071479042500,200,1600,8,1021,2.5,8.0,cached,float32,1,0.3326797385620915,287.8138780268375,0.18419175845004956,11.788272540803172,1.8428016526945625,1.8682945606567118,1,1.0,0,0.3309378999983892
sigma,2.5,34,42,6177964967745015120,200,1600,8,1021,2.5,8.0,cached,float32,1,0.3326797385620915,287.8138780268375,0.18419175845004956,11.788272540803172,1.8428016526945625,1.8682945606567118,1,1.0,0,0.3289195999968797
sigma,2.5,34,43,2133728953502295705,200,1600,8,1021,2.5,8.0,cached,float32,1,0.3326797385620915,287.8138780268375,0.18419175845004956,11.788272540803172,1.8428016526945625,1.8682945606567118,1,1.0,0,0.32914699998218566
sigma,2.5,34,44,17874383560834808047,200,1600,8,1021,2.5,8.0,cached,float32,1,0.3326797385620915,287.8138780268375,0.18419175845004956,11.788272540803172,1.8428016526945625,1.8682945606567118,1,1.0,0,0.3280001999810338
sigma,2.5,34,45,627874850246377804,200,1600,8,1021,2.5,8.0,cached,float32,1,0.3326797385620915,287.8138780268375,0.18419175845004956,11.788272540803172,1.8428016526945625,1.8682945606567118,1,1.0,0,0.33052720001433045
sigma,2.5,34,46,17212670907184930867,200,1600,8,1021,2.5,8.0,cached,float32,1,0.3326797385620915,287.8138780268375,0.18419175845004956,11.788272540803172,1.8428016526945625,1.8682945606567118,1,1.0,0,0.3322526999982074
sigma,2.5,34,47,1949725743310235900,200,1600,8,1021,2.5,8.0,cached,float32,1,0.3326797385620915,287.8138780268375,0.18419175845004956,11.788272540803172,1.8428016526945625,1.8682945606567118,1,1.0,0,0.32617249991744757
sigma,2.5,34,48,6208427259481607103,200,1600,8,1021,2.5,8.0,cached,float32,1,0.3326797385620915,287.8138780268375,0.18419175845004956,11.788272540803172,1.8428016526945625,1.8682945606567118,1,1.0,0,0.32821760000661016
sigma,2.5,34,49,6531197281053933306,200,1600,8,1021,2.5,8.0,cached,float32,1,0.3326797385620915,287.8138780268375,0.18419175845004956,11.788272540803172,1.8428016526945625,1.8682945606567118,0,0.995,11,0.3281213000882417
sigma,2.5,34,50,11143860986927862030,200,1600,8,1021,2.5,8.0,cached,float32,1,0.3326797385620915,287.8138780268375,0.18419175845004956,11.788272540803172,1.8428016526945625,1.8682945606567118,0,0.995,2,0.3301787000382319
sigma,2.5,34,51,12737997182487630484,200,1600,8,1021,2.5,8.0,cached,float32,1,0.3326797385620915,287.8138780268375,0.18419175845004956,11.788272540803172,1.8428016526945625,1.8682945606567118,0,0.995,4,0.32951630000025034
sigma,2.5,34,52,2267546141673141915,200,1600,8,1021,2.5,8.0,cached,float32,1,0.3326797385620915,287.8138780268375,0.18419175845004956,11.788272540803172,1.8428016526945625,1.8682945606567118,0,0.995,4,0.3284743999829516
sigma,2.5,34,53,14803715067850272843,200,1600,8,1021,2.5,8.0,cached,float32,1,0.3326797385620915,287.8138780268375,0.18419175845004956,11.788272540803172,1.8428016526945625,1.8682945606567118,0,0.995,11,0.33149420004338026
sigma,2.5,34,54,15207612622458989261,200,1600,8,1021,2.5,8.0,cached,float32,1,0.3326797385620915,287.8138780268375,0.18419175845004956,11.788272540803172,1.8428016526945625,1.8682945606567118,0,0.985,2,0.3310005000093952
sigma,2.5,34,55,6349177385778252577,200,1600,8,1021,2.5,8.0,cached,float32,1,0.3326797385620915,287.8138780268375,0.18419175845004956,11.788272540803172,1.8428016526945625,1.8682945606567118,1,1.0,0,0.32975459995213896
sigma,2.5,34,56,13907515875177266966,200,1600,8,1021,2.5,8.0,cached,float32,1,0.3326797385620915,287.8138780268375,0.18419175845004956,11.788272540803172,1.8428016526945625,1.8682945606567118,0,0.995,9,0.3507926999591291
sigma,2.5,34,57,6376511635391365594,200,1600,8,1021,2.5,8.0,cached,float32,1,0.3326797385620915,287.8138780268375,0.18419175845004956,11.788272540803172,1.8428016526945625,1.8682945606567118,1,1.0,0,0.32513919996563345
sigma,2.5,34,58,6822096427009628749,200,1600,8,1021,2.5,8.0,cached,float32,1,0.3326797385620915,287.8138780268375,0.18419175845004956,11.788272540803172,1.8428016526945625,1.8682945606567118,1,1.0,0,0.3297125000972301
sigma,2.5,34,59,18335477982373417845,200,1600,8,1021,2.5,8.0,cached,float32,1,0.3326797385620915,287.8138780268375,0.18419175845004956,11.788272540803172,1.8428016526945625,1.8682945606567118,1,1.0,0,0.32966329995542765
sigma,2.5,34,60,8781875182990395507,200,1600,8,1021,2.5,8.0,cached,float32,1,0.3326797385620915,287.8138780268375,0.18419175845004956,11.788272540803172,1.8428016526945625,1.8682945606567118,1,1.0,0,0.3267459999769926
sigma,2.5,34,61,9955081465964285646,200,1600,8,1021,2.5,8.0,cached,float32,1,0.3326797385620915,287.8138780268375,0.18419175845004956,11.788272540803172,1.8428016526945625,1.8682945606567118,0,0.995,1,0.32620390004012734
sigma,2.5,34,62,9633970320337321514,200,1600,8,1021,2.5,8.0,cached,float32,1,0.3326797385620915,287.8138780268375,0.18419175845004956,11.788272540803172,1.8428016526945625,1.8682945606567118,1,1.0,0,0.32872900005895644
sigma,2.5,34,63,7693099494001058781,200,1600,8,1021,2.5,8.0,cached,float32,1,0.3326797385620915,287.8138780268375,0.18419175845004956,11.788272540803172,1.8428016526945625,1.8682945606567118,1,1.0,0,0.33197109994944185
sigma,2.5,34,64,10285553634488678685,200,1600,8,1021,2.5,8.0,cached,float32,1,0.3326797385620915,287.8138780268375,0.18419175845004956,11.788272540803172,1.8428016526945625,1.8682945606567118,1,1.0,0,0.3332548999460414
sigma,2.5,34,65,2444900671220040577,200,1600,8,1021,2.5,8.0,cached,float32,1,0.3326797385620915,287.8138780268375,0.18419175845004956,11.788272540803172,1.8428016526945625,1.8682945606567118,1,1.0,0,0.3315540000330657
sigma,2.5,34,66,8407581645377622963,200,1600,8,1021,2.5,8.0,cached,float32,1,0.3326797385620915,287.8138780268375,0.18419175845004956,11.788272540803172,1.8428016526945625,1.8682945606567118,0,0.995,5,0.3274625000776723
sigma,2.5,34,67,1395425732458732334,200,1600,8,1021,2.5,8.0,cached,float32,1,0.3326797385620915,287.8138780268375,0.18419175845004956,11.788272540803172,1.8428016526945625,1.8682945606567118,1,1.0,0,0.3289531000191346
sigma,2.5,34,68,9921582259971649853,200,1600,8,1021,2.5,8.0,cached,float32,1,0.3326797385620915,287.8138780268375,0.18419175845004956,11.788272540803172,1.8428016526945625,1.8682945606567118,1,1.0,0,0.3280170999933034
sigma,2.5,34,69,2913892693076562073,200,1600,8,1021,2.5,8.0,cached,float32,1,0.3326797385620915,287.8138780268375,0.18419175845004956,11.788272540803172,1.8428016526945625,1.8682945606567118,1,1.0,0,0.3432096999604255
sigma,2.5,34,70,1660142962104358341,200,1600,8,1021,2.5,8.0,cached,float32,1,0.3326797385620915,287.8138780268375,0.18419175845004956,11.788272540803172,1.8428016526945625,1.8682945606567118,1,1.0,0,0.32753459992818534
sigma,2.5,34,71,10571283829507243882,200,1600,8,1021,2.5,8.0,cached,float32,1,0.3326797385620915,287.8138780268375,0.18419175845004956,11.788272540803172,1.8428016526945625,1.8682945606567118,0,0.995,4,0.33130129997152835
sigma,2.5,34,72,3209703926850519983,200,1600,8,1021,2.5,8.0,cached,float32,1,0.3326797385620915,287.8138780268375,0.18419175845004956,11.788272540803172,1.8428016526945625,1.8682945606567118,1,1.0,0,0.3270606999285519
sigma,2.5,34,73,2242804456752252412,200,1600,8,1021,2.5,8.0,cached,float32,1,0.3326797385620915,287.8138780268375,0.18419175845004956,11.788272540803172,1.8428016526945625,1.8682945606567118,1,1.0,0,0.3322550000157207
sigma,2.5,34,74,7230157639200502984,200,1600,8,1021,2.5,8.0,cached,float32,1,0.3326797385620915,287.8138780268375,0.18419175845004956,11.788272540803172,1.8428016526945625,1.8682945606567118,1,1.0,0,0.33040670002810657
sigma,2.5,34,75,15371930366246222205,200,1600,8,1021,2.5,8.0,cached,float32,1,0.3326797385620915,287.8138780268375,0.18419175845004956,11.788272540803172,1.8428016526945625,1.8682945606567118,0,0.995,3,0.3354236000450328
sigma,2.5,34,76,9083237567700847416,200,1600,8,1021,2.5,8.0,cached,float32,1,0.3326797385620915,287.8138780268375,0.18419175845004956,11.788272540803172,1.8428016526945625,1.8682945606567118,1,1.0,0,0.34521489997860044
sigma,2.5,34,77,15495383768564962568,200,1600,8,1021,2.5,8.0,cached,float32,1,0.3326797385620915,287.8138780268375,0.18419175845004956,11.788272540803172,1.8428016526945625,1.8682945606567118,1,1.0,0,0.3312203000532463
sigma,2.5,34,78,1958781964328494491,200,1600,8,1021,2.5,8.0,cached,float32,1,0.3326797385620915,287.8138780268375,0.18419175845004956,11.788272540803172,1.8428016526945625,1.8682945606567118,1,1.0,0,0.32939249998889863
sigma,2.5,34,79,18036351912025741762,200,1600,8,1021,2.5,8.0,cached,float32,1,0.3326797385620915,287.8138780268375,0.18419175845004956,11.788272540803172,1.8428016526945625,1.8682945606567118,1,1.0,0,0.3250188999809325
sigma,2.5,34,80,6243789943547116848,200,1600,8,1021,2.5,8.0,cached,float32,1,0.3326797385620915,287.8138780268375,0.18419175845004956,11.788272540803172,1.8428016526945625,1.8682945606567118,1,1.0,0,0.37212519999593496
sigma,2.5,34,81,4080067586479353927,200,1600,8,1021,2.5,8.0,cached,float32,1,0.3326797385620915,287.8138780268375,0.18419175845004956,11.788272540803172,1.8428016526945625,1.8682945606567118,1,1.0,0,0.3271852999459952
sigma,2.5,34,82,8970406561878859123,200,1600,8,1021,2.5,8.0,cached,float32,1,0.3326797385620915,287.8138780268375,0.18419175845004956,11.788272540803172,1.8428016526945625,1.8682945606567118,0,0.995,1,0.3276213000062853
sigma,2.5,34,83,5377451438223760005,200,1600,8,1021,2.5,8.0,cached,float32,1,0.3326797385620915,287.8138780268375,0.18419175845004956,11.788272540803172,1.8428016526945625,1.8682945606567118,1,1.0,0,0.32777120009995997
sigma,2.5,34,84,16301625734682653555,200,1600,8,1021,2.5,8.0,cached,float32,1,0.3326797385620915,287.8138780268375,0.18419175845004956,11.788272540803172,1.8428016526945625,1.8682945606567118,1,1.0,0,0.32361279998440295
sigma,2.5,34,85,7504564997125547177,200,1600,8,1021,2.5,8.0,cached,float32,1,0.3326797385620915,287.8138780268375,0.18419175845004956,11.788272540803172,1.8428016526945625,1.8682945606567118,1,1.0,0,0.3268126999028027
sigma,2.5,34,86,16527622351446911079,200,1600,8,1021,2.5,8.0,cached,float32,1,0.3326797385620915,287.8138780268375,0.18419175845004956,11.788272540803172,1.8428016526945625,1.8682945606567118,1,1.0,0,0.32687839993741363
sigma,2.5,34,87,17185839245476513523,200,1600,8,1021,2.5,8.0,cached,float32,1,0.3326797385620915,287.8138780268375,0.18419175845004956,11.788272540803172,1.8428016526945625,1.8682945606567118,1,1.0,0,0.33314340002834797
sigma,2.5,34,88,3554953666717813546,200,1600,8,1021,2.5,8.0,cached,float32,1,0.3326797385620915,287.8138780268375,0.18419175845004956,11.788272540803172,1.8428016526945625,1.8682945606567118,0,0.995,3,0.32846250000875443
sigma,2.5,34,89,14615898372749922804,200,1600,8,1021,2.5,8.0,cached,float32,1,0.3326797385620915,287.8138780268375,0.18419175845004956,11.788272540803172,1.8428016526945625,1.8682945606567118,0,0.995,2,0.32858189998660237
sigma,2.5,34,90,12648516111231679787,200,1600,8,1021,2.5,8.0,cached,float32,1,0.3326797385620915,287.8138780268375,0.18419175845004956,11.788272540803172,1.8428016526945625,1.8682945606567118,1,1.0,0,0.33004529995378107
sigma,2.5,34,91,6637068380636120068,200,1600,8,1021,2.5,8.0,cached,float32,1,0.3326797385620915,287.8138780268375,0.18419175845004956,11.788272540803172,1.8428016526945625,1.8682945606567118,1,1.0,0,0.3303482999326661
sigma,2.5,34,92,18011099035472042337,200,1600,8,1021,2.5,8.0,cached,float32,1,0.3326797385620915,287.8138780268375,0.18419175845004956,11.788272540803172,1.8428016526945625,1.8682945606567118,1,1.0,0,0.3258596999803558
sigma,2.5,34,93,13895204475661060656,200,1600,8,1021,2.5,8.0,cached,float32,1,0.3326797385620915,287.8138780268375,0.18419175845004956,11.788272540803172,1.8428016526945625,1.8682945606567118,1,1.0,0,0.32923190004657954
sigma,2.5,34,94,4990696723378325325,200,1600,8,1021,2.5,8.0,cached,float32,1,0.3326797385620915,287.8138780268375,0.18419175845004956,11.788272540803172,1.8428016526945625,1.8682945606567118,0,0.995,17,0.32655620004516095
sigma,2.5,34,95,3652326829296639557,200,1600,8,1021,2.5,8.0,cached,float32,1,0.3326797385620915,287.8138780268375,0.18419175845004956,11.788272540803172,1.8428016526945625,1.8682945606567118,0,0.995,2,0.33011419989634305
sigma,2.5,34,96,8356066106518340830,200,1600,8,1021,2.5,8.0,cached,float32,1,0.3326797385620915,287.8138780268375,0.18419175845004956,11.788272540803172,1.8428016526945625,1.8682945606567118,1,1.0,0,0.32431189995259047
sigma,2.5,34,97,7418600589135436587,200,1600,8,1021,2.5,8.0,cached,float32,1,0.3326797385620915,287.8138780268375,0.18419175845004956,11.788272540803172,1.8428016526945625,1.8682945606567118,1,1.0,0,0.34243590000551194
sigma,2.5,34,98,11115109610454686256,200,1600,8,1021,2.5,8.0,cached,float32,1,0.3326797385620915,287.8138780268375,0.18419175845004956,11.788272540803172,1.8428016526945625,1.8682945606567118,1,1.0,0,0.33269720000680536
sigma,2.5,34,99,5265479242440522161,200,1600,8,1021,2.5,8.0,cached,float32,1,0.3326797385620915,287.8138780268375,0.18419175845004956,11.788272540803172,1.8428016526945625,1.8682945606567118,1,1.0,0,0.32957300008274615
sigma,3.19,35,0,1683734641725015775,200,1600,8,1021,3.19,8.0,cached,float32,1,0.3326797385620915,225.31855442234064,0.14435090787621438,9.23845810407772,1.4442019221744218,1.4641806901698369,0,0.995,13,0.33344750001560897
sigma,3.19,35,1,9914998029453462874,200,1600,8,1021,3.19,8.0,cached,float32,1,0.3326797385620915,225.31855442234064,0.14435090787621438,9.23845810407772,1.4442019221744218,1.4641806901698369,1,1.0,0,0.3333633999573067
sigma,3.19,35,2,6650639598621435681,200,1600,8,1021,3.19,8.0,cached,float32,1,0.3326797385620915,225.31855442234064,0.14435090787621438,9.23845810407772,1.4442019221744218,1.4641806901698369,1,1.0,0,0.3277885999996215
sigma,3.19,35,3,11531064249541300027,200,1600,8,1021,3.19,8.0,cached,float32,1,0.3326797385620915,225.31855442234064,0.14435090787621438,9.23845810407772,1.4442019221744218,1.4641806901698369,1,1.0,0,0.32376790000125766
sigma,3.19,35,4,18342576336909244085,200,1600,8,1021,3.19,8.0,cached,float32,1,0.3326797385620915,225.31855442234064,0.14435090787621438,9.23845810407772,1.4442019221744218,1.4641806901698369,1,1.0,0,0.3303585998946801
sigma,3.19,35,5,13911731788241390726,200,1600,8,1021,3.19,8.0,cached,float32,1,0.3326797385620915,225.31855442234064,0.14435090787621438,9.23845810407772,1.4442019221744218,1.4641806901698369,1,1.0,0,0.33122200006619096
sigma,3.19,35,6,7221939235164930995,200,1600,8,1021,3.19,8.0,cached,float32,1,0.3326797385620915,225.31855442234064,0.14435090787621438,9.23845810407772,1.4442019221744218,1.4641806901698369,1,1.0,0,0.3247317000059411
sigma,3.19,35,7,3365896516777160595,200,1600,8,1021,3.19,8.0,cached,float32,1,0.3326797385620915,225.31855442234064,0.14435090787621438,9.23845810407772,1.4442019221744218,1.4641806901698369,1,1.0,0,0.32826390000991523
sigma,3.19,35,8,17218103272995089297,200,1600,8,1021,3.19,8.0,cached,float32,1,0.3326797385620915,225.31855442234064,0.14435090787621438,9.23845810407772,1.4442019221744218,1.4641806901698369,0,0.995,1,0.3255899000214413
sigma,3.19,35,9,2569219117040647461,200,1600,8,1021,3.19,8.0,cached,float32,1,0.3326797385620915,225.31855442234064,0.14435090787621438,9.23845810407772,1.4442019221744218,1.4641806901698369,1,1.0,0,0.33068880008067936
sigma,3.19,35,10,3708521936385839306,200,1600,8,1021,3.19,8.0,cached,float32,1,0.3326797385620915,225.31855442234064,0.14435090787621438,9.23845810407772,1.4442019221744218,1.4641806901698369,1,1.0,0,0.3341724999481812
sigma,3.19,35,11,17521511895781654906,200,1600,8,1021,3.19,8.0,cached,float32,1,0.3326797385620915,225.31855442234064,0.14435090787621438,9.23845810407772,1.4442019221744218,1.4641806901698369,0,0.995,1,0.33127260010223836
sigma,3.19,35,12,6231965122685454964,200,1600,8,1021,3.19,8.0,cached,float32,1,0.3326797385620915,225.31855442234064,0.14435090787621438,9.23845810407772,1.4442019221744218,1.4641806901698369,0,0.995,3,0.3330011999933049
sigma,3.19,35,13,16878927659283013811,200,1600,8,1021,3.19,8.0,cached,float32,1,0.3326797385620915,225.31855442234064,0.14435090787621438,9.23845810407772,1.4442019221744218,1.4641806901698369,1,1.0,0,0.32879589998628944
sigma,3.19,35,14,8256620353785648972,200,1600,8,1021,3.19,8.0,cached,float32,1,0.3326797385620915,225.31855442234064,0.14435090787621438,9.23845810407772,1.4442019221744218,1.4641806901698369,0,0.995,12,0.3325284000020474
sigma,3.19,35,15,16460937212358599891,200,1600,8,1021,3.19,8.0,cached,float32,1,0.3326797385620915,225.31855442234064,0.14435090787621438,9.23845810407772,1.4442019221744218,1.4641806901698369,0,0.985,2,0.3446414000354707
sigma,3.19,35,16,11423933969123046415,200,1600,8,1021,3.19,8.0,cached,float32,1,0.3326797385620915,225.31855442234064,0.14435090787621438,9.23845810407772,1.4442019221744218,1.4641806901698369,1,1.0,0,0.34480510000139475
sigma,3.19,35,17,7719484414847053178,200,1600,8,1021,3.19,8.0,cached,float32,1,0.3326797385620915,225.31855442234064,0.14435090787621438,9.23845810407772,1.4442019221744218,1.4641806901698369,0,0.995,10,0.3414774000411853
sigma,3.19,35,18,1142309770793791654,200,1600,8,1021,3.19,8.0,cached,float32,1,0.3326797385620915,225.31855442234064,0.14435090787621438,9.23845810407772,1.4442019221744218,1.4641806901698369,1,1.0,0,0.37418699997942895
sigma,3.19,35,19,13999238541386938286,200,1600,8,1021,3.19,8.0,cached,float32,1,0.3326797385620915,225.31855442234064,0.14435090787621438,9.23845810407772,1.4442019221744218,1.4641806901698369,0,0.995,6,0.3395021000178531
sigma,3.19,35,20,3063400696288739872,200,1600,8,1021,3.19,8.0,cached,float32,1,0.3326797385620915,225.31855442234064,0.14435090787621438,9.23845810407772,1.4442019221744218,1.4641806901698369,1,1.0,0,0.357666099909693
sigma,3.19,35,21,2988469472835320253,200,1600,8,1021,3.19,8.0,cached,float32,1,0.3326797385620915,225.31855442234064,0.14435090787621438,9.23845810407772,1.4442019221744218,1.4641806901698369,1,1.0,0,0.32837819994892925
sigma,3.19,35,22,15005676245203223964,200,1600,8,1021,3.19,8.0,cached,float32,1,0.3326797385620915,225.31855442234064,0.14435090787621438,9.23845810407772,1.4442019221744218,1.4641806901698369,1,1.0,0,0.3379196999594569
sigma,3.19,35,23,13279767382576526294,200,1600,8,1021,3.19,8.0,cached,float32,1,0.3326797385620915,225.31855442234064,0.14435090787621438,9.23845810407772,1.4442019221744218,1.4641806901698369,1,1.0,0,0.33115879993420094
sigma,3.19,35,24,9874043075409650990,200,1600,8,1021,3.19,8.0,cached,float32,1,0.3326797385620915,225.31855442234064,0.14435090787621438,9.23845810407772,1.4442019221744218,1.4641806901698369,0,0.995,13,0.33126839995384216
sigma,3.19,35,25,14616023140711979405,200,1600,8,1021,3.19,8.0,cached,float32,1,0.3326797385620915,225.31855442234064,0.14435090787621438,9.23845810407772,1.4442019221744218,1.4641806901698369,1,1.0,0,0.33227820007596165
sigma,3.19,35,26,16818871512210891,200,1600,8,1021,3.19,8.0,cached,float32,1,0.3326797385620915,225.31855442234064,0.14435090787621438,9.23845810407772,1.4442019221744218,1.4641806901698369,1,1.0,0,0.32584519998636097
sigma,3.19,35,27,6793079453280044888,200,1600,8,1021,3.19,8.0,cached,float32,1,0.3326797385620915,225.31855442234064,0.14435090787621438,9.23845810407772,1.4442019221744218,1.4641806901698369,1,1.0,0,0.32961290003731847
sigma,3.19,35,28,11010596849969076444,200,1600,8,1021,3.19,8.0,cached,float32,1,0.3326797385620915,225.31855442234064,0.14435090787621438,9.23845810407772,1.4442019221744218,1.4641806901698369,1,1.0,0,0.3300788999767974
sigma,3.19,35,29,8163919106433873556,200,1600,8,1021,3.19,8.0,cached,float32,1,0.3326797385620915,225.31855442234064,0.14435090787621438,9.23845810407772,1.4442019221744218,1.4641806901698369,1,1.0,0,0.3277294000145048
sigma,3.19,35,30,5276060990162562252,200,1600,8,1021,3.19,8.0,cached,float32,1,0.3326797385620915,225.31855442234064,0.14435090787621438,9.23845810407772,1.4442019221744218,1.4641806901698369,1,1.0,0,0.3267866000533104
sigma,3.19,35,31,8180063059116976622,200,1600,8,1021,3.19,8.0,cached,float32,1,0.3326797385620915,225.31855442234064,0.14435090787621438,9.23845810407772,1.4442019221744218,1.4641806901698369,1,1.0,0,0.32664630003273487
sigma,3.19,35,32,17403915116369470607,200,1600,8,1021,3.19,8.0,cached,float32,1,0.3326797385620915,225.31855442234064,0.14435090787621438,9.23845810407772,1.4442019221744218,1.4641806901698369,0,0.995,1,0.32986800000071526
sigma,3.19,35,33,15380333883115040798,200,1600,8,1021,3.19,8.0,cached,float32,1,0.3326797385620915,225.31855442234064,0.14435090787621438,9.23845810407772,1.4442019221744218,1.4641806901698369,0,0.995,16,0.3320780999492854
sigma,3.19,35,34,16064753312585805531,200,1600,8,1021,3.19,8.0,cached,float32,1,0.3326797385620915,225.31855442234064,0.14435090787621438,9.23845810407772,1.4442019221744218,1.4641806901698369,0,0.995,1,0.33195729996077716
sigma,3.19,35,35,6942746653446357437,200,1600,8,1021,3.19,8.0,cached,float32,1,0.3326797385620915,225.31855442234064,0.14435090787621438,9.23845810407772,1.4442019221744218,1.4641806901698369,1,1.0,0,0.3329630000516772
sigma,3.19,35,36,7019298213156723658,200,1600,8,1021,3.19,8.0,cached,float32,1,0.3326797385620915,225.31855442234064,0.14435090787621438,9.23845810407772,1.4442019221744218,1.4641806901698369,1,1.0,0,0.3347070999443531
sigma,3.19,35,37,7303676966115959913,200,1600,8,1021,3.19,8.0,cached,float32,1,0.3326797385620915,225.31855442234064,0.14435090787621438,9.23845810407772,1.4442019221744218,1.4641806901698369,1,1.0,0,0.33397699997294694
sigma,3.19,35,38,11798521332925419031,200,1600,8,1021,3.19,8.0,cached,float32,1,0.3326797385620915,225.31855442234064,0.14435090787621438,9.23845810407772,1.4442019221744218,1.4641806901698369,0,0.99,2,0.32620819995645434
sigma,3.19,35,39,12928574763069183900,200,1600,8,1021,3.19,8.0,cached,float32,1,0.3326797385620915,225.31855442234064,0.14435090787621438,9.23845810407772,1.4442019221744218,1.4641806901698369,0,0.99,7,0.3334034000290558
sigma,3.19,35,40,1571453881978320948,200,1600,8,1021,3.19,8.0,cached,float32,1,0.3326797385620915,225.31855442234064,0.14435090787621438,9.23845810407772,1.4442019221744218,1.4641806901698369,0,0.995,14,0.33110609999857843
sigma,3.19,35,41,979057014123327995,200,1600,8,1021,3.19,8.0,cached,float32,1,0.3326797385620915,225.31855442234064,0.14435090787621438,9.23845810407772,1.4442019221744218,1.4641806901698369,0,0.995,1,0.3238702999660745
sigma,3.19,35,42,13544997322326376426,200,1600,8,1021,3.19,8.0,cached,float32,1,0.3326797385620915,225.31855442234064,0.14435090787621438,9.23845810407772,1.4442019221744218,1.4641806901698369,0,0.995,16,0.32478979998268187
sigma,3.19,35,43,13891698040843586405,200,1600,8,1021,3.19,8.0,cached,float32,1,0.3326797385620915,225.31855442234064,0.14435090787621438,9.23845810407772,1.4442019221744218,1.4641806901698369,0,0.995,6,0.33006110007409006
sigma,3.19,35,44,10917024925674385058,200,1600,8,1021,3.19,8.0,cached,float32,1,0.3326797385620915,225.31855442234064,0.14435090787621438,9.23845810407772,1.4442019221744218,1.4641806901698369,0,0.995,4,0.3302976000122726
sigma,3.19,35,45,9682889640866375983,200,1600,8,1021,3.19,8.0,cached,float32,1,0.3326797385620915,225.31855442234064,0.14435090787621438,9.23845810407772,1.4442019221744218,1.4641806901698369,1,1.0,0,0.33538669999688864
sigma,3.19,35,46,14149235579659634893,200,1600,8,1021,3.19,8.0,cached,float32,1,0.3326797385620915,225.31855442234064,0.14435090787621438,9.23845810407772,1.4442019221744218,1.4641806901698369,0,0.995,10,0.33649090002290905
sigma,3.19,35,47,17227032143624988089,200,1600,8,1021,3.19,8.0,cached,float32,1,0.3326797385620915,225.31855442234064,0.14435090787621438,9.23845810407772,1.4442019221744218,1.4641806901698369,1,1.0,0,0.33455659996252507
sigma,3.19,35,48,13040951429147322221,200,1600,8,1021,3.19,8.0,cached,float32,1,0.3326797385620915,225.31855442234064,0.14435090787621438,9.23845810407772,1.4442019221744218,1.4641806901698369,1,1.0,0,0.33199340000282973
sigma,3.19,35,49,1127743203198779228,200,1600,8,1021,3.19,8.0,cached,float32,1,0.3326797385620915,225.31855442234064,0.14435090787621438,9.23845810407772,1.4442019221744218,1.4641806901698369,0,0.995,4,0.32903319993056357
sigma,3.19,35,50,2152342759624451066,200,1600,8,1021,3.19,8.0,cached,float32,1,0.3326797385620915,225.31855442234064,0.14435090787621438,9.23845810407772,1.4442019221744218,1.4641806901698369,0,0.995,4,0.33009970001876354
sigma,3.19,35,51,11558955216771440564,200,1600,8,1021,3.19,8.0,cached,float32,1,0.3326797385620915,225.31855442234064,0.14435090787621438,9.23845810407772,1.4442019221744218,1.4641806901698369,0,0.99,5,0.331763599999249
sigma,3.19,35,52,4840045615882608466,200,1600,8,1021,3.19,8.0,cached,float32,1,0.3326797385620915,225.31855442234064,0.14435090787621438,9.23845810407772,1.4442019221744218,1.4641806901698369,0,0.995,6,0.32892340002581477
sigma,3.19,35,53,16107201356309717500,200,1600,8,1021,3.19,8.0,cached,float32,1,0.3326797385620915,225.31855442234064,0.14435090787621438,9.23845810407772,1.4442019221744218,1.4641806901698369,1,1.0,0,0.32491069997195154
sigma,3.19,35,54,14848489574194287442,200,1600,8,1021,3.19,8.0,cached,float32,1,0.3326797385620915,225.31855442234064,0.14435090787621438,9.23845810407772,1.4442019221744218,1.4641806901698369,1,1.0,0,0.33271970006171614
sigma,3.19,35,55,6442333669058608405,200,1600,8,1021,3.19,8.0,cached,float32,1,0.3326797385620915,225.31855442234064,0.14435090787621438,9.23845810407772,1.4442019221744218,1.4641806901698369,1,1.0,0,0.33017590001691133
sigma,3.19,35,56,10556473299932761704,200,1600,8,1021,3.19,8.0,cached,float32,1,0.3326797385620915,225.31855442234064,0.14435090787621438,9.23845810407772,1.4442019221744218,1.4641806901698369,1,1.0,0,0.32785980007611215
sigma,3.19,35,57,11381966404974543553,200,1600,8,1021,3.19,8.0,cached,float32,1,0.3326797385620915,225.31855442234064,0.14435090787621438,9.23845810407772,1.4442019221744218,1.4641806901698369,0,0.995,8,0.33076709997840226
sigma,3.19,35,58,14797951925772164016,200,1600,8,1021,3.19,8.0,cached,float32,1,0.3326797385620915,225.31855442234064,0.14435090787621438,9.23845810407772,1.4442019221744218,1.4641806901698369,1,1.0,0,0.32771019998472184
sigma,3.19,35,59,13890184510485239471,200,1600,8,1021,3.19,8.0,cached,float32,1,0.3326797385620915,225.31855442234064,0.14435090787621438,9.23845810407772,1.4442019221744218,1.4641806901698369,1,1.0,0,0.3307189999613911
sigma,3.19,35,60,16021810342498417453,200,1600,8,1021,3.19,8.0,cached,float32,1,0.3326797385620915,225.31855442234064,0.14435090787621438,9.23845810407772,1.4442019221744218,1.4641806901698369,0,0.99,1,0.36225370003376156
sigma,3.19,35,61,9877893118670970750,200,1600,8,1021,3.19,8.0,cached,float32,1,0.3326797385620915,225.31855442234064,0.14435090787621438,9.23845810407772,1.4442019221744218,1.4641806901698369,1,1.0,0,0.3398944999789819
sigma,3.19,35,62,6238302853989600055,200,1600,8,1021,3.19,8.0,cached,float32,1,0.3326797385620915,225.31855442234064,0.14435090787621438,9.23845810407772,1.4442019221744218,1.4641806901698369,1,1.0,0,0.32654889998957515
sigma,3.19,35,63,9470098652038461737,200,1600,8,1021,3.19,8.0,cached,float32,1,0.3326797385620915,225.31855442234064,0.14435090787621438,9.23845810407772,1.4442019221744218,1.4641806901698369,0,0.995,6,0.32918660005088896
sigma,3.19,35,64,9141180987832926830,200,1600,8,1021,3.19,8.0,cached,float32,1,0.3326797385620915,225.31855442234064,0.14435090787621438,9.23845810407772,1.4442019221744218,1.4641806901698369,1,1.0,0,0.32789949991274625
sigma,3.19,35,65,15569164324477502913,200,1600,8,1021,3.19,8.0,cached,float32,1,0.3326797385620915,225.31855442234064,0.14435090787621438,9.23845810407772,1.4442019221744218,1.4641806901698369,1,1.0,0,0.32757670001592487
sigma,3.19,35,66,12483870440019990867,200,1600,8,1021,3.19,8.0,cached,float32,1,0.3326797385620915,225.31855442234064,0.14435090787621438,9.23845810407772,1.4442019221744218,1.4641806901698369,0,0.99,5,0.3235303999390453
sigma,3.19,35,67,16246333944841098240,200,1600,8,1021,3.19,8.0,cached,float32,1,0.3326797385620915,225.31855442234064,0.14435090787621438,9.23845810407772,1.4442019221744218,1.4641806901698369,0,0.995,7,0.32484769995789975
sigma,3.19,35,68,2609649109083003569,200,1600,8,1021,3.19,8.0,cached,float32,1,0.3326797385620915,225.31855442234064,0.14435090787621438,9.23845810407772,1.4442019221744218,1.4641806901698369,0,0.99,3,0.3269106999505311
sigma,3.19,35,69,2816892966862719962,200,1600,8,1021,3.19,8.0,cached,float32,1,0.3326797385620915,225.31855442234064,0.14435090787621438,9.23845810407772,1.4442019221744218,1.4641806901698369,1,1.0,0,0.33040220011025667
sigma,3.19,35,70,3072542603518589441,200,1600,8,1021,3.19,8.0,cached,float32,1,0.3326797385620915,225.31855442234064,0.14435090787621438,9.23845810407772,1.4442019221744218,1.4641806901698369,1,1.0,0,0.33067659998778254
sigma,3.19,35,71,10578960880851377850,200,1600,8,1021,3.19,8.0,cached,float32,1,0.3326797385620915,225.31855442234064,0.14435090787621438,9.23845810407772,1.4442019221744218,1.4641806901698369,0,0.995,5,0.32853920001070946
sigma,3.19,35,72,17799561529402384239,200,1600,8,1021,3.19,8.0,cached,float32,1,0.3326797385620915,225.31855442234064,0.14435090787621438,9.23845810407772,1.4442019221744218,1.4641806901698369,1,1.0,0,0.3561421000631526
sigma,3.19,35,73,15334191607568944611,200,1600,8,1021,3.19,8.0,cached,float32,1,0.3326797385620915,225.31855442234064,0.14435090787621438,9.23845810407772,1.4442019221744218,1.4641806901698369,1,1.0,0,0.3363440999528393
sigma,3.19,35,74,427016324984098774,200,1600,8,1021,3.19,8.0,cached,float32,1,0.3326797385620915,225.31855442234064,0.14435090787621438,9.23845810407772,1.4442019221744218,1.4641806901698369,1,1.0,0,0.3371643000282347
sigma,3.19,35,75,11154751586636766221,200,1600,8,1021,3.19,8.0,cached,float32,1,0.3326797385620915,225.31855442234064,0.14435090787621438,9.23845810407772,1.4442019221744218,1.4641806901698369,0,0.995,17,0.3409614999545738
sigma,3.19,35,76,10683586442611810513,200,1600,8,1021,3.19,8.0,cached,float32,1,0.3326797385620915,225.31855442234064,0.14435090787621438,9.23845810407772,1.4442019221744218,1.4641806901698369,0,0.985,1,0.33621280000079423
sigma,3.19,35,77,17145754961706775973,200,1600,8,1021,3.19,8.0,cached,float32,1,0.3326797385620915,225.31855442234064,0.14435090787621438,9.23845810407772,1.4442019221744218,1.4641806901698369,1,1.0,0,0.3435819000005722
sigma,3.19,35,78,13828332159351710044,200,1600,8,1021,3.19,8.0,cached,float32,1,0.3326797385620915,225.31855442234064,0.14435090787621438,9.23845810407772,1.4442019221744218,1.4641806901698369,0,0.995,8,0.3286693999543786
sigma,3.19,35,79,297149482776863689,200,1600,8,1021,3.19,8.0,cached,float32,1,0.3326797385620915,225.31855442234064,0.14435090787621438,9.23845810407772,1.4442019221744218,1.4641806901698369,1,1.0,0,0.32752560009248555
sigma,3.19,35,80,11298487138670193969,200,1600,8,1021,3.19,8.0,cached,float32,1,0.3326797385620915,225.31855442234064,0.14435090787621438,9.23845810407772,1.4442019221744218,1.4641806901698369,0,0.995,2,0.34295309998560697
sigma,3.19,35,81,2906855316819974338,200,1600,8,1021,3.19,8.0,cached,float32,1,0.3326797385620915,225.31855442234064,0.14435090787621438,9.23845810407772,1.4442019221744218,1.4641806901698369,1,1.0,0,0.33963699999731034
sigma,3.19,35,82,13507988382679278124,200,1600,8,1021,3.19,8.0,cached,float32,1,0.3326797385620915,225.31855442234064,0.14435090787621438,9.23845810407772,1.4442019221744218,1.4641806901698369,1,1.0,0,0.3258097000652924
sigma,3.19,35,83,8616312342783051938,200,1600,8,1021,3.19,8.0,cached,float32,1,0.3326797385620915,225.31855442234064,0.14435090787621438,9.23845810407772,1.4442019221744218,1.4641806901698369,0,0.99,1,0.35647009999956936
sigma,3.19,35,84,10370583337847216259,200,1600,8,1021,3.19,8.0,cached,float32,1,0.3326797385620915,225.31855442234064,0.14435090787621438,9.23845810407772,1.4442019221744218,1.4641806901698369,0,0.995,1,0.3280144000891596
sigma,3.19,35,85,15245385437201112214,200,1600,8,1021,3.19,8.0,cached,float32,1,0.3326797385620915,225.31855442234064,0.14435090787621438,9.23845810407772,1.4442019221744218,1.4641806901698369,1,1.0,0,0.33061850001104176
sigma,3.19,35,86,12250471034746122951,200,1600,8,1021,3.19,8.0,cached,float32,1,0.3326797385620915,225.31855442234064,0.14435090787621438,9.23845810407772,1.4442019221744218,1.4641806901698369,0,0.995,12,0.3255006999243051
sigma,3.19,35,87,6046874339837018047,200,1600,8,1021,3.19,8.0,cached,float32,1,0.3326797385620915,225.31855442234064,0.14435090787621438,9.23845810407772,1.4442019221744218,1.4641806901698369,1,1.0,0,0.3272088000085205
sigma,3.19,35,88,3072177227710354851,200,1600,8,1021,3.19,8.0,cached,float32,1,0.3326797385620915,225.31855442234064,0.14435090787621438,9.23845810407772,1.4442019221744218,1.4641806901698369,1,1.0,0,0.32606690004467964
sigma,3.19,35,89,1929838265658857394,200,1600,8,1021,3.19,8.0,cached,float32,1,0.3326797385620915,225.31855442234064,0.14435090787621438,9.23845810407772,1.4442019221744218,1.4641806901698369,0,0.995,4,0.3257504999637604
sigma,3.19,35,90,3137918925778310433,200,1600,8,1021,3.19,8.0,cached,float32,1,0.3326797385620915,225.31855442234064,0.14435090787621438,9.23845810407772,1.4442019221744218,1.4641806901698369,1,1.0,0,0.32983509998302907
sigma,3.19,35,91,13078404225744697563,200,1600,8,1021,3.19,8.0,cached,float32,1,0.3326797385620915,225.31855442234064,0.14435090787621438,9.23845810407772,1.4442019221744218,1.4641806901698369,1,1.0,0,0.3250502999871969
sigma,3.19,35,92,11743553443607075182,200,1600,8,1021,3.19,8.0,cached,float32,1,0.3326797385620915,225.31855442234064,0.14435090787621438,9.23845810407772,1.4442019221744218,1.4641806901698369,1,1.0,0,0.3268811999587342
sigma,3.19,35,93,3590091113017063771,200,1600,8,1021,3.19,8.0,cached,float32,1,0.3326797385620915,225.31855442234064,0.14435090787621438,9.23845810407772,1.4442019221744218,1.4641806901698369,0,0.995,5,0.3337923000799492
sigma,3.19,35,94,6269168575845134769,200,1600,8,1021,3.19,8.0,cached,float32,1,0.3326797385620915,225.31855442234064,0.14435090787621438,9.23845810407772,1.4442019221744218,1.4641806901698369,1,1.0,0,0.3300606000702828
sigma,3.19,35,95,6364131008683300014,200,1600,8,1021,3.19,8.0,cached,float32,1,0.3326797385620915,225.31855442234064,0.14435090787621438,9.23845810407772,1.4442019221744218,1.4641806901698369,1,1.0,0,0.3291818000143394
sigma,3.19,35,96,14617424234154557952,200,1600,8,1021,3.19,8.0,cached,float32,1,0.3326797385620915,225.31855442234064,0.14435090787621438,9.23845810407772,1.4442019221744218,1.4641806901698369,1,1.0,0,0.3238724999828264
sigma,3.19,35,97,9982237385107863253,200,1600,8,1021,3.19,8.0,cached,float32,1,0.3326797385620915,225.31855442234064,0.14435090787621438,9.23845810407772,1.4442019221744218,1.4641806901698369,0,0.995,7,0.32615229999646544
sigma,3.19,35,98,792258564563804667,200,1600,8,1021,3.19,8.0,cached,float32,1,0.3326797385620915,225.31855442234064,0.14435090787621438,9.23845810407772,1.4442019221744218,1.4641806901698369,1,1.0,0,0.32872659992426634
sigma,3.19,35,99,5841280219111119696,200,1600,8,1021,3.19,8.0,cached,float32,1,0.3326797385620915,225.31855442234064,0.14435090787621438,9.23845810407772,1.4442019221744218,1.4641806901698369,1,1.0,0,0.330665799905546
sigma,4.0,36,0,12956031789490229709,200,1600,8,1021,4.0,8.0,cached,float32,1,0.3326797385620915,179.4890059022563,0.11511984903128097,7.367670338001982,1.1517510329341014,1.167684100410445,0,0.985,5,0.33069979993160814
sigma,4.0,36,1,7970382720263107292,200,1600,8,1021,4.0,8.0,cached,float32,1,0.3326797385620915,179.4890059022563,0.11511984903128097,7.367670338001982,1.1517510329341014,1.167684100410445,1,1.0,0,0.3241255000466481
sigma,4.0,36,2,502913632186465398,200,1600,8,1021,4.0,8.0,cached,float32,1,0.3326797385620915,179.4890059022563,0.11511984903128097,7.367670338001982,1.1517510329341014,1.167684100410445,0,0.99,2,0.33122469997033477
sigma,4.0,36,3,8999381111053014062,200,1600,8,1021,4.0,8.0,cached,float32,1,0.3326797385620915,179.4890059022563,0.11511984903128097,7.367670338001982,1.1517510329341014,1.167684100410445,0,0.995,7,0.32954259996768087
sigma,4.0,36,4,8237120552571384640,200,1600,8,1021,4.0,8.0,cached,float32,1,0.3326797385620915,179.4890059022563,0.11511984903128097,7.367670338001982,1.1517510329341014,1.167684100410445,0,0.995,8,0.33038800000213087
sigma,4.0,36,5,17462869096448704752,200,1600,8,1021,4.0,8.0,cached,float32,1,0.3326797385620915,179.4890059022563,0.11511984903128097,7.367670338001982,1.1517510329341014,1.167684100410445,1,1.0,0,0.33411199995316565
sigma,4.0,36,6,8169970526077920877,200,1600,8,1021,4.0,8.0,cached,float32,1,0.3326797385620915,179.4890059022563,0.11511984903128097,7.367670338001982,1.1517510329341014,1.167684100410445,1,1.0,0,0.3424429000588134
sigma,4.0,36,7,9843103239714859018,200,1600,8,1021,4.0,8.0,cached,float32,1,0.3326797385620915,179.4890059022563,0.11511984903128097,7.367670338001982,1.1517510329341014,1.167684100410445,0,0.995,4,0.3302080000285059
sigma,4.0,36,8,12482680018890839477,200,1600,8,1021,4.0,8.0,cached,float32,1,0.3326797385620915,179.4890059022563,0.11511984903128097,7.367670338001982,1.1517510329341014,1.167684100410445,1,1.0,0,0.33264979999512434
sigma,4.0,36,9,5286992269637006856,200,1600,8,1021,4.0,8.0,cached,float32,1,0.3326797385620915,179.4890059022563,0.11511984903128097,7.367670338001982,1.1517510329341014,1.167684100410445,1,1.0,0,0.32688760000746697
sigma,4.0,36,10,12937809620504391367,200,1600,8,1021,4.0,8.0,cached,float32,1,0.3326797385620915,179.4890059022563,0.11511984903128097,7.367670338001982,1.1517510329341014,1.167684100410445,0,0.985,1,0.3324488999787718
sigma,4.0,36,11,8797873540951717494,200,1600,8,1021,4.0,8.0,cached,float32,1,0.3326797385620915,179.4890059022563,0.11511984903128097,7.367670338001982,1.1517510329341014,1.167684100410445,0,0.995,6,0.3283487999578938
sigma,4.0,36,12,17473812918434418578,200,1600,8,1021,4.0,8.0,cached,float32,1,0.3326797385620915,179.4890059022563,0.11511984903128097,7.367670338001982,1.1517510329341014,1.167684100410445,0,0.985,4,0.3273483000230044
sigma,4.0,36,13,6128714463657805565,200,1600,8,1021,4.0,8.0,cached,float32,1,0.3326797385620915,179.4890059022563,0.11511984903128097,7.367670338001982,1.1517510329341014,1.167684100410445,1,1.0,0,0.32597220002207905
sigma,4.0,36,14,10782969750512570078,200,1600,8,1021,4.0,8.0,cached,float32,1,0.3326797385620915,179.4890059022563,0.11511984903128097,7.367670338001982,1.1517510329341014,1.167684100410445,0,0.99,9,0.3243817000184208
sigma,4.0,36,15,14082026300332046552,200,1600,8,1021,4.0,8.0,cached,float32,1,0.3326797385620915,179.4890059022563,0.11511984903128097,7.367670338001982,1.1517510329341014,1.167684100410445,1,1.0,0,0.32704839995130897
sigma,4.0,36,16,5406126809134110166,200,1600,8,1021,4.0,8.0,cached,float32,1,0.3326797385620915,179.4890059022563,0.11511984903128097,7.367670338001982,1.1517510329341014,1.167684100410445,1,1.0,0,0.326091599999927
sigma,4.0,36,17,16252439721746597299,200,1600,8,1021,4.0,8.0,cached,float32,1,0.3326797385620915,179.4890059022563,0.11511984903128097,7.367670338001982,1.1517510329341014,1.167684100410445,0,0.99,5,0.336637300089933
sigma,4.0,36,18,1770778380293558339,200,1600,8,1021,4.0,8.0,cached,float32,1,0.3326797385620915,179.4890059022563,0.11511984903128097,7.367670338001982,1.1517510329341014,1.167684100410445,0,0.995,2,0.33387819991912693
sigma,4.0,36,19,4075422821755764126,200,1600,8,1021,4.0,8.0,cached,float32,1,0.3326797385620915,179.4890059022563,0.11511984903128097,7.367670338001982,1.1517510329341014,1.167684100410445,0,0.995,3,0.3340238999808207
sigma,4.0,36,20,8157764611783312821,200,1600,8,1021,4.0,8.0,cached,float32,1,0.3326797385620915,179.4890059022563,0.11511984903128097,7.367670338001982,1.1517510329341014,1.167684100410445,0,0.99,2,0.3313934999750927
sigma,4.0,36,21,845367816420017979,200,1600,8,1021,4.0,8.0,cached,float32,1,0.3326797385620915,179.4890059022563,0.11511984903128097,7.367670338001982,1.1517510329341014,1.167684100410445,1,1.0,0,0.32884830003604293
sigma,4.0,36,22,10968795968692066721,200,1600,8,1021,4.0,8.0,cached,float32,1,0.3326797385620915,179.4890059022563,0.11511984903128097,7.367670338001982,1.1517510329341014,1.167684100410445,0,0.995,9,0.3325465000234544
sigma,4.0,36,23,15566978919431591468,200,1600,8,1021,4.0,8.0,cached,float32,1,0.3326797385620915,179.4890059022563,0.11511984903128097,7.367670338001982,1.1517510329341014,1.167684100410445,1,1.0,0,0.3268295000307262
sigma,4.0,36,24,14789939135421662269,200,1600,8,1021,4.0,8.0,cached,float32,1,0.3326797385620915,179.4890059022563,0.11511984903128097,7.367670338001982,1.1517510329341014,1.167684100410445,1,1.0,0,0.3277202999452129
sigma,4.0,36,25,2500542634059493014,200,1600,8,1021,4.0,8.0,cached,float32,1,0.3326797385620915,179.4890059022563,0.11511984903128097,7.367670338001982,1.1517510329341014,1.167684100410445,1,1.0,0,0.32726649998221546
sigma,4.0,36,26,13096056011158204015,200,1600,8,1021,4.0,8.0,cached,float32,1,0.3326797385620915,179.4890059022563,0.11511984903128097,7.367670338001982,1.1517510329341014,1.167684100410445,1,1.0,0,0.3276530000148341
sigma,4.0,36,27,18298957920187115207,200,1600,8,1021,4.0,8.0,cached,float32,1,0.3326797385620915,179.4890059022563,0.11511984903128097,7.367670338001982,1.1517510329341014,1.167684100410445,0,0.985,2,0.3312131999991834
sigma,4.0,36,28,14291241945378813077,200,1600,8,1021,4.0,8.0,cached,float32,1,0.3326797385620915,179.4890059022563,0.11511984903128097,7.367670338001982,1.1517510329341014,1.167684100410445,1,1.0,0,0.3316078999778256
sigma,4.0,36,29,9819998262215143777,200,1600,8,1021,4.0,8.0,cached,float32,1,0.3326797385620915,179.4890059022563,0.11511984903128097,7.367670338001982,1.1517510329341014,1.167684100410445,1,1.0,0,0.32927660003770143
sigma,4.0,36,30,13484625273990052107,200,1600,8,1021,4.0,8.0,cached,float32,1,0.3326797385620915,179.4890059022563,0.11511984903128097,7.367670338001982,1.1517510329341014,1.167684100410445,1,1.0,0,0.3387727999361232
sigma,4.0,36,31,11470993656182303216,200,1600,8,1021,4.0,8.0,cached,float32,1,0.3326797385620915,179.4890059022563,0.11511984903128097,7.367670338001982,1.1517510329341014,1.167684100410445,0,0.985,1,0.3289909999584779
sigma,4.0,36,32,15059723371946615999,200,1600,8,1021,4.0,8.0,cached,float32,1,0.3326797385620915,179.4890059022563,0.11511984903128097,7.367670338001982,1.1517510329341014,1.167684100410445,0,0.99,2,0.3326901999535039
sigma,4.0,36,33,12397898255224807104,200,1600,8,1021,4.0,8.0,cached,float32,1,0.3326797385620915,179.4890059022563,0.11511984903128097,7.367670338001982,1.1517510329341014,1.167684100410445,0,0.985,4,0.3278380000265315
sigma,4.0,36,34,16038784427486125623,200,1600,8,1021,4.0,8.0,cached,float32,1,0.3326797385620915,179.4890059022563,0.11511984903128097,7.367670338001982,1.1517510329341014,1.167684100410445,0,0.995,10,0.3271050000330433
sigma,4.0,36,35,299431989177292538,200,1600,8,1021,4.0,8.0,cached,float32,1,0.3326797385620915,179.4890059022563,0.11511984903128097,7.367670338001982,1.1517510329341014,1.167684100410445,1,1.0,0,0.32707330002449453
sigma,4.0,36,36,4412918834964626941,200,1600,8,1021,4.0,8.0,cached,float32,1,0.3326797385620915,179.4890059022563,0.11511984903128097,7.367670338001982,1.1517510329341014,1.167684100410445,1,1.0,0,0.3285759000573307
sigma,4.0,36,37,14410524012509255651,200,1600,8,1021,4.0,8.0,cached,float32,1,0.3326797385620915,179.4890059022563,0.11511984903128097,7.367670338001982,1.1517510329341014,1.167684100410445,0,0.995,2,0.3337874999269843
sigma,4.0,36,38,17178556657991049795,200,1600,8,1021,4.0,8.0,cached,float32,1,0.3326797385620915,179.4890059022563,0.11511984903128097,7.367670338001982,1.1517510329341014,1.167684100410445,1,1.0,0,0.32554650004021823
sigma,4.0,36,39,7244951441333987906,200,1600,8,1021,4.0,8.0,cached,float32,1,0.3326797385620915,179.4890059022563,0.11511984903128097,7.367670338001982,1.1517510329341014,1.167684100410445,1,1.0,0,0.33095869992394
sigma,4.0,36,40,14514471573678125614,200,1600,8,1021,4.0,8.0,cached,float32,1,0.3326797385620915,179.4890059022563,0.11511984903128097,7.367670338001982,1.1517510329341014,1.167684100410445,0,0.995,12,0.3314379999646917
sigma,4.0,36,41,18330108095966723305,200,1600,8,1021,4.0,8.0,cached,float32,1,0.3326797385620915,179.4890059022563,0.11511984903128097,7.367670338001982,1.1517510329341014,1.167684100410445,1,1.0,0,0.33152249990962446
sigma,4.0,36,42,9609847223242233367,200,1600,8,1021,4.0,8.0,cached,float32,1,0.3326797385620915,179.4890059022563,0.11511984903128097,7.367670338001982,1.1517510329341014,1.167684100410445,1,1.0,0,0.3265398000366986
sigma,4.0,36,43,2072736229641494778,200,1600,8,1021,4.0,8.0,cached,float32,1,0.3326797385620915,179.4890059022563,0.11511984903128097,7.367670338001982,1.1517510329341014,1.167684100410445,1,1.0,0,0.33189239993225783
sigma,4.0,36,44,11451791256403655649,200,1600,8,1021,4.0,8.0,cached,float32,1,0.3326797385620915,179.4890059022563,0.11511984903128097,7.367670338001982,1.1517510329341014,1.167684100410445,1,1.0,0,0.32656329998280853
sigma,4.0,36,45,5836050970174747041,200,1600,8,1021,4.0,8.0,cached,float32,1,0.3326797385620915,179.4890059022563,0.11511984903128097,7.367670338001982,1.1517510329341014,1.167684100410445,0,0.995,19,0.3425221999641508
sigma,4.0,36,46,6780339511404713595,200,1600,8,1021,4.0,8.0,cached,float32,1,0.3326797385620915,179.4890059022563,0.11511984903128097,7.367670338001982,1.1517510329341014,1.167684100410445,1,1.0,0,0.33205520000774413
sigma,4.0,36,47,406421558115300877,200,1600,8,1021,4.0,8.0,cached,float32,1,0.3326797385620915,179.4890059022563,0.11511984903128097,7.367670338001982,1.1517510329341014,1.167684100410445,1,1.0,0,0.33162149996496737
sigma,4.0,36,48,3411910311135084463,200,1600,8,1021,4.0,8.0,cached,float32,1,0.3326797385620915,179.4890059022563,0.11511984903128097,7.367670338001982,1.1517510329341014,1.167684100410445,1,1.0,0,0.3274295999435708
sigma,4.0,36,49,11286235425482282406,200,1600,8,1021,4.0,8.0,cached,float32,1,0.3326797385620915,179.4890059022563,0.11511984903128097,7.367670338001982,1.1517510329341014,1.167684100410445,0,0.975,1,0.3276269999332726
sigma,4.0,36,50,16321879608138188346,200,1600,8,1021,4.0,8.0,cached,float32,1,0.3326797385620915,179.4890059022563,0.11511984903128097,7.367670338001982,1.1517510329341014,1.167684100410445,1,1.0,0,0.329299500095658
sigma,4.0,36,51,17323971994643109869,200,1600,8,1021,4.0,8.0,cached,float32,1,0.3326797385620915,179.4890059022563,0.11511984903128097,7.367670338001982,1.1517510329341014,1.167684100410445,1,1.0,0,0.3312552999705076
sigma,4.0,36,52,956241077508754223,200,1600,8,1021,4.0,8.0,cached,float32,1,0.3326797385620915,179.4890059022563,0.11511984903128097,7.367670338001982,1.1517510329341014,1.167684100410445,0,0.99,4,0.33321720000822097
sigma,4.0,36,53,10140339930390527021,200,1600,8,1021,4.0,8.0,cached,float32,1,0.3326797385620915,179.4890059022563,0.11511984903128097,7.367670338001982,1.1517510329341014,1.167684100410445,0,0.995,8,0.33339299994986504
sigma,4.0,36,54,17657435115259096107,200,1600,8,1021,4.0,8.0,cached,float32,1,0.3326797385620915,179.4890059022563,0.11511984903128097,7.367670338001982,1.1517510329341014,1.167684100410445,0,0.995,34,0.3322677999967709
sigma,4.0,36,55,9510908263128716102,200,1600,8,1021,4.0,8.0,cached,float32,1,0.3326797385620915,179.4890059022563,0.11511984903128097,7.367670338001982,1.1517510329341014,1.167684100410445,0,0.98,2,0.3522742000641301
sigma,4.0,36,56,11299888368120932248,200,1600,8,1021,4.0,8.0,cached,float32,1,0.3326797385620915,179.4890059022563,0.11511984903128097,7.367670338001982,1.1517510329341014,1.167684100410445,0,0.995,4,0.32658629992511123
sigma,4.0,36,57,8739385075012450617,200,1600,8,1021,4.0,8.0,cached,float32,1,0.3326797385620915,179.4890059022563,0.11511984903128097,7.367670338001982,1.1517510329341014,1.167684100410445,1,1.0,0,0.3284559000749141
sigma,4.0,36,58,3522345099811862424,200,1600,8,1021,4.0,8.0,cached,float32,1,0.3326797385620915,179.4890059022563,0.11511984903128097,7.367670338001982,1.1517510329341014,1.167684100410445,0,0.97,1,0.32767340005375445
sigma,4.0,36,59,17822609586442699336,200,1600,8,1021,4.0,8.0,cached,float32,1,0.3326797385620915,179.4890059022563,0.11511984903128097,7.367670338001982,1.1517510329341014,1.167684100410445,0,0.99,4,0.3303762999130413
sigma,4.0,36,60,8631236536595441071,200,1600,8,1021,4.0,8.0,cached,float32,1,0.3326797385620915,179.4890059022563,0.11511984903128097,7.367670338001982,1.1517510329341014,1.167684100410445,0,0.995,18,0.33042009989731014
sigma,4.0,36,61,15058234381238804902,200,1600,8,1021,4.0,8.0,cached,float32,1,0.3326797385620915,179.4890059022563,0.11511984903128097,7.367670338001982,1.1517510329341014,1.167684100410445,1,1.0,0,0.3250769000733271
sigma,4.0,36,62,7697722881773717660,200,1600,8,1021,4.0,8.0,cached,float32,1,0.3326797385620915,179.4890059022563,0.11511984903128097,7.367670338001982,1.1517510329341014,1.167684100410445,1,1.0,0,0.32660639996174723
sigma,4.0,36,63,8082191114780936603,200,1600,8,1021,4.0,8.0,cached,float32,1,0.3326797385620915,179.4890059022563,0.11511984903128097,7.367670338001982,1.1517510329341014,1.167684100410445,0,0.995,2,0.3381310999393463
sigma,4.0,36,64,15380456773157402617,200,1600,8,1021,4.0,8.0,cached,float32,1,0.3326797385620915,179.4890059022563,0.11511984903128097,7.367670338001982,1.1517510329341014,1.167684100410445,1,1.0,0,0.3289273000555113
sigma,4.0,36,65,12604266205495976411,200,1600,8,1021,4.0,8.0,cached,float32,1,0.3326797385620915,179.4890059022563,0.11511984903128097,7.367670338001982,1.1517510329341014,1.167684100410445,1,1.0,0,0.33154849999118596
sigma,4.0,36,66,5108956734940920389,200,1600,8,1021,4.0,8.0,cached,float32,1,0.3326797385620915,179.4890059022563,0.11511984903128097,7.367670338001982,1.1517510329341014,1.167684100410445,0,0.99,6,0.3285541000077501
sigma,4.0,36,67,15738519279735993339,200,1600,8,1021,4.0,8.0,cached,float32,1,0.3326797385620915,179.4890059022563,0.11511984903128097,7.367670338001982,1.1517510329341014,1.167684100410445,1,1.0,0,0.32971309998538345
sigma,4.0,36,68,16784654839501679015,200,1600,8,1021,4.0,8.0,cached,float32,1,0.3326797385620915,179.4890059022563,0.11511984903128097,7.367670338001982,1.1517510329341014,1.167684100410445,0,0.995,15,0.32801429997198284
sigma,4.0,36,69,7165462468471436442,200,1600,8,1021,4.0,8.0,cached,float32,1,0.3326797385620915,179.4890059022563,0.11511984903128097,7.367670338001982,1.1517510329341014,1.167684100410445,1,1.0,0,0.33092279999982566
sigma,4.0,36,70,7093641643034542761,200,1600,8,1021,4.0,8.0,cached,float32,1,0.3326797385620915,179.4890059022563,0.11511984903128097,7.367670338001982,1.1517510329341014,1.167684100410445,1,1.0,0,0.3309753000503406
sigma,4.0,36,71,5612384873354559289,200,1600,8,1021,4.0,8.0,cached,float32,1,0.3326797385620915,179.4890059022563,0.11511984903128097,7.367670338001982,1.1517510329341014,1.167684100410445,1,1.0,0,0.32813649997115135
sigma,4.0,36,72,5756441914087327894,200,1600,8,1021,4.0,8.0,cached,float32,1,0.3326797385620915,179.4890059022563,0.11511984903128097,7.367670338001982,1.1517510329341014,1.167684100410445,1,1.0,0,0.32816839998122305
sigma,4.0,36,73,5989451077727408841,200,1600,8,1021,4.0,8.0,cached,float32,1,0.3326797385620915,179.4890059022563,0.11511984903128097,7.367670338001982,1.1517510329341014,1.167684100410445,1,1.0,0,0.32629740005359054
sigma,4.0,36,74,17474144288998771171,200,1600,8,1021,4.0,8.0,cached,float32,1,0.3326797385620915,179.4890059022563,0.11511984903128097,7.367670338001982,1.1517510329341014,1.167684100410445,0,0.975,1,0.32632890006061643
sigma,4.0,36,75,16429005064442083739,200,1600,8,1021,4.0,8.0,cached,float32,1,0.3326797385620915,179.4890059022563,0.11511984903128097,7.367670338001982,1.1517510329341014,1.167684100410445,0,0.99,2,0.33708630001638085
sigma,4.0,36,76,14426417390122361858,200,1600,8,1021,4.0,8.0,cached,float32,1,0.3326797385620915,179.4890059022563,0.11511984903128097,7.367670338001982,1.1517510329341014,1.167684100410445,1,1.0,0,0.3328311999794096
sigma,4.0,36,77,4701500829954124857,200,1600,8,1021,4.0,8.0,cached,float32,1,0.3326797385620915,179.4890059022563,0.11511984903128097,7.367670338001982,1.1517510329341014,1.167684100410445,1,1.0,0,0.34010110003873706
sigma,4.0,36,78,7642449515000279570,200,1600,8,1021,4.0,8.0,cached,float32,1,0.3326797385620915,179.4890059022563,0.11511984903128097,7.367670338001982,1.1517510329341014,1.167684100410445,1,1.0,0,0.3317766999825835
sigma,4.0,36,79,17589613199391914612,200,1600,8,1021,4.0,8.0,cached,float32,1,0.3326797385620915,179.4890059022563,0.11511984903128097,7.367670338001982,1.1517510329341014,1.167684100410445,1,1.0,0,0.32677110005170107
sigma,4.0,36,80,6889107483306636087,200,1600,8,1021,4.0,8.0,cached,float32,1,0.3326797385620915,179.4890059022563,0.11511984903128097,7.367670338001982,1.1517510329341014,1.167684100410445,0,0.995,3,0.3274181999731809
sigma,4.0,36,81,12675064619017082655,200,1600,8,1021,4.0,8.0,cached,float32,1,0.3326797385620915,179.4890059022563,0.11511984903128097,7.367670338001982,1.1517510329341014,1.167684100410445,0,0.995,8,0.33444439992308617
sigma,4.0,36,82,18199866595024352870,200,1600,8,1021,4.0,8.0,cached,float32,1,0.3326797385620915,179.4890059022563,0.11511984903128097,7.367670338001982,1.1517510329341014,1.167684100410445,0,0.995,8,0.32556179992388934
sigma,4.0,36,83,5109853216779409927,200,1600,8,1021,4.0,8.0,cached,float32,1,0.3326797385620915,179.4890059022563,0.11511984903128097,7.367670338001982,1.1517510329341014,1.167684100410445,0,0.995,1,0.32933400000911206
sigma,4.0,36,84,9237283293348209395,200,1600,8,1021,4.0,8.0,cached,float32,1,0.3326797385620915,179.4890059022563,0.11511984903128097,7.367670338001982,1.1517510329341014,1.167684100410445,0,0.985,10,0.324507899931632
sigma,4.0,36,85,8330050783878140172,200,1600,8,1021,4.0,8.0,cached,float32,1,0.3326797385620915,179.4890059022563,0.11511984903128097,7.367670338001982,1.1517510329341014,1.167684100410445,0,0.995,7,0.3270919000497088
sigma,4.0,36,86,9101341051739737141,200,1600,8,1021,4.0,8.0,cached,float32,1,0.3326797385620915,179.4890059022563,0.11511984903128097,7.367670338001982,1.1517510329341014,1.167684100410445,1,1.0,0,0.3282534000463784
sigma,4.0,36,87,8926779246548278974,200,1600,8,1021,4.0,8.0,cached,float32,1,0.3326797385620915,179.4890059022563,0.11511984903128097,7.367670338001982,1.1517510329341014,1.167684100410445,0,0.995,2,0.33052499999757856
sigma,4.0,36,88,12186449313784339108,200,1600,8,1021,4.0,8.0,cached,float32,1,0.3326797385620915,179.4890059022563,0.11511984903128097,7.367670338001982,1.1517510329341014,1.167684100410445,0,0.985,6,0.3288679000688717
sigma,4.0,36,89,17005768923208280111,200,1600,8,1021,4.0,8.0,cached,float32,1,0.3326797385620915,179.4890059022563,0.11511984903128097,7.367670338001982,1.1517510329341014,1.167684100410445,1,1.0,0,0.32943559996783733
sigma,4.0,36,90,9026660579374577419,200,1600,8,1021,4.0,8.0,cached,float32,1,0.3326797385620915,179.4890059022563,0.11511984903128097,7.367670338001982,1.1517510329341014,1.167684100410445,1,1.0,0,0.3345730999717489
sigma,4.0,36,91,6538297372093402687,200,1600,8,1021,4.0,8.0,cached,float32,1,0.3326797385620915,179.4890059022563,0.11511984903128097,7.367670338001982,1.1517510329341014,1.167684100410445,1,1.0,0,0.32701199990697205
sigma,4.0,36,92,17084101395137498846,200,1600,8,1021,4.0,8.0,cached,float32,1,0.3326797385620915,179.4890059022563,0.11511984903128097,7.367670338001982,1.1517510329341014,1.167684100410445,1,1.0,0,0.32685459998901933
sigma,4.0,36,93,4704756952332719392,200,1600,8,1021,4.0,8.0,cached,float32,1,0.3326797385620915,179.4890059022563,0.11511984903128097,7.367670338001982,1.1517510329341014,1.167684100410445,1,1.0,0,0.33234249998349696
sigma,4.0,36,94,324112900125681471,200,1600,8,1021,4.0,8.0,cached,float32,1,0.3326797385620915,179.4890059022563,0.11511984903128097,7.367670338001982,1.1517510329341014,1.167684100410445,1,1.0,0,0.32919740001671016
sigma,4.0,36,95,16449841417273200887,200,1600,8,1021,4.0,8.0,cached,float32,1,0.3326797385620915,179.4890059022563,0.11511984903128097,7.367670338001982,1.1517510329341014,1.167684100410445,0,0.995,8,0.3278428999474272
sigma,4.0,36,96,7632118545124178634,200,1600,8,1021,4.0,8.0,cached,float32,1,0.3326797385620915,179.4890059022563,0.11511984903128097,7.367670338001982,1.1517510329341014,1.167684100410445,1,1.0,0,0.32857819995842874
sigma,4.0,36,97,14990742911856621643,200,1600,8,1021,4.0,8.0,cached,float32,1,0.3326797385620915,179.4890059022563,0.11511984903128097,7.367670338001982,1.1517510329341014,1.167684100410445,0,0.99,2,0.3241446999600157
sigma,4.0,36,98,12025857963150048684,200,1600,8,1021,4.0,8.0,cached,float32,1,0.3326797385620915,179.4890059022563,0.11511984903128097,7.367670338001982,1.1517510329341014,1.167684100410445,0,0.995,10,0.327852200018242
sigma,4.0,36,99,10439045365466720156,200,1600,8,1021,4.0,8.0,cached,float32,1,0.3326797385620915,179.4890059022563,0.11511984903128097,7.367670338001982,1.1517510329341014,1.167684100410445,1,1.0,0,0.3460579999955371
sigma,5.0,37,0,5104346449506759852,200,1600,8,1021,5.0,8.0,cached,float32,1,0.3326797385620915,143.39120471829304,0.09209587922502478,5.894136270401586,0.9214008263472813,0.9341472803283559,0,0.99,13,0.3615466000046581
sigma,5.0,37,1,14371555282011385119,200,1600,8,1021,5.0,8.0,cached,float32,1,0.3326797385620915,143.39120471829304,0.09209587922502478,5.894136270401586,0.9214008263472813,0.9341472803283559,0,0.98,6,0.3344875000184402
sigma,5.0,37,2,17016675014402370515,200,1600,8,1021,5.0,8.0,cached,float32,1,0.3326797385620915,143.39120471829304,0.09209587922502478,5.894136270401586,0.9214008263472813,0.9341472803283559,0,0.995,6,0.3263860000297427
sigma,5.0,37,3,12482722478318584155,200,1600,8,1021,5.0,8.0,cached,float32,1,0.3326797385620915,143.39120471829304,0.09209587922502478,5.894136270401586,0.9214008263472813,0.9341472803283559,1,1.0,0,0.3255520999664441
sigma,5.0,37,4,17774754534601292640,200,1600,8,1021,5.0,8.0,cached,float32,1,0.3326797385620915,143.39120471829304,0.09209587922502478,5.894136270401586,0.9214008263472813,0.9341472803283559,0,0.995,1,0.3332859000656754
sigma,5.0,37,5,14288461383857117838,200,1600,8,1021,5.0,8.0,cached,float32,1,0.3326797385620915,143.39120471829304,0.09209587922502478,5.894136270401586,0.9214008263472813,0.9341472803283559,0,0.995,1,0.3328145999694243
sigma,5.0,37,6,12828751595544589870,200,1600,8,1021,5.0,8.0,cached,float32,1,0.3326797385620915,143.39120471829304,0.09209587922502478,5.894136270401586,0.9214008263472813,0.9341472803283559,1,1.0,0,0.3278520000167191
sigma,5.0,37,7,11189838202273861336,200,1600,8,1021,5.0,8.0,cached,float32,1,0.3326797385620915,143.39120471829304,0.09209587922502478,5.894136270401586,0.9214008263472813,0.9341472803283559,1,1.0,0,0.32821940002031624
sigma,5.0,37,8,10368617655456476635,200,1600,8,1021,5.0,8.0,cached,float32,1,0.3326797385620915,143.39120471829304,0.09209587922502478,5.894136270401586,0.9214008263472813,0.9341472803283559,1,1.0,0,0.332338499953039
sigma,5.0,37,9,6291219279474294722,200,1600,8,1021,5.0,8.0,cached,float32,1,0.3326797385620915,143.39120471829304,0.09209587922502478,5.894136270401586,0.9214008263472813,0.9341472803283559,1,1.0,0,0.3277226999634877
sigma,5.0,37,10,2576404749319431522,200,1600,8,1021,5.0,8.0,cached,float32,1,0.3326797385620915,143.39120471829304,0.09209587922502478,5.894136270401586,0.9214008263472813,0.9341472803283559,0,0.995,2,0.33104660001117736
sigma,5.0,37,11,617930441180794040,200,1600,8,1021,5.0,8.0,cached,float32,1,0.3326797385620915,143.39120471829304,0.09209587922502478,5.894136270401586,0.9214008263472813,0.9341472803283559,1,1.0,0,0.32992469996679574
sigma,5.0,37,12,16035776958101301716,200,1600,8,1021,5.0,8.0,cached,float32,1,0.3326797385620915,143.39120471829304,0.09209587922502478,5.894136270401586,0.9214008263472813,0.9341472803283559,0,0.995,12,0.33288380003068596
sigma,5.0,37,13,7518185182405087729,200,1600,8,1021,5.0,8.0,cached,float32,1,0.3326797385620915,143.39120471829304,0.09209587922502478,5.894136270401586,0.9214008263472813,0.9341472803283559,0,0.985,3,0.3316770000383258
sigma,5.0,37,14,1546734543018672559,200,1600,8,1021,5.0,8.0,cached,float32,1,0.3326797385620915,143.39120471829304,0.09209587922502478,5.894136270401586,0.9214008263472813,0.9341472803283559,0,0.97,2,0.32825139991473407
sigma,5.0,37,15,10739324701093906893,200,1600,8,1021,5.0,8.0,cached,float32,1,0.3326797385620915,143.39120471829304,0.09209587922502478,5.894136270401586,0.9214008263472813,0.9341472803283559,1,1.0,0,0.3255184000590816
sigma,5.0,37,16,9280132008787099247,200,1600,8,1021,5.0,8.0,cached,float32,1,0.3326797385620915,143.39120471829304,0.09209587922502478,5.894136270401586,0.9214008263472813,0.9341472803283559,0,0.995,7,0.32667350000701845
sigma,5.0,37,17,15827856992008066851,200,1600,8,1021,5.0,8.0,cached,float32,1,0.3326797385620915,143.39120471829304,0.09209587922502478,5.894136270401586,0.9214008263472813,0.9341472803283559,1,1.0,0,0.3330153999850154
sigma,5.0,37,18,6508677995568481032,200,1600,8,1021,5.0,8.0,cached,float32,1,0.3326797385620915,143.39120471829304,0.09209587922502478,5.894136270401586,0.9214008263472813,0.9341472803283559,0,0.995,28,0.328145100036636
sigma,5.0,37,19,7720867326950780580,200,1600,8,1021,5.0,8.0,cached,float32,1,0.3326797385620915,143.39120471829304,0.09209587922502478,5.894136270401586,0.9214008263472813,0.9341472803283559,1,1.0,0,0.32823970005847514
sigma,5.0,37,20,6466208984424123655,200,1600,8,1021,5.0,8.0,cached,float32,1,0.3326797385620915,143.39120471829304,0.09209587922502478,5.894136270401586,0.9214008263472813,0.9341472803283559,1,1.0,0,0.3304016999900341
sigma,5.0,37,21,5721104535684883872,200,1600,8,1021,5.0,8.0,cached,float32,1,0.3326797385620915,143.39120471829304,0.09209587922502478,5.894136270401586,0.9214008263472813,0.9341472803283559,0,0.995,3,0.3269402999430895
sigma,5.0,37,22,14380418882569063079,200,1600,8,1021,5.0,8.0,cached,float32,1,0.3326797385620915,143.39120471829304,0.09209587922502478,5.894136270401586,0.9214008263472813,0.9341472803283559,0,0.975,1,0.35074200003873557
sigma,5.0,37,23,1650411189395652936,200,1600,8,1021,5.0,8.0,cached,float32,1,0.3326797385620915,143.39120471829304,0.09209587922502478,5.894136270401586,0.9214008263472813,0.9341472803283559,1,1.0,0,0.3381463000550866
sigma,5.0,37,24,1973075488259079047,200,1600,8,1021,5.0,8.0,cached,float32,1,0.3326797385620915,143.39120471829304,0.09209587922502478,5.894136270401586,0.9214008263472813,0.9341472803283559,0,0.995,1,0.32969869999215007
sigma,5.0,37,25,10914483703938114683,200,1600,8,1021,5.0,8.0,cached,float32,1,0.3326797385620915,143.39120471829304,0.09209587922502478,5.894136270401586,0.9214008263472813,0.9341472803283559,0,0.99,2,0.3341499000089243
sigma,5.0,37,26,5041258621600417696,200,1600,8,1021,5.0,8.0,cached,float32,1,0.3326797385620915,143.39120471829304,0.09209587922502478,5.894136270401586,0.9214008263472813,0.9341472803283559,0,0.995,7,0.34138720005284995
sigma,5.0,37,27,13992412678230021857,200,1600,8,1021,5.0,8.0,cached,float32,1,0.3326797385620915,143.39120471829304,0.09209587922502478,5.894136270401586,0.9214008263472813,0.9341472803283559,0,0.985,4,0.3262396000791341
sigma,5.0,37,28,7507419021817621830,200,1600,8,1021,5.0,8.0,cached,float32,1,0.3326797385620915,143.39120471829304,0.09209587922502478,5.894136270401586,0.9214008263472813,0.9341472803283559,1,1.0,0,0.33079289994202554
sigma,5.0,37,29,13079367748600156847,200,1600,8,1021,5.0,8.0,cached,float32,1,0.3326797385620915,143.39120471829304,0.09209587922502478,5.894136270401586,0.9214008263472813,0.9341472803283559,1,1.0,0,0.3332036000210792
sigma,5.0,37,30,172370576344666060,200,1600,8,1021,5.0,8.0,cached,float32,1,0.3326797385620915,143.39120471829304,0.09209587922502478,5.894136270401586,0.9214008263472813,0.9341472803283559,0,0.99,9,0.33111850009299815
sigma,5.0,37,31,272966517828896512,200,1600,8,1021,5.0,8.0,cached,float32,1,0.3326797385620915,143.39120471829304,0.09209587922502478,5.894136270401586,0.9214008263472813,0.9341472803283559,1,1.0,0,0.3335559000261128
sigma,5.0,37,32,17547997233130130600,200,1600,8,1021,5.0,8.0,cached,float32,1,0.3326797385620915,143.39120471829304,0.09209587922502478,5.894136270401586,0.9214008263472813,0.9341472803283559,1,1.0,0,0.32583009998779744
sigma,5.0,37,33,1681840179678749908,200,1600,8,1021,5.0,8.0,cached,float32,1,0.3326797385620915,143.39120471829304,0.09209587922502478,5.894136270401586,0.9214008263472813,0.9341472803283559,0,0.965,2,0.3388016000390053
sigma,5.0,37,34,4844382557964846218,200,1600,8,1021,5.0,8.0,cached,float32,1,0.3326797385620915,143.39120471829304,0.09209587922502478,5.894136270401586,0.9214008263472813,0.9341472803283559,0,0.995,22,0.33072029997128993
sigma,5.0,37,35,6252109521297896328,200,1600,8,1021,5.0,8.0,cached,float32,1,0.3326797385620915,143.39120471829304,0.09209587922502478,5.894136270401586,0.9214008263472813,0.9341472803283559,0,0.995,5,0.3363146000774577
sigma,5.0,37,36,13011172214375139051,200,1600,8,1021,5.0,8.0,cached,float32,1,0.3326797385620915,143.39120471829304,0.09209587922502478,5.894136270401586,0.9214008263472813,0.9341472803283559,0,0.995,2,0.330379500053823
sigma,5.0,37,37,7630183198442076285,200,1600,8,1021,5.0,8.0,cached,float32,1,0.3326797385620915,143.39120471829304,0.09209587922502478,5.894136270401586,0.9214008263472813,0.9341472803283559,1,1.0,0,0.33081010007299483
sigma,5.0,37,38,6859923318081556118,200,1600,8,1021,5.0,8.0,cached,float32,1,0.3326797385620915,143.39120471829304,0.09209587922502478,5.894136270401586,0.9214008263472813,0.9341472803283559,0,0.995,1,0.3289150999626145
sigma,5.0,37,39,3332724717771162108,200,1600,8,1021,5.0,8.0,cached,float32,1,0.3326797385620915,143.39120471829304,0.09209587922502478,5.894136270401586,0.9214008263472813,0.9341472803283559,0,0.995,4,0.3262229999527335
sigma,5.0,37,40,5883970117448893398,200,1600,8,1021,5.0,8.0,cached,float32,1,0.3326797385620915,143.39120471829304,0.09209587922502478,5.894136270401586,0.9214008263472813,0.9341472803283559,0,0.98,2,0.33207839995156974
sigma,5.0,37,41,18061958459218802481,200,1600,8,1021,5.0,8.0,cached,float32,1,0.3326797385620915,143.39120471829304,0.09209587922502478,5.894136270401586,0.9214008263472813,0.9341472803283559,0,0.995,14,0.32594519993290305
sigma,5.0,37,42,2756337574187651604,200,1600,8,1021,5.0,8.0,cached,float32,1,0.3326797385620915,143.39120471829304,0.09209587922502478,5.894136270401586,0.9214008263472813,0.9341472803283559,0,0.995,11,0.3287850000197068
sigma,5.0,37,43,3768816235691752387,200,1600,8,1021,5.0,8.0,cached,float32,1,0.3326797385620915,143.39120471829304,0.09209587922502478,5.894136270401586,0.9214008263472813,0.9341472803283559,1,1.0,0,0.3269803998991847
sigma,5.0,37,44,511726288661348741,200,1600,8,1021,5.0,8.0,cached,float32,1,0.3326797385620915,143.39120471829304,0.09209587922502478,5.894136270401586,0.9214008263472813,0.9341472803283559,0,0.995,17,0.3287214000010863
sigma,5.0,37,45,1309112153255684711,200,1600,8,1021,5.0,8.0,cached,float32,1,0.3326797385620915,143.39120471829304,0.09209587922502478,5.894136270401586,0.9214008263472813,0.9341472803283559,0,0.995,1,0.3293737000785768
sigma,5.0,37,46,16822934308861821582,200,1600,8,1021,5.0,8.0,cached,float32,1,0.3326797385620915,143.39120471829304,0.09209587922502478,5.894136270401586,0.9214008263472813,0.9341472803283559,1,1.0,0,0.3396450999425724
sigma,5.0,37,47,11419144981511815652,200,1600,8,1021,5.0,8.0,cached,float32,1,0.3326797385620915,143.39120471829304,0.09209587922502478,5.894136270401586,0.9214008263472813,0.9341472803283559,0,0.98,8,0.33702919993083924
sigma,5.0,37,48,12260636773563102242,200,1600,8,1021,5.0,8.0,cached,float32,1,0.3326797385620915,143.39120471829304,0.09209587922502478,5.894136270401586,0.9214008263472813,0.9341472803283559,0,0.99,5,0.33030399994459003
sigma,5.0,37,49,11585125709390150207,200,1600,8,1021,5.0,8.0,cached,float32,1,0.3326797385620915,143.39120471829304,0.09209587922502478,5.894136270401586,0.9214008263472813,0.9341472803283559,1,1.0,0,0.3251067000674084
sigma,5.0,37,50,8871057076656291364,200,1600,8,1021,5.0,8.0,cached,float32,1,0.3326797385620915,143.39120471829304,0.09209587922502478,5.894136270401586,0.9214008263472813,0.9341472803283559,0,0.99,1,0.32998649997171015
sigma,5.0,37,51,7138113025999766176,200,1600,8,1021,5.0,8.0,cached,float32,1,0.3326797385620915,143.39120471829304,0.09209587922502478,5.894136270401586,0.9214008263472813,0.9341472803283559,0,0.995,30,0.3277161999139935
sigma,5.0,37,52,14311360691030200148,200,1600,8,1021,5.0,8.0,cached,float32,1,0.3326797385620915,143.39120471829304,0.09209587922502478,5.894136270401586,0.9214008263472813,0.9341472803283559,1,1.0,0,0.33018389996141195
sigma,5.0,37,53,9832502796291430862,200,1600,8,1021,5.0,8.0,cached,float32,1,0.3326797385620915,143.39120471829304,0.09209587922502478,5.894136270401586,0.9214008263472813,0.9341472803283559,0,0.985,3,0.3350059000076726
sigma,5.0,37,54,17674565113464450981,200,1600,8,1021,5.0,8.0,cached,float32,1,0.3326797385620915,143.39120471829304,0.09209587922502478,5.894136270401586,0.9214008263472813,0.9341472803283559,0,0.98,3,0.3303681000834331
sigma,5.0,37,55,18204636626472843401,200,1600,8,1021,5.0,8.0,cached,float32,1,0.3326797385620915,143.39120471829304,0.09209587922502478,5.894136270401586,0.9214008263472813,0.9341472803283559,0,0.985,1,0.33284390007611364
sigma,5.0,37,56,7220450281633588170,200,1600,8,1021,5.0,8.0,cached,float32,1,0.3326797385620915,143.39120471829304,0.09209587922502478,5.894136270401586,0.9214008263472813,0.9341472803283559,1,1.0,0,0.32787140004802495
sigma,5.0,37,57,8928949425518725118,200,1600,8,1021,5.0,8.0,cached,float32,1,0.3326797385620915,143.39120471829304,0.09209587922502478,5.894136270401586,0.9214008263472813,0.9341472803283559,0,0.96,1,0.32561099994927645
sigma,5.0,37,58,4583451993571599562,200,1600,8,1021,5.0,8.0,cached,float32,1,0.3326797385620915,143.39120471829304,0.09209587922502478,5.894136270401586,0.9214008263472813,0.9341472803283559,1,1.0,0,0.33094250003341585
sigma,5.0,37,59,12307576513557640193,200,1600,8,1021,5.0,8.0,cached,float32,1,0.3326797385620915,143.39120471829304,0.09209587922502478,5.894136270401586,0.9214008263472813,0.9341472803283559,0,0.985,2,0.3308580999728292
sigma,5.0,37,60,3464125623050560828,200,1600,8,1021,5.0,8.0,cached,float32,1,0.3326797385620915,143.39120471829304,0.09209587922502478,5.894136270401586,0.9214008263472813,0.9341472803283559,1,1.0,0,0.331378799979575
sigma,5.0,37,61,5769236203695700786,200,1600,8,1021,5.0,8.0,cached,float32,1,0.3326797385620915,143.39120471829304,0.09209587922502478,5.894136270401586,0.9214008263472813,0.9341472803283559,0,0.98,3,0.3551779999397695
sigma,5.0,37,62,10004200056577082665,200,1600,8,1021,5.0,8.0,cached,float32,1,0.3326797385620915,143.39120471829304,0.09209587922502478,5.894136270401586,0.9214008263472813,0.9341472803283559,1,1.0,0,0.3275980999460444
sigma,5.0,37,63,13975186117015662445,200,1600,8,1021,5.0,8.0,cached,float32,1,0.3326797385620915,143.39120471829304,0.09209587922502478,5.894136270401586,0.9214008263472813,0.9341472803283559,0,0.99,6,0.3295548999449238
sigma,5.0,37,64,15214356664803853158,200,1600,8,1021,5.0,8.0,cached,float32,1,0.3326797385620915,143.39120471829304,0.09209587922502478,5.894136270401586,0.9214008263472813,0.9341472803283559,0,0.995,2,0.3288889001123607
sigma,5.0,37,65,17189580225346144246,200,1600,8,1021,5.0,8.0,cached,float32,1,0.3326797385620915,143.39120471829304,0.09209587922502478,5.894136270401586,0.9214008263472813,0.9341472803283559,1,1.0,0,0.3289554000366479
sigma,5.0,37,66,6848565612865864453,200,1600,8,1021,5.0,8.0,cached,float32,1,0.3326797385620915,143.39120471829304,0.09209587922502478,5.894136270401586,0.9214008263472813,0.9341472803283559,0,0.995,8,0.3265038999961689
sigma,5.0,37,67,9583619293940165893,200,1600,8,1021,5.0,8.0,cached,float32,1,0.3326797385620915,143.39120471829304,0.09209587922502478,5.894136270401586,0.9214008263472813,0.9341472803283559,1,1.0,0,0.327047299942933
sigma,5.0,37,68,12939792531730836304,200,1600,8,1021,5.0,8.0,cached,float32,1,0.3326797385620915,143.39120471829304,0.09209587922502478,5.894136270401586,0.9214008263472813,0.9341472803283559,0,0.995,12,0.3247618000023067
sigma,5.0,37,69,6919306657011830230,200,1600,8,1021,5.0,8.0,cached,float32,1,0.3326797385620915,143.39120471829304,0.09209587922502478,5.894136270401586,0.9214008263472813,0.9341472803283559,0,0.995,2,0.33829720003996044
sigma,5.0,37,70,7813394361989328977,200,1600,8,1021,5.0,8.0,cached,float32,1,0.3326797385620915,143.39120471829304,0.09209587922502478,5.894136270401586,0.9214008263472813,0.9341472803283559,1,1.0,0,0.3326389000285417
sigma,5.0,37,71,5661657062486557730,200,1600,8,1021,5.0,8.0,cached,float32,1,0.3326797385620915,143.39120471829304,0.09209587922502478,5.894136270401586,0.9214008263472813,0.9341472803283559,0,0.995,11,0.33376820001285523
sigma,5.0,37,72,3508679591142712005,200,1600,8,1021,5.0,8.0,cached,float32,1,0.3326797385620915,143.39120471829304,0.09209587922502478,5.894136270401586,0.9214008263472813,0.9341472803283559,0,0.975,6,0.35585739999078214
sigma,5.0,37,73,18394404828344177647,200,1600,8,1021,5.0,8.0,cached,float32,1,0.3326797385620915,143.39120471829304,0.09209587922502478,5.894136270401586,0.9214008263472813,0.9341472803283559,0,0.985,2,0.3321537000592798
sigma,5.0,37,74,5987849543584098954,200,1600,8,1021,5.0,8.0,cached,float32,1,0.3326797385620915,143.39120471829304,0.09209587922502478,5.894136270401586,0.9214008263472813,0.9341472803283559,1,1.0,0,0.3264544999692589
sigma,5.0,37,75,9163581195325865601,200,1600,8,1021,5.0,8.0,cached,float32,1,0.3326797385620915,143.39120471829304,0.09209587922502478,5.894136270401586,0.9214008263472813,0.9341472803283559,0,0.995,3,0.32896690000779927
sigma,5.0,37,76,473277049482258914,200,1600,8,1021,5.0,8.0,cached,float32,1,0.3326797385620915,143.39120471829304,0.09209587922502478,5.894136270401586,0.9214008263472813,0.9341472803283559,0,0.995,6,0.3311419999226928
sigma,5.0,37,77,13413280832432379725,200,1600,8,1021,5.0,8.0,cached,float32,1,0.3326797385620915,143.39120471829304,0.09209587922502478,5.894136270401586,0.9214008263472813,0.9341472803283559,0,0.995,23,0.33143660007044673
sigma,5.0,37,78,10152463913641628489,200,1600,8,1021,5.0,8.0,cached,float32,1,0.3326797385620915,143.39120471829304,0.09209587922502478,5.894136270401586,0.9214008263472813,0.9341472803283559,1,1.0,0,0.3268191000679508
sigma,5.0,37,79,16691860877458028435,200,1600,8,1021,5.0,8.0,cached,float32,1,0.3326797385620915,143.39120471829304,0.09209587922502478,5.894136270401586,0.9214008263472813,0.9341472803283559,0,0.99,15,0.3267182999989018
sigma,5.0,37,80,18082760936948677094,200,1600,8,1021,5.0,8.0,cached,float32,1,0.3326797385620915,143.39120471829304,0.09209587922502478,5.894136270401586,0.9214008263472813,0.9341472803283559,0,0.97,1,0.3363570000510663
sigma,5.0,37,81,9781594208386155435,200,1600,8,1021,5.0,8.0,cached,float32,1,0.3326797385620915,143.39120471829304,0.09209587922502478,5.894136270401586,0.9214008263472813,0.9341472803283559,1,1.0,0,0.33037640003021806
sigma,5.0,37,82,8649734348402817053,200,1600,8,1021,5.0,8.0,cached,float32,1,0.3326797385620915,143.39120471829304,0.09209587922502478,5.894136270401586,0.9214008263472813,0.9341472803283559,0,0.975,3,0.33648520009592175
sigma,5.0,37,83,7538066084450428997,200,1600,8,1021,5.0,8.0,cached,float32,1,0.3326797385620915,143.39120471829304,0.09209587922502478,5.894136270401586,0.9214008263472813,0.9341472803283559,0,0.99,4,0.3320684999926016
sigma,5.0,37,84,210918495711762561,200,1600,8,1021,5.0,8.0,cached,float32,1,0.3326797385620915,143.39120471829304,0.09209587922502478,5.894136270401586,0.9214008263472813,0.9341472803283559,0,0.97,2,0.3296485999599099
sigma,5.0,37,85,9177133310496144585,200,1600,8,1021,5.0,8.0,cached,float32,1,0.3326797385620915,143.39120471829304,0.09209587922502478,5.894136270401586,0.9214008263472813,0.9341472803283559,0,0.985,7,0.3296989999944344
sigma,5.0,37,86,3144210997965538826,200,1600,8,1021,5.0,8.0,cached,float32,1,0.3326797385620915,143.39120471829304,0.09209587922502478,5.894136270401586,0.9214008263472813,0.9341472803283559,0,0.995,10,0.3262694999575615
sigma,5.0,37,87,15498910465263064170,200,1600,8,1021,5.0,8.0,cached,float32,1,0.3326797385620915,143.39120471829304,0.09209587922502478,5.894136270401586,0.9214008263472813,0.9341472803283559,1,1.0,0,0.32547889999113977
sigma,5.0,37,88,1721445749112715692,200,1600,8,1021,5.0,8.0,cached,float32,1,0.3326797385620915,143.39120471829304,0.09209587922502478,5.894136270401586,0.9214008263472813,0.9341472803283559,1,1.0,0,0.32425900001544505
sigma,5.0,37,89,16427017875420660314,200,1600,8,1021,5.0,8.0,cached,float32,1,0.3326797385620915,143.39120471829304,0.09209587922502478,5.894136270401586,0.9214008263472813,0.9341472803283559,0,0.985,3,0.33344419999048114
sigma,5.0,37,90,16741152106865194744,200,1600,8,1021,5.0,8.0,cached,float32,1,0.3326797385620915,143.39120471829304,0.09209587922502478,5.894136270401586,0.9214008263472813,0.9341472803283559,0,0.995,3,0.32679939991794527
sigma,5.0,37,91,1112931838075224169,200,1600,8,1021,5.0,8.0,cached,float32,1,0.3326797385620915,143.39120471829304,0.09209587922502478,5.894136270401586,0.9214008263472813,0.9341472803283559,0,0.98,2,0.325146000017412
sigma,5.0,37,92,9738840842156580233,200,1600,8,1021,5.0,8.0,cached,float32,1,0.3326797385620915,143.39120471829304,0.09209587922502478,5.894136270401586,0.9214008263472813,0.9341472803283559,0,0.995,4,0.3259607000509277
sigma,5.0,37,93,6477806597921487757,200,1600,8,1021,5.0,8.0,cached,float32,1,0.3326797385620915,143.39120471829304,0.09209587922502478,5.894136270401586,0.9214008263472813,0.9341472803283559,0,0.995,21,0.33400750008877367
sigma,5.0,37,94,16026118282368562620,200,1600,8,1021,5.0,8.0,cached,float32,1,0.3326797385620915,143.39120471829304,0.09209587922502478,5.894136270401586,0.9214008263472813,0.9341472803283559,0,0.99,8,0.3284361999249086
sigma,5.0,37,95,11632074448033795255,200,1600,8,1021,5.0,8.0,cached,float32,1,0.3326797385620915,143.39120471829304,0.09209587922502478,5.894136270401586,0.9214008263472813,0.9341472803283559,0,0.995,43,0.33943209995049983
sigma,5.0,37,96,3264962207334210201,200,1600,8,1021,5.0,8.0,cached,float32,1,0.3326797385620915,143.39120471829304,0.09209587922502478,5.894136270401586,0.9214008263472813,0.9341472803283559,0,0.99,13,0.3319397000595927
sigma,5.0,37,97,8146830858194981735,200,1600,8,1021,5.0,8.0,cached,float32,1,0.3326797385620915,143.39120471829304,0.09209587922502478,5.894136270401586,0.9214008263472813,0.9341472803283559,0,0.95,1,0.3517257999628782
sigma,5.0,37,98,5519047066578848337,200,1600,8,1021,5.0,8.0,cached,float32,1,0.3326797385620915,143.39120471829304,0.09209587922502478,5.894136270401586,0.9214008263472813,0.9341472803283559,0,0.995,3,0.3302034999942407
sigma,5.0,37,99,8896104504419079441,200,1600,8,1021,5.0,8.0,cached,float32,1,0.3326797385620915,143.39120471829304,0.09209587922502478,5.894136270401586,0.9214008263472813,0.9341472803283559,0,0.99,2,0.34141260001342744
sigma,6.0,38,0,16867860871846445387,200,1600,8,1021,6.0,8.0,cached,float32,1,0.3326797385620915,119.32600393191085,0.07674656602085399,4.911780225334655,0.7678340219560678,0.7784560669402967,0,0.99,7,0.3306186000118032
sigma,6.0,38,1,1710557750778423442,200,1600,8,1021,6.0,8.0,cached,float32,1,0.3326797385620915,119.32600393191085,0.07674656602085399,4.911780225334655,0.7678340219560678,0.7784560669402967,1,1.0,0,0.3325946000404656
sigma,6.0,38,2,15295646493830971311,200,1600,8,1021,6.0,8.0,cached,float32,1,0.3326797385620915,119.32600393191085,0.07674656602085399,4.911780225334655,0.7678340219560678,0.7784560669402967,1,1.0,0,0.32810579997021705
sigma,6.0,38,3,5605679076149907375,200,1600,8,1021,6.0,8.0,cached,float32,1,0.3326797385620915,119.32600393191085,0.07674656602085399,4.911780225334655,0.7678340219560678,0.7784560669402967,1,1.0,0,0.328588500036858
sigma,6.0,38,4,3377531517440155452,200,1600,8,1021,6.0,8.0,cached,float32,1,0.3326797385620915,119.32600393191085,0.07674656602085399,4.911780225334655,0.7678340219560678,0.7784560669402967,0,0.97,2,0.3285374999977648
sigma,6.0,38,5,3618923595910269755,200,1600,8,1021,6.0,8.0,cached,float32,1,0.3326797385620915,119.32600393191085,0.07674656602085399,4.911780225334655,0.7678340219560678,0.7784560669402967,1,1.0,0,0.3346683999989182
sigma,6.0,38,6,5536521088164207937,200,1600,8,1021,6.0,8.0,cached,float32,1,0.3326797385620915,119.32600393191085,0.07674656602085399,4.911780225334655,0.7678340219560678,0.7784560669402967,0,0.995,20,0.3288112999871373
sigma,6.0,38,7,1561182645448441516,200,1600,8,1021,6.0,8.0,cached,float32,1,0.3326797385620915,119.32600393191085,0.07674656602085399,4.911780225334655,0.7678340219560678,0.7784560669402967,0,0.975,5,0.33870720001868904
sigma,6.0,38,8,10243080592125911868,200,1600,8,1021,6.0,8.0,cached,float32,1,0.3326797385620915,119.32600393191085,0.07674656602085399,4.911780225334655,0.7678340219560678,0.7784560669402967,0,0.945,1,0.32520669989753515
sigma,6.0,38,9,17360222939643884350,200,1600,8,1021,6.0,8.0,cached,float32,1,0.3326797385620915,119.32600393191085,0.07674656602085399,4.911780225334655,0.7678340219560678,0.7784560669402967,0,0.975,2,0.3301581999985501
sigma,6.0,38,10,14189084733090047529,200,1600,8,1021,6.0,8.0,cached,float32,1,0.3326797385620915,119.32600393191085,0.07674656602085399,4.911780225334655,0.7678340219560678,0.7784560669402967,1,1.0,0,0.32909210002981126
sigma,6.0,38,11,6688284458385260507,200,1600,8,1021,6.0,8.0,cached,float32,1,0.3326797385620915,119.32600393191085,0.07674656602085399,4.911780225334655,0.7678340219560678,0.7784560669402967,1,1.0,0,0.33374669996555895
sigma,6.0,38,12,7826197113456000336,200,1600,8,1021,6.0,8.0,cached,float32,1,0.3326797385620915,119.32600393191085,0.07674656602085399,4.911780225334655,0.7678340219560678,0.7784560669402967,0,0.99,2,0.3290885000023991
sigma,6.0,38,13,4879577915656908233,200,1600,8,1021,6.0,8.0,cached,float32,1,0.3326797385620915,119.32600393191085,0.07674656602085399,4.911780225334655,0.7678340219560678,0.7784560669402967,0,0.985,7,0.32822570006828755
sigma,6.0,38,14,7145637162350161640,200,1600,8,1021,6.0,8.0,cached,float32,1,0.3326797385620915,119.32600393191085,0.07674656602085399,4.911780225334655,0.7678340219560678,0.7784560669402967,1,1.0,0,0.33139740000478923
sigma,6.0,38,15,6455517045143558098,200,1600,8,1021,6.0,8.0,cached,float32,1,0.3326797385620915,119.32600393191085,0.07674656602085399,4.911780225334655,0.7678340219560678,0.7784560669402967,0,0.99,1,0.3292242999887094
sigma,6.0,38,16,8454993969994981921,200,1600,8,1021,6.0,8.0,cached,float32,1,0.3326797385620915,119.32600393191085,0.07674656602085399,4.911780225334655,0.7678340219560678,0.7784560669402967,0,0.99,4,0.33223880000878125
sigma,6.0,38,17,8119230249807211441,200,1600,8,1021,6.0,8.0,cached,float32,1,0.3326797385620915,119.32600393191085,0.07674656602085399,4.911780225334655,0.7678340219560678,0.7784560669402967,0,0.995,5,0.33463500009384006
sigma,6.0,38,18,16927702740793948977,200,1600,8,1021,6.0,8.0,cached,float32,1,0.3326797385620915,119.32600393191085,0.07674656602085399,4.911780225334655,0.7678340219560678,0.7784560669402967,0,0.98,6,0.3310228999471292
sigma,6.0,38,19,4499964054430281081,200,1600,8,1021,6.0,8.0,cached,float32,1,0.3326797385620915,119.32600393191085,0.07674656602085399,4.911780225334655,0.7678340219560678,0.7784560669402967,0,0.975,4,0.3346330000786111
sigma,6.0,38,20,2064011533753356505,200,1600,8,1021,6.0,8.0,cached,float32,1,0.3326797385620915,119.32600393191085,0.07674656602085399,4.911780225334655,0.7678340219560678,0.7784560669402967,0,0.985,6,0.32876019994728267
sigma,6.0,38,21,12731237067496945034,200,1600,8,1021,6.0,8.0,cached,float32,1,0.3326797385620915,119.32600393191085,0.07674656602085399,4.911780225334655,0.7678340219560678,0.7784560669402967,0,0.985,7,0.34837299992796034
sigma,6.0,38,22,10898452162729205867,200,1600,8,1021,6.0,8.0,cached,float32,1,0.3326797385620915,119.32600393191085,0.07674656602085399,4.911780225334655,0.7678340219560678,0.7784560669402967,1,1.0,0,0.3525988000910729
sigma,6.0,38,23,7237187601739105025,200,1600,8,1021,6.0,8.0,cached,float32,1,0.3326797385620915,119.32600393191085,0.07674656602085399,4.911780225334655,0.7678340219560678,0.7784560669402967,0,0.995,13,0.3409709999104962
sigma,6.0,38,24,2908861509850536895,200,1600,8,1021,6.0,8.0,cached,float32,1,0.3326797385620915,119.32600393191085,0.07674656602085399,4.911780225334655,0.7678340219560678,0.7784560669402967,0,0.985,1,0.34100669994950294
sigma,6.0,38,25,18102791040328703660,200,1600,8,1021,6.0,8.0,cached,float32,1,0.3326797385620915,119.32600393191085,0.07674656602085399,4.911780225334655,0.7678340219560678,0.7784560669402967,0,0.995,15,0.34302689996547997
sigma,6.0,38,26,4170276593543293015,200,1600,8,1021,6.0,8.0,cached,float32,1,0.3326797385620915,119.32600393191085,0.07674656602085399,4.911780225334655,0.7678340219560678,0.7784560669402967,0,0.995,7,0.3406707000685856
sigma,6.0,38,27,1666221587065998174,200,1600,8,1021,6.0,8.0,cached,float32,1,0.3326797385620915,119.32600393191085,0.07674656602085399,4.911780225334655,0.7678340219560678,0.7784560669402967,0,0.995,5,0.34421359992120415
sigma,6.0,38,28,5265190288531154597,200,1600,8,1021,6.0,8.0,cached,float32,1,0.3326797385620915,119.32600393191085,0.07674656602085399,4.911780225334655,0.7678340219560678,0.7784560669402967,0,0.995,2,0.3314138000132516
sigma,6.0,38,29,11442738890058738877,200,1600,8,1021,6.0,8.0,cached,float32,1,0.3326797385620915,119.32600393191085,0.07674656602085399,4.911780225334655,0.7678340219560678,0.7784560669402967,0,0.975,1,0.32817879994399846
sigma,6.0,38,30,10107926016246330330,200,1600,8,1021,6.0,8.0,cached,float32,1,0.3326797385620915,119.32600393191085,0.07674656602085399,4.911780225334655,0.7678340219560678,0.7784560669402967,0,0.995,6,0.3419014000101015
sigma,6.0,38,31,12077307872642236648,200,1600,8,1021,6.0,8.0,cached,float32,1,0.3326797385620915,119.32600393191085,0.07674656602085399,4.911780225334655,0.7678340219560678,0.7784560669402967,0,0.995,20,0.3374024999793619
sigma,6.0,38,32,7174341819475990540,200,1600,8,1021,6.0,8.0,cached,float32,1,0.3326797385620915,119.32600393191085,0.07674656602085399,4.911780225334655,0.7678340219560678,0.7784560669402967,0,0.995,11,0.32575249997898936
sigma,6.0,38,33,10006484599363528902,200,1600,8,1021,6.0,8.0,cached,float32,1,0.3326797385620915,119.32600393191085,0.07674656602085399,4.911780225334655,0.7678340219560678,0.7784560669402967,0,0.995,9,0.3341935999924317
sigma,6.0,38,34,6305702330957713121,200,1600,8,1021,6.0,8.0,cached,float32,1,0.3326797385620915,119.32600393191085,0.07674656602085399,4.911780225334655,0.7678340219560678,0.7784560669402967,0,0.98,8,0.33344059996306896
sigma,6.0,38,35,2940808259964943041,200,1600,8,1021,6.0,8.0,cached,float32,1,0.3326797385620915,119.32600393191085,0.07674656602085399,4.911780225334655,0.7678340219560678,0.7784560669402967,0,0.995,5,0.32755180005915463
sigma,6.0,38,36,16419739280112969653,200,1600,8,1021,6.0,8.0,cached,float32,1,0.3326797385620915,119.32600393191085,0.07674656602085399,4.911780225334655,0.7678340219560678,0.7784560669402967,0,0.965,5,0.3316164999268949
sigma,6.0,38,37,4017735280124657349,200,1600,8,1021,6.0,8.0,cached,float32,1,0.3326797385620915,119.32600393191085,0.07674656602085399,4.911780225334655,0.7678340219560678,0.7784560669402967,0,0.99,9,0.3264081999659538
sigma,6.0,38,38,15744383164001665136,200,1600,8,1021,6.0,8.0,cached,float32,1,0.3326797385620915,119.32600393191085,0.07674656602085399,4.911780225334655,0.7678340219560678,0.7784560669402967,0,0.995,11,0.3455678999889642
sigma,6.0,38,39,2331456251604860534,200,1600,8,1021,6.0,8.0,cached,float32,1,0.3326797385620915,119.32600393191085,0.07674656602085399,4.911780225334655,0.7678340219560678,0.7784560669402967,0,0.99,3,0.32655030000023544
sigma,6.0,38,40,13860453657416134589,200,1600,8,1021,6.0,8.0,cached,float32,1,0.3326797385620915,119.32600393191085,0.07674656602085399,4.911780225334655,0.7678340219560678,0.7784560669402967,1,1.0,0,0.330113000003621
sigma,6.0,38,41,5824063850824361050,200,1600,8,1021,6.0,8.0,cached,float32,1,0.3326797385620915,119.32600393191085,0.07674656602085399,4.911780225334655,0.7678340219560678,0.7784560669402967,0,0.985,2,0.3301347999367863
sigma,6.0,38,42,13999077477082235915,200,1600,8,1021,6.0,8.0,cached,float32,1,0.3326797385620915,119.32600393191085,0.07674656602085399,4.911780225334655,0.7678340219560678,0.7784560669402967,0,0.985,3,0.3319508999120444
sigma,6.0,38,43,15853714152298397070,200,1600,8,1021,6.0,8.0,cached,float32,1,0.3326797385620915,119.32600393191085,0.07674656602085399,4.911780225334655,0.7678340219560678,0.7784560669402967,0,0.95,1,0.33929629996418953
sigma,6.0,38,44,14958395947243212338,200,1600,8,1021,6.0,8.0,cached,float32,1,0.3326797385620915,119.32600393191085,0.07674656602085399,4.911780225334655,0.7678340219560678,0.7784560669402967,0,0.985,3,0.3282396000577137
sigma,6.0,38,45,10511211699987905226,200,1600,8,1021,6.0,8.0,cached,float32,1,0.3326797385620915,119.32600393191085,0.07674656602085399,4.911780225334655,0.7678340219560678,0.7784560669402967,1,1.0,0,0.34990939998533577
sigma,6.0,38,46,9805333354940497217,200,1600,8,1021,6.0,8.0,cached,float32,1,0.3326797385620915,119.32600393191085,0.07674656602085399,4.911780225334655,0.7678340219560678,0.7784560669402967,0,0.985,9,0.3248821999877691
sigma,6.0,38,47,3601554229489721570,200,1600,8,1021,6.0,8.0,cached,float32,1,0.3326797385620915,119.32600393191085,0.07674656602085399,4.911780225334655,0.7678340219560678,0.7784560669402967,0,0.985,1,0.3252826000098139
sigma,6.0,38,48,4230728334473872282,200,1600,8,1021,6.0,8.0,cached,float32,1,0.3326797385620915,119.32600393191085,0.07674656602085399,4.911780225334655,0.7678340219560678,0.7784560669402967,0,0.995,8,0.32971009996253997
sigma,6.0,38,49,12589901524262569625,200,1600,8,1021,6.0,8.0,cached,float32,1,0.3326797385620915,119.32600393191085,0.07674656602085399,4.911780225334655,0.7678340219560678,0.7784560669402967,0,0.995,3,0.32323430001270026
sigma,6.0,38,50,529189762417607487,200,1600,8,1021,6.0,8.0,cached,float32,1,0.3326797385620915,119.32600393191085,0.07674656602085399,4.911780225334655,0.7678340219560678,0.7784560669402967,1,1.0,0,0.32879229995887727
sigma,6.0,38,51,3425972725375037023,200,1600,8,1021,6.0,8.0,cached,float32,1,0.3326797385620915,119.32600393191085,0.07674656602085399,4.911780225334655,0.7678340219560678,0.7784560669402967,0,0.955,7,0.3305850999895483
sigma,6.0,38,52,8491153297664796961,200,1600,8,1021,6.0,8.0,cached,float32,1,0.3326797385620915,119.32600393191085,0.07674656602085399,4.911780225334655,0.7678340219560678,0.7784560669402967,0,0.995,10,0.33338319999165833
sigma,6.0,38,53,15189782611987710586,200,1600,8,1021,6.0,8.0,cached,float32,1,0.3326797385620915,119.32600393191085,0.07674656602085399,4.911780225334655,0.7678340219560678,0.7784560669402967,0,0.99,15,0.32905000005848706
sigma,6.0,38,54,11498955759411398703,200,1600,8,1021,6.0,8.0,cached,float32,1,0.3326797385620915,119.32600393191085,0.07674656602085399,4.911780225334655,0.7678340219560678,0.7784560669402967,1,1.0,0,0.33197049994487315
sigma,6.0,38,55,2478292553319455648,200,1600,8,1021,6.0,8.0,cached,float32,1,0.3326797385620915,119.32600393191085,0.07674656602085399,4.911780225334655,0.7678340219560678,0.7784560669402967,0,0.99,14,0.33088779996614903
sigma,6.0,38,56,7437355215441606711,200,1600,8,1021,6.0,8.0,cached,float32,1,0.3326797385620915,119.32600393191085,0.07674656602085399,4.911780225334655,0.7678340219560678,0.7784560669402967,1,1.0,0,0.32846860005520284
sigma,6.0,38,57,11261125360676089227,200,1600,8,1021,6.0,8.0,cached,float32,1,0.3326797385620915,119.32600393191085,0.07674656602085399,4.911780225334655,0.7678340219560678,0.7784560669402967,0,0.985,5,0.3295626000035554
sigma,6.0,38,58,1599560457680787190,200,1600,8,1021,6.0,8.0,cached,float32,1,0.3326797385620915,119.32600393191085,0.07674656602085399,4.911780225334655,0.7678340219560678,0.7784560669402967,1,1.0,0,0.32970110001042485
sigma,6.0,38,59,6953127715656278425,200,1600,8,1021,6.0,8.0,cached,float32,1,0.3326797385620915,119.32600393191085,0.07674656602085399,4.911780225334655,0.7678340219560678,0.7784560669402967,0,0.995,3,0.3331636000657454
sigma,6.0,38,60,8244217805155288268,200,1600,8,1021,6.0,8.0,cached,float32,1,0.3326797385620915,119.32600393191085,0.07674656602085399,4.911780225334655,0.7678340219560678,0.7784560669402967,0,0.99,1,0.3307173999492079
sigma,6.0,38,61,11555446305392381077,200,1600,8,1021,6.0,8.0,cached,float32,1,0.3326797385620915,119.32600393191085,0.07674656602085399,4.911780225334655,0.7678340219560678,0.7784560669402967,0,0.99,8,0.33288909995462745
sigma,6.0,38,62,16112564708326050556,200,1600,8,1021,6.0,8.0,cached,float32,1,0.3326797385620915,119.32600393191085,0.07674656602085399,4.911780225334655,0.7678340219560678,0.7784560669402967,1,1.0,0,0.3279844999779016
sigma,6.0,38,63,2249440448434686202,200,1600,8,1021,6.0,8.0,cached,float32,1,0.3326797385620915,119.32600393191085,0.07674656602085399,4.911780225334655,0.7678340219560678,0.7784560669402967,0,0.965,1,0.33179440000094473
sigma,6.0,38,64,15658978274333696216,200,1600,8,1021,6.0,8.0,cached,float32,1,0.3326797385620915,119.32600393191085,0.07674656602085399,4.911780225334655,0.7678340219560678,0.7784560669402967,0,0.985,1,0.32822879997547716
sigma,6.0,38,65,1409134968946790217,200,1600,8,1021,6.0,8.0,cached,float32,1,0.3326797385620915,119.32600393191085,0.07674656602085399,4.911780225334655,0.7678340219560678,0.7784560669402967,0,0.985,1,0.3300918999593705
sigma,6.0,38,66,13997207192913066813,200,1600,8,1021,6.0,8.0,cached,float32,1,0.3326797385620915,119.32600393191085,0.07674656602085399,4.911780225334655,0.7678340219560678,0.7784560669402967,0,0.985,11,0.32580650004092604
sigma,6.0,38,67,16950055375939935788,200,1600,8,1021,6.0,8.0,cached,float32,1,0.3326797385620915,119.32600393191085,0.07674656602085399,4.911780225334655,0.7678340219560678,0.7784560669402967,0,0.995,2,0.3550643000053242
sigma,6.0,38,68,12730017254634736416,200,1600,8,1021,6.0,8.0,cached,float32,1,0.3326797385620915,119.32600393191085,0.07674656602085399,4.911780225334655,0.7678340219560678,0.7784560669402967,0,0.985,4,0.32717439997941256
sigma,6.0,38,69,8488185601251843539,200,1600,8,1021,6.0,8.0,cached,float32,1,0.3326797385620915,119.32600393191085,0.07674656602085399,4.911780225334655,0.7678340219560678,0.7784560669402967,0,0.98,2,0.3311488999752328
sigma,6.0,38,70,970374288463788304,200,1600,8,1021,6.0,8.0,cached,float32,1,0.3326797385620915,119.32600393191085,0.07674656602085399,4.911780225334655,0.7678340219560678,0.7784560669402967,0,0.99,6,0.33376150007825345
sigma,6.0,38,71,6529595543855243907,200,1600,8,1021,6.0,8.0,cached,float32,1,0.3326797385620915,119.32600393191085,0.07674656602085399,4.911780225334655,0.7678340219560678,0.7784560669402967,0,0.955,1,0.32874939998146147
sigma,6.0,38,72,9955876169476046586,200,1600,8,1021,6.0,8.0,cached,float32,1,0.3326797385620915,119.32600393191085,0.07674656602085399,4.911780225334655,0.7678340219560678,0.7784560669402967,0,0.985,1,0.33188850001897663
sigma,6.0,38,73,1401648036069075089,200,1600,8,1021,6.0,8.0,cached,float32,1,0.3326797385620915,119.32600393191085,0.07674656602085399,4.911780225334655,0.7678340219560678,0.7784560669402967,0,0.975,8,0.3254177999915555
sigma,6.0,38,74,6530261321789635852,200,1600,8,1021,6.0,8.0,cached,float32,1,0.3326797385620915,119.32600393191085,0.07674656602085399,4.911780225334655,0.7678340219560678,0.7784560669402967,0,0.985,4,0.3278562999330461
sigma,6.0,38,75,15611336184333394274,200,1600,8,1021,6.0,8.0,cached,float32,1,0.3326797385620915,119.32600393191085,0.07674656602085399,4.911780225334655,0.7678340219560678,0.7784560669402967,0,0.95,2,0.33261929999571294
sigma,6.0,38,76,12074900440187840064,200,1600,8,1021,6.0,8.0,cached,float32,1,0.3326797385620915,119.32600393191085,0.07674656602085399,4.911780225334655,0.7678340219560678,0.7784560669402967,0,0.99,1,0.33350639999844134
sigma,6.0,38,77,1376220260317959665,200,1600,8,1021,6.0,8.0,cached,float32,1,0.3326797385620915,119.32600393191085,0.07674656602085399,4.911780225334655,0.7678340219560678,0.7784560669402967,0,0.98,13,0.33105959999375045
sigma,6.0,38,78,9762277528152799675,200,1600,8,1021,6.0,8.0,cached,float32,1,0.3326797385620915,119.32600393191085,0.07674656602085399,4.911780225334655,0.7678340219560678,0.7784560669402967,0,0.99,2,0.3302838000236079
sigma,6.0,38,79,13178477306316311697,200,1600,8,1021,6.0,8.0,cached,float32,1,0.3326797385620915,119.32600393191085,0.07674656602085399,4.911780225334655,0.7678340219560678,0.7784560669402967,0,0.985,1,0.3317459000973031
sigma,6.0,38,80,11326700666962162323,200,1600,8,1021,6.0,8.0,cached,float32,1,0.3326797385620915,119.32600393191085,0.07674656602085399,4.911780225334655,0.7678340219560678,0.7784560669402967,0,0.99,13,0.3285901000490412
sigma,6.0,38,81,4767620213010073690,200,1600,8,1021,6.0,8.0,cached,float32,1,0.3326797385620915,119.32600393191085,0.07674656602085399,4.911780225334655,0.7678340219560678,0.7784560669402967,1,1.0,0,0.3265140999574214
sigma,6.0,38,82,16742931576736936574,200,1600,8,1021,6.0,8.0,cached,float32,1,0.3326797385620915,119.32600393191085,0.07674656602085399,4.911780225334655,0.7678340219560678,0.7784560669402967,0,0.97,1,0.3273431999841705
sigma,6.0,38,83,11390004503505044545,200,1600,8,1021,6.0,8.0,cached,float32,1,0.3326797385620915,119.32600393191085,0.07674656602085399,4.911780225334655,0.7678340219560678,0.7784560669402967,1,1.0,0,0.32887440000195056
sigma,6.0,38,84,6664373121392445591,200,1600,8,1021,6.0,8.0,cached,float32,1,0.3326797385620915,119.32600393191085,0.07674656602085399,4.911780225334655,0.7678340219560678,0.7784560669402967,0,0.995,5,0.3282723999582231
sigma,6.0,38,85,1666200765857298852,200,1600,8,1021,6.0,8.0,cached,float32,1,0.3326797385620915,119.32600393191085,0.07674656602085399,4.911780225334655,0.7678340219560678,0.7784560669402967,0,0.99,4,0.3304910999722779
sigma,6.0,38,86,3664542427354841755,200,1600,8,1021,6.0,8.0,cached,float32,1,0.3326797385620915,119.32600393191085,0.07674656602085399,4.911780225334655,0.7678340219560678,0.7784560669402967,0,0.965,1,0.3308214999269694
sigma,6.0,38,87,17394516644955997350,200,1600,8,1021,6.0,8.0,cached,float32,1,0.3326797385620915,119.32600393191085,0.07674656602085399,4.911780225334655,0.7678340219560678,0.7784560669402967,0,0.995,21,0.3363582999445498
sigma,6.0,38,88,17633153049831851787,200,1600,8,1021,6.0,8.0,cached,float32,1,0.3326797385620915,119.32600393191085,0.07674656602085399,4.911780225334655,0.7678340219560678,0.7784560669402967,0,0.99,7,0.33670620003249496
sigma,6.0,38,89,5195265225687552777,200,1600,8,1021,6.0,8.0,cached,float32,1,0.3326797385620915,119.32600393191085,0.07674656602085399,4.911780225334655,0.7678340219560678,0.7784560669402967,0,0.98,1,0.35786640003789216
sigma,6.0,38,90,9427425075980509998,200,1600,8,1021,6.0,8.0,cached,float32,1,0.3326797385620915,119.32600393191085,0.07674656602085399,4.911780225334655,0.7678340219560678,0.7784560669402967,0,0.995,9,0.33258150005713105
sigma,6.0,38,91,2249373322245205919,200,1600,8,1021,6.0,8.0,cached,float32,1,0.3326797385620915,119.32600393191085,0.07674656602085399,4.911780225334655,0.7678340219560678,0.7784560669402967,0,0.985,2,0.3285811999812722
sigma,6.0,38,92,16746231863398905333,200,1600,8,1021,6.0,8.0,cached,float32,1,0.3326797385620915,119.32600393191085,0.07674656602085399,4.911780225334655,0.7678340219560678,0.7784560669402967,0,0.99,11,0.32880589994601905
sigma,6.0,38,93,6967210537083892547,200,1600,8,1021,6.0,8.0,cached,float32,1,0.3326797385620915,119.32600393191085,0.07674656602085399,4.911780225334655,0.7678340219560678,0.7784560669402967,0,0.995,5,0.3307704998878762
sigma,6.0,38,94,821621966617613499,200,1600,8,1021,6.0,8.0,cached,float32,1,0.3326797385620915,119.32600393191085,0.07674656602085399,4.911780225334655,0.7678340219560678,0.7784560669402967,0,0.965,6,0.32760409999173135
sigma,6.0,38,95,16319041900507627272,200,1600,8,1021,6.0,8.0,cached,float32,1,0.3326797385620915,119.32600393191085,0.07674656602085399,4.911780225334655,0.7678340219560678,0.7784560669402967,0,0.985,2,0.3268750000279397
sigma,6.0,38,96,16744413661676228006,200,1600,8,1021,6.0,8.0,cached,float32,1,0.3326797385620915,119.32600393191085,0.07674656602085399,4.911780225334655,0.7678340219560678,0.7784560669402967,0,0.99,6,0.3284245999529958
sigma,6.0,38,97,1312478394259840743,200,1600,8,1021,6.0,8.0,cached,float32,1,0.3326797385620915,119.32600393191085,0.07674656602085399,4.911780225334655,0.7678340219560678,0.7784560669402967,0,0.985,4,0.3335862000240013
sigma,6.0,38,98,5892258880113829245,200,1600,8,1021,6.0,8.0,cached,float32,1,0.3326797385620915,119.32600393191085,0.07674656602085399,4.911780225334655,0.7678340219560678,0.7784560669402967,0,0.98,2,0.3288215999491513
sigma,6.0,38,99,10026382958959709651,200,1600,8,1021,6.0,8.0,cached,float32,1,0.3326797385620915,119.32600393191085,0.07674656602085399,4.911780225334655,0.7678340219560678,0.7784560669402967,1,1.0,0,0.33717029995750636
sigma,8.0,39,0,15037564659725097828,200,1600,8,1021,8.0,8.0,cached,float32,1,0.3326797385620915,89.24450294893313,0.05755992451564049,3.683835169000991,0.5758755164670507,0.5838420502052225,0,0.97,1,0.3357119000284001
sigma,8.0,39,1,10200110333682678390,200,1600,8,1021,8.0,8.0,cached,float32,1,0.3326797385620915,89.24450294893313,0.05755992451564049,3.683835169000991,0.5758755164670507,0.5838420502052225,0,0.97,3,0.3327005999162793
sigma,8.0,39,2,13431622790747916659,200,1600,8,1021,8.0,8.0,cached,float32,1,0.3326797385620915,89.24450294893313,0.05755992451564049,3.683835169000991,0.5758755164670507,0.5838420502052225,0,0.985,7,0.33199930004775524
sigma,8.0,39,3,7012820077189089645,200,1600,8,1021,8.0,8.0,cached,float32,1,0.3326797385620915,89.24450294893313,0.05755992451564049,3.683835169000991,0.5758755164670507,0.5838420502052225,0,0.99,2,0.32764390006195754
sigma,8.0,39,4,11269220609597924349,200,1600,8,1021,8.0,8.0,cached,float32,1,0.3326797385620915,89.24450294893313,0.05755992451564049,3.683835169000991,0.5758755164670507,0.5838420502052225,0,0.98,2,0.33199769991915673
sigma,8.0,39,5,2630596844889538406,200,1600,8,1021,8.0,8.0,cached,float32,1,0.3326797385620915,89.24450294893313,0.05755992451564049,3.683835169000991,0.5758755164670507,0.5838420502052225,0,0.985,1,0.3325513999443501
sigma,8.0,39,6,7535889471267019475,200,1600,8,1021,8.0,8.0,cached,float32,1,0.3326797385620915,89.24450294893313,0.05755992451564049,3.683835169000991,0.5758755164670507,0.5838420502052225,0,0.955,1,0.33313300006557256
sigma,8.0,39,7,13932209479496016898,200,1600,8,1021,8.0,8.0,cached,float32,1,0.3326797385620915,89.24450294893313,0.05755992451564049,3.683835169000991,0.5758755164670507,0.5838420502052225,0,0.98,1,0.3354316999902949
sigma,8.0,39,8,7053870210944496878,200,1600,8,1021,8.0,8.0,cached,float32,1,0.3326797385620915,89.24450294893313,0.05755992451564049,3.683835169000991,0.5758755164670507,0.5838420502052225,0,0.975,1,0.32804319995921105
sigma,8.0,39,9,12134198778090163891,200,1600,8,1021,8.0,8.0,cached,float32,1,0.3326797385620915,89.24450294893313,0.05755992451564049,3.683835169000991,0.5758755164670507,0.5838420502052225,0,0.925,2,0.3282979999203235
sigma,8.0,39,10,18363798904824292773,200,1600,8,1021,8.0,8.0,cached,float32,1,0.3326797385620915,89.24450294893313,0.05755992451564049,3.683835169000991,0.5758755164670507,0.5838420502052225,0,0.995,11,0.332394800032489
sigma,8.0,39,11,3157162411985334293,200,1600,8,1021,8.0,8.0,cached,float32,1,0.3326797385620915,89.24450294893313,0.05755992451564049,3.683835169000991,0.5758755164670507,0.5838420502052225,0,0.975,3,0.3574149999767542
sigma,8.0,39,12,1085001669710061236,200,1600,8,1021,8.0,8.0,cached,float32,1,0.3326797385620915,89.24450294893313,0.05755992451564049,3.683835169000991,0.5758755164670507,0.5838420502052225,0,0.96,2,0.3359966999851167
sigma,8.0,39,13,13364048740614435317,200,1600,8,1021,8.0,8.0,cached,float32,1,0.3326797385620915,89.24450294893313,0.05755992451564049,3.683835169000991,0.5758755164670507,0.5838420502052225,0,0.905,1,0.3345833000494167
sigma,8.0,39,14,13309089026058764181,200,1600,8,1021,8.0,8.0,cached,float32,1,0.3326797385620915,89.24450294893313,0.05755992451564049,3.683835169000991,0.5758755164670507,0.5838420502052225,0,0.96,3,0.32957629999145865
sigma,8.0,39,15,2325258038329016547,200,1600,8,1021,8.0,8.0,cached,float32,1,0.3326797385620915,89.24450294893313,0.05755992451564049,3.683835169000991,0.5758755164670507,0.5838420502052225,0,0.935,2,0.3337067000102252
sigma,8.0,39,16,6339890514189308380,200,1600,8,1021,8.0,8.0,cached,float32,1,0.3326797385620915,89.24450294893313,0.05755992451564049,3.683835169000991,0.5758755164670507,0.5838420502052225,0,0.99,10,0.3290374999633059
sigma,8.0,39,17,14964611837130645437,200,1600,8,1021,8.0,8.0,cached,float32,1,0.3326797385620915,89.24450294893313,0.05755992451564049,3.683835169000991,0.5758755164670507,0.5838420502052225,0,0.99,13,0.3307179999537766
sigma,8.0,39,18,4427867224839891418,200,1600,8,1021,8.0,8.0,cached,float32,1,0.3326797385620915,89.24450294893313,0.05755992451564049,3.683835169000991,0.5758755164670507,0.5838420502052225,0,0.99,4,0.331923000048846
sigma,8.0,39,19,5699319071244751627,200,1600,8,1021,8.0,8.0,cached,float32,1,0.3326797385620915,89.24450294893313,0.05755992451564049,3.683835169000991,0.5758755164670507,0.5838420502052225,0,0.985,5,0.32482839992735535
sigma,8.0,39,20,4856829616210362099,200,1600,8,1021,8.0,8.0,cached,float32,1,0.3326797385620915,89.24450294893313,0.05755992451564049,3.683835169000991,0.5758755164670507,0.5838420502052225,0,0.98,2,0.3327805999433622
sigma,8.0,39,21,6189702932334036577,200,1600,8,1021,8.0,8.0,cached,float32,1,0.3326797385620915,89.24450294893313,0.05755992451564049,3.683835169000991,0.5758755164670507,0.5838420502052225,0,0.995,14,0.3308732999721542
sigma,8.0,39,22,5206486735287507142,200,1600,8,1021,8.0,8.0,cached,float32,1,0.3326797385620915,89.24450294893313,0.05755992451564049,3.683835169000991,0.5758755164670507,0.5838420502052225,0,0.865,1,0.33216499991249293
sigma,8.0,39,23,4349892195610690001,200,1600,8,1021,8.0,8.0,cached,float32,1,0.3326797385620915,89.24450294893313,0.05755992451564049,3.683835169000991,0.5758755164670507,0.5838420502052225,0,0.99,4,0.3318130999105051
sigma,8.0,39,24,1708609333097972350,200,1600,8,1021,8.0,8.0,cached,float32,1,0.3326797385620915,89.24450294893313,0.05755992451564049,3.683835169000991,0.5758755164670507,0.5838420502052225,0,0.925,1,0.33824909990653396
sigma,8.0,39,25,14732722344546885198,200,1600,8,1021,8.0,8.0,cached,float32,1,0.3326797385620915,89.24450294893313,0.05755992451564049,3.683835169000991,0.5758755164670507,0.5838420502052225,0,0.975,4,0.3335518999956548
sigma,8.0,39,26,17366299391686226180,200,1600,8,1021,8.0,8.0,cached,float32,1,0.3326797385620915,89.24450294893313,0.05755992451564049,3.683835169000991,0.5758755164670507,0.5838420502052225,0,0.995,8,0.3294188000727445
sigma,8.0,39,27,15329424129719775144,200,1600,8,1021,8.0,8.0,cached,float32,1,0.3326797385620915,89.24450294893313,0.05755992451564049,3.683835169000991,0.5758755164670507,0.5838420502052225,0,0.98,7,0.33400239993352443
sigma,8.0,39,28,3193228302545843193,200,1600,8,1021,8.0,8.0,cached,float32,1,0.3326797385620915,89.24450294893313,0.05755992451564049,3.683835169000991,0.5758755164670507,0.5838420502052225,0,0.99,2,0.3339265000540763
sigma,8.0,39,29,3412421052682784482,200,1600,8,1021,8.0,8.0,cached,float32,1,0.3326797385620915,89.24450294893313,0.05755992451564049,3.683835169000991,0.5758755164670507,0.5838420502052225,0,0.985,6,0.3281078999862075
sigma,8.0,39,30,1224085797165958480,200,1600,8,1021,8.0,8.0,cached,float32,1,0.3326797385620915,89.24450294893313,0.05755992451564049,3.683835169000991,0.5758755164670507,0.5838420502052225,1,1.0,0,0.32976090000011027
sigma,8.0,39,31,16451579263321950805,200,1600,8,1021,8.0,8.0,cached,float32,1,0.3326797385620915,89.24450294893313,0.05755992451564049,3.683835169000991,0.5758755164670507,0.5838420502052225,0,0.995,12,0.32756100001279265
sigma,8.0,39,32,5508639640762464173,200,1600,8,1021,8.0,8.0,cached,float32,1,0.3326797385620915,89.24450294893313,0.05755992451564049,3.683835169000991,0.5758755164670507,0.5838420502052225,0,0.99,8,0.35603489994537085
sigma,8.0,39,33,15571850807883249673,200,1600,8,1021,8.0,8.0,cached,float32,1,0.3326797385620915,89.24450294893313,0.05755992451564049,3.683835169000991,0.5758755164670507,0.5838420502052225,1,1.0,0,0.3352608000859618
sigma,8.0,39,34,283751700040594436,200,1600,8,1021,8.0,8.0,cached,float32,1,0.3326797385620915,89.24450294893313,0.05755992451564049,3.683835169000991,0.5758755164670507,0.5838420502052225,0,0.985,5,0.3296577000292018
sigma,8.0,39,35,7741954651007359838,200,1600,8,1021,8.0,8.0,cached,float32,1,0.3326797385620915,89.24450294893313,0.05755992451564049,3.683835169000991,0.5758755164670507,0.5838420502052225,0,0.97,6,0.3318112000124529
sigma,8.0,39,36,18200486794128389600,200,1600,8,1021,8.0,8.0,cached,float32,1,0.3326797385620915,89.24450294893313,0.05755992451564049,3.683835169000991,0.5758755164670507,0.5838420502052225,0,0.99,3,0.3305618000449613
sigma,8.0,39,37,13880052901171104237,200,1600,8,1021,8.0,8.0,cached,float32,1,0.3326797385620915,89.24450294893313,0.05755992451564049,3.683835169000991,0.5758755164670507,0.5838420502052225,0,0.965,1,0.32841860002372414
sigma,8.0,39,38,11170469439652033249,200,1600,8,1021,8.0,8.0,cached,float32,1,0.3326797385620915,89.24450294893313,0.05755992451564049,3.683835169000991,0.5758755164670507,0.5838420502052225,1,1.0,0,0.3290043999440968
sigma,8.0,39,39,3651380743928882321,200,1600,8,1021,8.0,8.0,cached,float32,1,0.3326797385620915,89.24450294893313,0.05755992451564049,3.683835169000991,0.5758755164670507,0.5838420502052225,0,0.995,14,0.32877839996945113
sigma,8.0,39,40,1007178532950803029,200,1600,8,1021,8.0,8.0,cached,float32,1,0.3326797385620915,89.24450294893313,0.05755992451564049,3.683835169000991,0.5758755164670507,0.5838420502052225,0,0.98,2,0.3298357999883592
sigma,8.0,39,41,10530858270247399163,200,1600,8,1021,8.0,8.0,cached,float32,1,0.3326797385620915,89.24450294893313,0.05755992451564049,3.683835169000991,0.5758755164670507,0.5838420502052225,0,0.985,10,0.3279566999990493
sigma,8.0,39,42,14106886625766989511,200,1600,8,1021,8.0,8.0,cached,float32,1,0.3326797385620915,89.24450294893313,0.05755992451564049,3.683835169000991,0.5758755164670507,0.5838420502052225,0,0.945,5,0.3315272000618279
sigma,8.0,39,43,2623577213966349257,200,1600,8,1021,8.0,8.0,cached,float32,1,0.3326797385620915,89.24450294893313,0.05755992451564049,3.683835169000991,0.5758755164670507,0.5838420502052225,0,0.965,1,0.3307714000111446
sigma,8.0,39,44,15232845561785872531,200,1600,8,1021,8.0,8.0,cached,float32,1,0.3326797385620915,89.24450294893313,0.05755992451564049,3.683835169000991,0.5758755164670507,0.5838420502052225,0,0.95,3,0.3280613999813795
sigma,8.0,39,45,8381397323713309848,200,1600,8,1021,8.0,8.0,cached,float32,1,0.3326797385620915,89.24450294893313,0.05755992451564049,3.683835169000991,0.5758755164670507,0.5838420502052225,0,0.995,9,0.3327702000970021
sigma,8.0,39,46,12906682935509758671,200,1600,8,1021,8.0,8.0,cached,float32,1,0.3326797385620915,89.24450294893313,0.05755992451564049,3.683835169000991,0.5758755164670507,0.5838420502052225,0,0.925,3,0.33348040003329515
sigma,8.0,39,47,10887645651414141149,200,1600,8,1021,8.0,8.0,cached,float32,1,0.3326797385620915,89.24450294893313,0.05755992451564049,3.683835169000991,0.5758755164670507,0.5838420502052225,0,0.985,5,0.33070400008000433
sigma,8.0,39,48,10929805288259692013,200,1600,8,1021,8.0,8.0,cached,float32,1,0.3326797385620915,89.24450294893313,0.05755992451564049,3.683835169000991,0.5758755164670507,0.5838420502052225,0,0.96,4,0.3292381999781355
sigma,8.0,39,49,16589884165759039578,200,1600,8,1021,8.0,8.0,cached,float32,1,0.3326797385620915,89.24450294893313,0.05755992451564049,3.683835169000991,0.5758755164670507,0.5838420502052225,0,0.985,3,0.32803119998425245
sigma,8.0,39,50,17250726032400817491,200,1600,8,1021,8.0,8.0,cached,float32,1,0.3326797385620915,89.24450294893313,0.05755992451564049,3.683835169000991,0.5758755164670507,0.5838420502052225,0,0.995,8,0.33307890000287443
sigma,8.0,39,51,4862876398550813322,200,1600,8,1021,8.0,8.0,cached,float32,1,0.3326797385620915,89.24450294893313,0.05755992451564049,3.683835169000991,0.5758755164670507,0.5838420502052225,0,0.98,2,0.3353692999808118
sigma,8.0,39,52,17462949847584583502,200,1600,8,1021,8.0,8.0,cached,float32,1,0.3326797385620915,89.24450294893313,0.05755992451564049,3.683835169000991,0.5758755164670507,0.5838420502052225,0,0.98,3,0.3279769999207929
sigma,8.0,39,53,2795457791014118837,200,1600,8,1021,8.0,8.0,cached,float32,1,0.3326797385620915,89.24450294893313,0.05755992451564049,3.683835169000991,0.5758755164670507,0.5838420502052225,0,0.985,2,0.3371957999188453
sigma,8.0,39,54,18106495331209770060,200,1600,8,1021,8.0,8.0,cached,float32,1,0.3326797385620915,89.24450294893313,0.05755992451564049,3.683835169000991,0.5758755164670507,0.5838420502052225,0,0.99,4,0.365089200087823
sigma,8.0,39,55,14422141105184263056,200,1600,8,1021,8.0,8.0,cached,float32,1,0.3326797385620915,89.24450294893313,0.05755992451564049,3.683835169000991,0.5758755164670507,0.5838420502052225,0,0.97,2,0.3291580999502912
sigma,8.0,39,56,9423781629938540152,200,1600,8,1021,8.0,8.0,cached,float32,1,0.3326797385620915,89.24450294893313,0.05755992451564049,3.683835169000991,0.5758755164670507,0.5838420502052225,0,0.965,6,0.3345413999632001
sigma,8.0,39,57,13218813300268578817,200,1600,8,1021,8.0,8.0,cached,float32,1,0.3326797385620915,89.24450294893313,0.05755992451564049,3.683835169000991,0.5758755164670507,0.5838420502052225,0,0.995,5,0.33224529994186014
sigma,8.0,39,58,1204844495969805209,200,1600,8,1021,8.0,8.0,cached,float32,1,0.3326797385620915,89.24450294893313,0.05755992451564049,3.683835169000991,0.5758755164670507,0.5838420502052225,1,1.0,0,0.3304489000001922
sigma,8.0,39,59,2260297712193919910,200,1600,8,1021,8.0,8.0,cached,float32,1,0.3326797385620915,89.24450294893313,0.05755992451564049,3.683835169000991,0.5758755164670507,0.5838420502052225,0,0.955,1,0.3300288999453187
sigma,8.0,39,60,14500289789222132636,200,1600,8,1021,8.0,8.0,cached,float32,1,0.3326797385620915,89.24450294893313,0.05755992451564049,3.683835169000991,0.5758755164670507,0.5838420502052225,0,0.965,5,0.33827910001855344
sigma,8.0,39,61,4050486602728161892,200,1600,8,1021,8.0,8.0,cached,float32,1,0.3326797385620915,89.24450294893313,0.05755992451564049,3.683835169000991,0.5758755164670507,0.5838420502052225,0,0.98,8,0.32517940003890544
sigma,8.0,39,62,13435913822530493984,200,1600,8,1021,8.0,8.0,cached,float32,1,0.3326797385620915,89.24450294893313,0.05755992451564049,3.683835169000991,0.5758755164670507,0.5838420502052225,0,0.975,7,0.327071400010027
sigma,8.0,39,63,17474571088794793923,200,1600,8,1021,8.0,8.0,cached,float32,1,0.3326797385620915,89.24450294893313,0.05755992451564049,3.683835169000991,0.5758755164670507,0.5838420502052225,0,0.98,1,0.32766770001035184
sigma,8.0,39,64,6600971841600378932,200,1600,8,1021,8.0,8.0,cached,float32,1,0.3326797385620915,89.24450294893313,0.05755992451564049,3.683835169000991,0.5758755164670507,0.5838420502052225,0,0.97,11,0.3289598999544978
sigma,8.0,39,65,4526207055609981640,200,1600,8,1021,8.0,8.0,cached,float32,1,0.3326797385620915,89.24450294893313,0.05755992451564049,3.683835169000991,0.5758755164670507,0.5838420502052225,0,0.97,2,0.3300802999874577
sigma,8.0,39,66,16501861038568799837,200,1600,8,1021,8.0,8.0,cached,float32,1,0.3326797385620915,89.24450294893313,0.05755992451564049,3.683835169000991,0.5758755164670507,0.5838420502052225,0,0.995,17,0.3282451000995934
sigma,8.0,39,67,14737702704765000584,200,1600,8,1021,8.0,8.0,cached,float32,1,0.3326797385620915,89.24450294893313,0.05755992451564049,3.683835169000991,0.5758755164670507,0.5838420502052225,0,0.935,2,0.33115029998589307
sigma,8.0,39,68,18241294988560504890,200,1600,8,1021,8.0,8.0,cached,float32,1,0.3326797385620915,89.24450294893313,0.05755992451564049,3.683835169000991,0.5758755164670507,0.5838420502052225,0,0.98,4,0.3318676999770105
sigma,8.0,39,69,5251008378781899366,200,1600,8,1021,8.0,8.0,cached,float32,1,0.3326797385620915,89.24450294893313,0.05755992451564049,3.683835169000991,0.5758755164670507,0.5838420502052225,0,0.975,1,0.3376772999763489
sigma,8.0,39,70,8005183541930203927,200,1600,8,1021,8.0,8.0,cached,float32,1,0.3326797385620915,89.24450294893313,0.05755992451564049,3.683835169000991,0.5758755164670507,0.5838420502052225,0,0.96,1,0.3337478000903502
sigma,8.0,39,71,10397239601984850028,200,1600,8,1021,8.0,8.0,cached,float32,1,0.3326797385620915,89.24450294893313,0.05755992451564049,3.683835169000991,0.5758755164670507,0.5838420502052225,0,0.935,5,0.34295289998408407
sigma,8.0,39,72,14291149816784715959,200,1600,8,1021,8.0,8.0,cached,float32,1,0.3326797385620915,89.24450294893313,0.05755992451564049,3.683835169000991,0.5758755164670507,0.5838420502052225,0,0.99,13,0.3329040000680834
sigma,8.0,39,73,13546694749975501961,200,1600,8,1021,8.0,8.0,cached,float32,1,0.3326797385620915,89.24450294893313,0.05755992451564049,3.683835169000991,0.5758755164670507,0.5838420502052225,0,0.99,1,0.32778580009471625
sigma,8.0,39,74,6186644036429439722,200,1600,8,1021,8.0,8.0,cached,float32,1,0.3326797385620915,89.24450294893313,0.05755992451564049,3.683835169000991,0.5758755164670507,0.5838420502052225,0,0.99,13,0.3575182999484241
sigma,8.0,39,75,5796226769248209214,200,1600,8,1021,8.0,8.0,cached,float32,1,0.3326797385620915,89.24450294893313,0.05755992451564049,3.683835169000991,0.5758755164670507,0.5838420502052225,0,0.995,8,0.34358200000133365
sigma,8.0,39,76,15639860752950872784,200,1600,8,1021,8.0,8.0,cached,float32,1,0.3326797385620915,89.24450294893313,0.05755992451564049,3.683835169000991,0.5758755164670507,0.5838420502052225,0,0.995,18,0.3605542000150308
sigma,8.0,39,77,6508376784329436487,200,1600,8,1021,8.0,8.0,cached,float32,1,0.3326797385620915,89.24450294893313,0.05755992451564049,3.683835169000991,0.5758755164670507,0.5838420502052225,1,1.0,0,0.3354544999310747
sigma,8.0,39,78,16509853881448433348,200,1600,8,1021,8.0,8.0,cached,float32,1,0.3326797385620915,89.24450294893313,0.05755992451564049,3.683835169000991,0.5758755164670507,0.5838420502052225,0,0.955,2,0.3448141000699252
sigma,8.0,39,79,7154364009719158126,200,1600,8,1021,8.0,8.0,cached,float32,1,0.3326797385620915,89.24450294893313,0.05755992451564049,3.683835169000991,0.5758755164670507,0.5838420502052225,0,0.995,5,0.33708650001790375
sigma,8.0,39,80,1106726030482440768,200,1600,8,1021,8.0,8.0,cached,float32,1,0.3326797385620915,89.24450294893313,0.05755992451564049,3.683835169000991,0.5758755164670507,0.5838420502052225,0,0.975,3,0.3363612999673933
sigma,8.0,39,81,9682818482660358491,200,1600,8,1021,8.0,8.0,cached,float32,1,0.3326797385620915,89.24450294893313,0.05755992451564049,3.683835169000991,0.5758755164670507,0.5838420502052225,0,0.99,7,0.33360929996706545
sigma,8.0,39,82,9687929271906448196,200,1600,8,1021,8.0,8.0,cached,float32,1,0.3326797385620915,89.24450294893313,0.05755992451564049,3.683835169000991,0.5758755164670507,0.5838420502052225,0,0.97,1,0.34509760001674294
sigma,8.0,39,83,16226373611723511568,200,1600,8,1021,8.0,8.0,cached,float32,1,0.3326797385620915,89.24450294893313,0.05755992451564049,3.683835169000991,0.5758755164670507,0.5838420502052225,0,0.94,1,0.3354352000169456
sigma,8.0,39,84,13783305143795920211,200,1600,8,1021,8.0,8.0,cached,float32,1,0.3326797385620915,89.24450294893313,0.05755992451564049,3.683835169000991,0.5758755164670507,0.5838420502052225,0,0.94,1,0.32664850004948676
sigma,8.0,39,85,826057960347341951,200,1600,8,1021,8.0,8.0,cached,float32,1,0.3326797385620915,89.24450294893313,0.05755992451564049,3.683835169000991,0.5758755164670507,0.5838420502052225,0,0.99,3,0.333644500002265
sigma,8.0,39,86,4582153678079823914,200,1600,8,1021,8.0,8.0,cached,float32,1,0.3326797385620915,89.24450294893313,0.05755992451564049,3.683835169000991,0.5758755164670507,0.5838420502052225,0,0.98,3,0.3298626000760123
sigma,8.0,39,87,3985595044389999053,200,1600,8,1021,8.0,8.0,cached,float32,1,0.3326797385620915,89.24450294893313,0.05755992451564049,3.683835169000991,0.5758755164670507,0.5838420502052225,0,0.97,5,0.3311532000079751
sigma,8.0,39,88,6826095754255601546,200,1600,8,1021,8.0,8.0,cached,float32,1,0.3326797385620915,89.24450294893313,0.05755992451564049,3.683835169000991,0.5758755164670507,0.5838420502052225,0,0.955,1,0.34484070003964007
sigma,8.0,39,89,10188489951003706876,200,1600,8,1021,8.0,8.0,cached,float32,1,0.3326797385620915,89.24450294893313,0.05755992451564049,3.683835169000991,0.5758755164670507,0.5838420502052225,0,0.98,1,0.3315850000362843
sigma,8.0,39,90,4744406559899653648,200,1600,8,1021,8.0,8.0,cached,float32,1,0.3326797385620915,89.24450294893313,0.05755992451564049,3.683835169000991,0.5758755164670507,0.5838420502052225,0,0.97,2,0.3306567999534309
sigma,8.0,39,91,11371592350468024861,200,1600,8,1021,8.0,8.0,cached,float32,1,0.3326797385620915,89.24450294893313,0.05755992451564049,3.683835169000991,0.5758755164670507,0.5838420502052225,0,0.99,1,0.3305428000167012
sigma,8.0,39,92,10452867912844638409,200,1600,8,1021,8.0,8.0,cached,float32,1,0.3326797385620915,89.24450294893313,0.05755992451564049,3.683835169000991,0.5758755164670507,0.5838420502052225,0,0.97,9,0.33222640003077686
sigma,8.0,39,93,10653023126907021709,200,1600,8,1021,8.0,8.0,cached,float32,1,0.3326797385620915,89.24450294893313,0.05755992451564049,3.683835169000991,0.5758755164670507,0.5838420502052225,0,0.97,3,0.3306657000211999
sigma,8.0,39,94,16877868983128565848,200,1600,8,1021,8.0,8.0,cached,float32,1,0.3326797385620915,89.24450294893313,0.05755992451564049,3.683835169000991,0.5758755164670507,0.5838420502052225,0,0.95,2,0.33036559994798154
sigma,8.0,39,95,4232372615750247520,200,1600,8,1021,8.0,8.0,cached,float32,1,0.3326797385620915,89.24450294893313,0.05755992451564049,3.683835169000991,0.5758755164670507,0.5838420502052225,0,0.96,2,0.3318174999440089
sigma,8.0,39,96,1619436849747769622,200,1600,8,1021,8.0,8.0,cached,float32,1,0.3326797385620915,89.24450294893313,0.05755992451564049,3.683835169000991,0.5758755164670507,0.5838420502052225,0,0.97,4,0.33110009995289147
sigma,8.0,39,97,5643704441564971727,200,1600,8,1021,8.0,8.0,cached,float32,1,0.3326797385620915,89.24450294893313,0.05755992451564049,3.683835169000991,0.5758755164670507,0.5838420502052225,0,0.985,6,0.32937359996140003
sigma,8.0,39,98,5707566898500177595,200,1600,8,1021,8.0,8.0,cached,float32,1,0.3326797385620915,89.24450294893313,0.05755992451564049,3.683835169000991,0.5758755164670507,0.5838420502052225,0,0.95,1,0.35587790003046393
sigma,8.0,39,99,9904886655315330780,200,1600,8,1021,8.0,8.0,cached,float32,1,0.3326797385620915,89.24450294893313,0.05755992451564049,3.683835169000991,0.5758755164670507,0.5838420502052225,0,0.785,2,0.3375800000503659
sigma,10.0,40,0,12192911153685583606,200,1600,8,1021,10.0,8.0,cached,float32,1,0.3326797385620915,71.1956023591465,0.04604793961251239,2.947068135200793,0.46070041317364063,0.46707364016417796,0,0.955,5,0.3344067999860272
sigma,10.0,40,1,16732508262529406485,200,1600,8,1021,10.0,8.0,cached,float32,1,0.3326797385620915,71.1956023591465,0.04604793961251239,2.947068135200793,0.46070041317364063,0.46707364016417796,0,0.755,1,0.33592480001971126
sigma,10.0,40,2,7484101834863897302,200,1600,8,1021,10.0,8.0,cached,float32,1,0.3326797385620915,71.1956023591465,0.04604793961251239,2.947068135200793,0.46070041317364063,0.46707364016417796,0,0.945,8,0.3433646000921726
sigma,10.0,40,3,14843325242206303218,200,1600,8,1021,10.0,8.0,cached,float32,1,0.3326797385620915,71.1956023591465,0.04604793961251239,2.947068135200793,0.46070041317364063,0.46707364016417796,0,0.87,2,0.3442724000196904
sigma,10.0,40,4,8130522098965365095,200,1600,8,1021,10.0,8.0,cached,float32,1,0.3326797385620915,71.1956023591465,0.04604793961251239,2.947068135200793,0.46070041317364063,0.46707364016417796,0,0.97,2,0.33875989995431155
sigma,10.0,40,5,11887544824708988758,200,1600,8,1021,10.0,8.0,cached,float32,1,0.3326797385620915,71.1956023591465,0.04604793961251239,2.947068135200793,0.46070041317364063,0.46707364016417796,0,0.98,3,0.34102699998766184
sigma,10.0,40,6,4269657351995079356,200,1600,8,1021,10.0,8.0,cached,float32,1,0.3326797385620915,71.1956023591465,0.04604793961251239,2.947068135200793,0.46070041317364063,0.46707364016417796,0,0.975,1,0.3394470999483019
sigma,10.0,40,7,10584926794243358703,200,1600,8,1021,10.0,8.0,cached,float32,1,0.3326797385620915,71.1956023591465,0.04604793961251239,2.947068135200793,0.46070041317364063,0.46707364016417796,0,0.97,2,0.33327349997125566
sigma,10.0,40,8,4490476621294850744,200,1600,8,1021,10.0,8.0,cached,float32,1,0.3326797385620915,71.1956023591465,0.04604793961251239,2.947068135200793,0.46070041317364063,0.46707364016417796,0,0.88,1,0.33483159996103495
sigma,10.0,40,9,11304212666255441485,200,1600,8,1021,10.0,8.0,cached,float32,1,0.3326797385620915,71.1956023591465,0.04604793961251239,2.947068135200793,0.46070041317364063,0.46707364016417796,0,0.975,1,0.33624740003142506
sigma,10.0,40,10,2462416388879542538,200,1600,8,1021,10.0,8.0,cached,float32,1,0.3326797385620915,71.1956023591465,0.04604793961251239,2.947068135200793,0.46070041317364063,0.46707364016417796,0,0.875,1,0.3312237000791356
sigma,10.0,40,11,2540581640792373372,200,1600,8,1021,10.0,8.0,cached,float32,1,0.3326797385620915,71.1956023591465,0.04604793961251239,2.947068135200793,0.46070041317364063,0.46707364016417796,0,0.945,3,0.3264780000317842
sigma,10.0,40,12,15574259672344662014,200,1600,8,1021,10.0,8.0,cached,float32,1,0.3326797385620915,71.1956023591465,0.04604793961251239,2.947068135200793,0.46070041317364063,0.46707364016417796,0,0.965,6,0.3268863999983296
sigma,10.0,40,13,5869928587015305378,200,1600,8,1021,10.0,8.0,cached,float32,1,0.3326797385620915,71.1956023591465,0.04604793961251239,2.947068135200793,0.46070041317364063,0.46707364016417796,0,0.965,4,0.332034399965778
sigma,10.0,40,14,14935635780253789437,200,1600,8,1021,10.0,8.0,cached,float32,1,0.3326797385620915,71.1956023591465,0.04604793961251239,2.947068135200793,0.46070041317364063,0.46707364016417796,0,0.94,3,0.32682249997742474
sigma,10.0,40,15,3145074272887014710,200,1600,8,1021,10.0,8.0,cached,float32,1,0.3326797385620915,71.1956023591465,0.04604793961251239,2.947068135200793,0.46070041317364063,0.46707364016417796,0,0.975,2,0.33627039997372776
sigma,10.0,40,16,10978591463852542741,200,1600,8,1021,10.0,8.0,cached,float32,1,0.3326797385620915,71.1956023591465,0.04604793961251239,2.947068135200793,0.46070041317364063,0.46707364016417796,0,0.975,5,0.33014690002892166
sigma,10.0,40,17,16746124996068762576,200,1600,8,1021,10.0,8.0,cached,float32,1,0.3326797385620915,71.1956023591465,0.04604793961251239,2.947068135200793,0.46070041317364063,0.46707364016417796,0,0.98,5,0.3294525999808684
sigma,10.0,40,18,10308369725966707877,200,1600,8,1021,10.0,8.0,cached,float32,1,0.3326797385620915,71.1956023591465,0.04604793961251239,2.947068135200793,0.46070041317364063,0.46707364016417796,0,0.915,3,0.3331533999880776
sigma,10.0,40,19,1356079442873182030,200,1600,8,1021,10.0,8.0,cached,float32,1,0.3326797385620915,71.1956023591465,0.04604793961251239,2.947068135200793,0.46070041317364063,0.46707364016417796,0,0.835,2,0.32648080005310476
sigma,10.0,40,20,2579702178650578204,200,1600,8,1021,10.0,8.0,cached,float32,1,0.3326797385620915,71.1956023591465,0.04604793961251239,2.947068135200793,0.46070041317364063,0.46707364016417796,0,0.9,7,0.3299083000747487
sigma,10.0,40,21,8327949565470427696,200,1600,8,1021,10.0,8.0,cached,float32,1,0.3326797385620915,71.1956023591465,0.04604793961251239,2.947068135200793,0.46070041317364063,0.46707364016417796,0,0.905,2,0.3310513999313116
sigma,10.0,40,22,9382135007578344710,200,1600,8,1021,10.0,8.0,cached,float32,1,0.3326797385620915,71.1956023591465,0.04604793961251239,2.947068135200793,0.46070041317364063,0.46707364016417796,0,0.515,1,0.3319150999886915
sigma,10.0,40,23,9757224558258294132,200,1600,8,1021,10.0,8.0,cached,float32,1,0.3326797385620915,71.1956023591465,0.04604793961251239,2.947068135200793,0.46070041317364063,0.46707364016417796,0,0.86,2,0.34897020005155355
sigma,10.0,40,24,13153572214572158078,200,1600,8,1021,10.0,8.0,cached,float32,1,0.3326797385620915,71.1956023591465,0.04604793961251239,2.947068135200793,0.46070041317364063,0.46707364016417796,0,0.945,9,0.3258961000246927
sigma,10.0,40,25,7739315944807465759,200,1600,8,1021,10.0,8.0,cached,float32,1,0.3326797385620915,71.1956023591465,0.04604793961251239,2.947068135200793,0.46070041317364063,0.46707364016417796,0,0.96,3,0.33041459997184575
sigma,10.0,40,26,15796571558604821411,200,1600,8,1021,10.0,8.0,cached,float32,1,0.3326797385620915,71.1956023591465,0.04604793961251239,2.947068135200793,0.46070041317364063,0.46707364016417796,0,0.99,3,0.3284882999723777
sigma,10.0,40,27,599454747714555911,200,1600,8,1021,10.0,8.0,cached,float32,1,0.3326797385620915,71.1956023591465,0.04604793961251239,2.947068135200793,0.46070041317364063,0.46707364016417796,0,0.96,3,0.32990230002906173
sigma,10.0,40,28,8157612305378776051,200,1600,8,1021,10.0,8.0,cached,float32,1,0.3326797385620915,71.1956023591465,0.04604793961251239,2.947068135200793,0.46070041317364063,0.46707364016417796,0,0.975,1,0.3303067999659106
sigma,10.0,40,29,11301397434346759317,200,1600,8,1021,10.0,8.0,cached,float32,1,0.3326797385620915,71.1956023591465,0.04604793961251239,2.947068135200793,0.46070041317364063,0.46707364016417796,0,0.965,1,0.3285565000260249
sigma,10.0,40,30,17404371125756335173,200,1600,8,1021,10.0,8.0,cached,float32,1,0.3326797385620915,71.1956023591465,0.04604793961251239,2.947068135200793,0.46070041317364063,0.46707364016417796,0,0.96,2,0.32952949998434633
sigma,10.0,40,31,4017770301287646621,200,1600,8,1021,10.0,8.0,cached,float32,1,0.3326797385620915,71.1956023591465,0.04604793961251239,2.947068135200793,0.46070041317364063,0.46707364016417796,0,0.96,6,0.33422499999869615
sigma,10.0,40,32,5230643755695127271,200,1600,8,1021,10.0,8.0,cached,float32,1,0.3326797385620915,71.1956023591465,0.04604793961251239,2.947068135200793,0.46070041317364063,0.46707364016417796,0,0.955,2,0.33036299992818385
sigma,10.0,40,33,4380099590708326809,200,1600,8,1021,10.0,8.0,cached,float32,1,0.3326797385620915,71.1956023591465,0.04604793961251239,2.947068135200793,0.46070041317364063,0.46707364016417796,0,0.965,3,0.33371479995548725
sigma,10.0,40,34,3743006751348212051,200,1600,8,1021,10.0,8.0,cached,float32,1,0.3326797385620915,71.1956023591465,0.04604793961251239,2.947068135200793,0.46070041317364063,0.46707364016417796,0,0.965,5,0.33146270003635436
sigma,10.0,40,35,17337559609166699913,200,1600,8,1021,10.0,8.0,cached,float32,1,0.3326797385620915,71.1956023591465,0.04604793961251239,2.947068135200793,0.46070041317364063,0.46707364016417796,0,0.96,5,0.32915420003701
sigma,10.0,40,36,414602699171242049,200,1600,8,1021,10.0,8.0,cached,float32,1,0.3326797385620915,71.1956023591465,0.04604793961251239,2.947068135200793,0.46070041317364063,0.46707364016417796,0,0.955,11,0.3298446999397129
sigma,10.0,40,37,18237795704914284463,200,1600,8,1021,10.0,8.0,cached,float32,1,0.3326797385620915,71.1956023591465,0.04604793961251239,2.947068135200793,0.46070041317364063,0.46707364016417796,0,0.96,4,0.3276324999751523
sigma,10.0,40,38,2061602904191140221,200,1600,8,1021,10.0,8.0,cached,float32,1,0.3326797385620915,71.1956023591465,0.04604793961251239,2.947068135200793,0.46070041317364063,0.46707364016417796,0,0.97,5,0.32711259997449815
sigma,10.0,40,39,6029852229954019627,200,1600,8,1021,10.0,8.0,cached,float32,1,0.3326797385620915,71.1956023591465,0.04604793961251239,2.947068135200793,0.46070041317364063,0.46707364016417796,0,0.975,8,0.33532270009163767
sigma,10.0,40,40,18081458369776598722,200,1600,8,1021,10.0,8.0,cached,float32,1,0.3326797385620915,71.1956023591465,0.04604793961251239,2.947068135200793,0.46070041317364063,0.46707364016417796,0,0.955,1,0.3397135999985039
sigma,10.0,40,41,9151158953215123555,200,1600,8,1021,10.0,8.0,cached,float32,1,0.3326797385620915,71.1956023591465,0.04604793961251239,2.947068135200793,0.46070041317364063,0.46707364016417796,0,0.94,1,0.3352920999750495
sigma,10.0,40,42,4794809442227243325,200,1600,8,1021,10.0,8.0,cached,float32,1,0.3326797385620915,71.1956023591465,0.04604793961251239,2.947068135200793,0.46070041317364063,0.46707364016417796,0,0.97,2,0.3256439999677241
sigma,10.0,40,43,15725668717325472232,200,1600,8,1021,10.0,8.0,cached,float32,1,0.3326797385620915,71.1956023591465,0.04604793961251239,2.947068135200793,0.46070041317364063,0.46707364016417796,0,0.915,5,0.3278518000151962
sigma,10.0,40,44,6881498144381442097,200,1600,8,1021,10.0,8.0,cached,float32,1,0.3326797385620915,71.1956023591465,0.04604793961251239,2.947068135200793,0.46070041317364063,0.46707364016417796,0,0.98,12,0.331976699992083
sigma,10.0,40,45,16281419396434091883,200,1600,8,1021,10.0,8.0,cached,float32,1,0.3326797385620915,71.1956023591465,0.04604793961251239,2.947068135200793,0.46070041317364063,0.46707364016417796,0,0.93,1,0.33251159999053925
sigma,10.0,40,46,2992511186636944601,200,1600,8,1021,10.0,8.0,cached,float32,1,0.3326797385620915,71.1956023591465,0.04604793961251239,2.947068135200793,0.46070041317364063,0.46707364016417796,0,0.97,2,0.32570649997796863
sigma,10.0,40,47,16132061776631771674,200,1600,8,1021,10.0,8.0,cached,float32,1,0.3326797385620915,71.1956023591465,0.04604793961251239,2.947068135200793,0.46070041317364063,0.46707364016417796,0,0.99,21,0.32620030001271516
sigma,10.0,40,48,16485564543729462513,200,1600,8,1021,10.0,8.0,cached,float32,1,0.3326797385620915,71.1956023591465,0.04604793961251239,2.947068135200793,0.46070041317364063,0.46707364016417796,1,1.0,0,0.32737279997672886
sigma,10.0,40,49,15513935586240475798,200,1600,8,1021,10.0,8.0,cached,float32,1,0.3326797385620915,71.1956023591465,0.04604793961251239,2.947068135200793,0.46070041317364063,0.46707364016417796,0,0.99,4,0.334385700058192
sigma,10.0,40,50,5204117579647144637,200,1600,8,1021,10.0,8.0,cached,float32,1,0.3326797385620915,71.1956023591465,0.04604793961251239,2.947068135200793,0.46070041317364063,0.46707364016417796,0,0.835,1,0.33075099997222424
sigma,10.0,40,51,15751681598335032939,200,1600,8,1021,10.0,8.0,cached,float32,1,0.3326797385620915,71.1956023591465,0.04604793961251239,2.947068135200793,0.46070041317364063,0.46707364016417796,0,0.975,4,0.33439700002782047
sigma,10.0,40,52,18148983267733527891,200,1600,8,1021,10.0,8.0,cached,float32,1,0.3326797385620915,71.1956023591465,0.04604793961251239,2.947068135200793,0.46070041317364063,0.46707364016417796,0,0.805,3,0.33147730003111064
sigma,10.0,40,53,1796781628247652882,200,1600,8,1021,10.0,8.0,cached,float32,1,0.3326797385620915,71.1956023591465,0.04604793961251239,2.947068135200793,0.46070041317364063,0.46707364016417796,0,0.98,3,0.33389449992682785
sigma,10.0,40,54,8291391955492506242,200,1600,8,1021,10.0,8.0,cached,float32,1,0.3326797385620915,71.1956023591465,0.04604793961251239,2.947068135200793,0.46070041317364063,0.46707364016417796,0,0.985,8,0.3333093000110239
sigma,10.0,40,55,1124050925812259157,200,1600,8,1021,10.0,8.0,cached,float32,1,0.3326797385620915,71.1956023591465,0.04604793961251239,2.947068135200793,0.46070041317364063,0.46707364016417796,0,0.945,1,0.3261031999718398
sigma,10.0,40,56,7445867741697802310,200,1600,8,1021,10.0,8.0,cached,float32,1,0.3326797385620915,71.1956023591465,0.04604793961251239,2.947068135200793,0.46070041317364063,0.46707364016417796,0,0.97,4,0.33013730007223785
sigma,10.0,40,57,3965350342189807219,200,1600,8,1021,10.0,8.0,cached,float32,1,0.3326797385620915,71.1956023591465,0.04604793961251239,2.947068135200793,0.46070041317364063,0.46707364016417796,0,0.915,1,0.328342100023292
sigma,10.0,40,58,13574904462097775357,200,1600,8,1021,10.0,8.0,cached,float32,1,0.3326797385620915,71.1956023591465,0.04604793961251239,2.947068135200793,0.46070041317364063,0.46707364016417796,0,0.965,1,0.3301117999944836
sigma,10.0,40,59,12392994457072073221,200,1600,8,1021,10.0,8.0,cached,float32,1,0.3326797385620915,71.1956023591465,0.04604793961251239,2.947068135200793,0.46070041317364063,0.46707364016417796,0,0.955,2,0.33647629991173744
sigma,10.0,40,60,670786325273321759,200,1600,8,1021,10.0,8.0,cached,float32,1,0.3326797385620915,71.1956023591465,0.04604793961251239,2.947068135200793,0.46070041317364063,0.46707364016417796,0,0.97,1,0.32913399999961257
sigma,10.0,40,61,3411545742626674374,200,1600,8,1021,10.0,8.0,cached,float32,1,0.3326797385620915,71.1956023591465,0.04604793961251239,2.947068135200793,0.46070041317364063,0.46707364016417796,0,0.955,1,0.3251468000235036
sigma,10.0,40,62,6064843855341990500,200,1600,8,1021,10.0,8.0,cached,float32,1,0.3326797385620915,71.1956023591465,0.04604793961251239,2.947068135200793,0.46070041317364063,0.46707364016417796,1,1.0,0,0.3307458000490442
sigma,10.0,40,63,5333165912331690872,200,1600,8,1021,10.0,8.0,cached,float32,1,0.3326797385620915,71.1956023591465,0.04604793961251239,2.947068135200793,0.46070041317364063,0.46707364016417796,0,0.995,6,0.33079489995725453
sigma,10.0,40,64,3514740437787598159,200,1600,8,1021,10.0,8.0,cached,float32,1,0.3326797385620915,71.1956023591465,0.04604793961251239,2.947068135200793,0.46070041317364063,0.46707364016417796,0,0.995,13,0.32928419997915626
sigma,10.0,40,65,1176272606292600024,200,1600,8,1021,10.0,8.0,cached,float32,1,0.3326797385620915,71.1956023591465,0.04604793961251239,2.947068135200793,0.46070041317364063,0.46707364016417796,0,0.99,9,0.3393465999979526
sigma,10.0,40,66,2845522355145991106,200,1600,8,1021,10.0,8.0,cached,float32,1,0.3326797385620915,71.1956023591465,0.04604793961251239,2.947068135200793,0.46070041317364063,0.46707364016417796,0,0.96,2,0.3277007000287995
sigma,10.0,40,67,15338442998128342711,200,1600,8,1021,10.0,8.0,cached,float32,1,0.3326797385620915,71.1956023591465,0.04604793961251239,2.947068135200793,0.46070041317364063,0.46707364016417796,0,0.915,3,0.3296731000300497
sigma,10.0,40,68,3771919669956129896,200,1600,8,1021,10.0,8.0,cached,float32,1,0.3326797385620915,71.1956023591465,0.04604793961251239,2.947068135200793,0.46070041317364063,0.46707364016417796,0,0.97,2,0.3307043999666348
sigma,10.0,40,69,13851946213127833356,200,1600,8,1021,10.0,8.0,cached,float32,1,0.3326797385620915,71.1956023591465,0.04604793961251239,2.947068135200793,0.46070041317364063,0.46707364016417796,0,0.995,20,0.326328800059855
sigma,10.0,40,70,4669973762821703373,200,1600,8,1021,10.0,8.0,cached,float32,1,0.3326797385620915,71.1956023591465,0.04604793961251239,2.947068135200793,0.46070041317364063,0.46707364016417796,0,0.98,5,0.3312010000227019
sigma,10.0,40,71,1026588920408563296,200,1600,8,1021,10.0,8.0,cached,float32,1,0.3326797385620915,71.1956023591465,0.04604793961251239,2.947068135200793,0.46070041317364063,0.46707364016417796,0,0.875,1,0.3275214999448508
sigma,10.0,40,72,9503444849537194954,200,1600,8,1021,10.0,8.0,cached,float32,1,0.3326797385620915,71.1956023591465,0.04604793961251239,2.947068135200793,0.46070041317364063,0.46707364016417796,0,0.995,24,0.32533290004357696
sigma,10.0,40,73,10105544725224469956,200,1600,8,1021,10.0,8.0,cached,float32,1,0.3326797385620915,71.1956023591465,0.04604793961251239,2.947068135200793,0.46070041317364063,0.46707364016417796,0,0.95,1,0.3282751999795437
sigma,10.0,40,74,8904850214728378997,200,1600,8,1021,10.0,8.0,cached,float32,1,0.3326797385620915,71.1956023591465,0.04604793961251239,2.947068135200793,0.46070041317364063,0.46707364016417796,1,1.0,0,0.32936990004964173
sigma,10.0,40,75,14061624380482589874,200,1600,8,1021,10.0,8.0,cached,float32,1,0.3326797385620915,71.1956023591465,0.04604793961251239,2.947068135200793,0.46070041317364063,0.46707364016417796,0,0.925,3,0.33509340009186417
sigma,10.0,40,76,3132354155123496264,200,1600,8,1021,10.0,8.0,cached,float32,1,0.3326797385620915,71.1956023591465,0.04604793961251239,2.947068135200793,0.46070041317364063,0.46707364016417796,0,0.945,3,0.33549700002186
sigma,10.0,40,77,8327977779317957624,200,1600,8,1021,10.0,8.0,cached,float32,1,0.3326797385620915,71.1956023591465,0.04604793961251239,2.947068135200793,0.46070041317364063,0.46707364016417796,0,0.93,2,0.34276949998456985
sigma,10.0,40,78,639300397551346607,200,1600,8,1021,10.0,8.0,cached,float32,1,0.3326797385620915,71.1956023591465,0.04604793961251239,2.947068135200793,0.46070041317364063,0.46707364016417796,0,0.99,12,0.3300606000702828
sigma,10.0,40,79,13708570165928592609,200,1600,8,1021,10.0,8.0,cached,float32,1,0.3326797385620915,71.1956023591465,0.04604793961251239,2.947068135200793,0.46070041317364063,0.46707364016417796,0,0.96,1,0.3328733000671491
sigma,10.0,40,80,8299360826355843052,200,1600,8,1021,10.0,8.0,cached,float32,1,0.3326797385620915,71.1956023591465,0.04604793961251239,2.947068135200793,0.46070041317364063,0.46707364016417796,0,0.955,2,0.33484600007068366
sigma,10.0,40,81,10753119676242575416,200,1600,8,1021,10.0,8.0,cached,float32,1,0.3326797385620915,71.1956023591465,0.04604793961251239,2.947068135200793,0.46070041317364063,0.46707364016417796,0,0.97,7,0.32991049997508526
sigma,10.0,40,82,12943823965685778515,200,1600,8,1021,10.0,8.0,cached,float32,1,0.3326797385620915,71.1956023591465,0.04604793961251239,2.947068135200793,0.46070041317364063,0.46707364016417796,0,0.985,20,0.328246199991554
sigma,10.0,40,83,6210918251760753718,200,1600,8,1021,10.0,8.0,cached,float32,1,0.3326797385620915,71.1956023591465,0.04604793961251239,2.947068135200793,0.46070041317364063,0.46707364016417796,0,0.81,7,0.3271348000271246
sigma,10.0,40,84,8625900612075892546,200,1600,8,1021,10.0,8.0,cached,float32,1,0.3326797385620915,71.1956023591465,0.04604793961251239,2.947068135200793,0.46070041317364063,0.46707364016417796,0,0.9,2,0.3277621999150142
sigma,10.0,40,85,15243599399800562104,200,1600,8,1021,10.0,8.0,cached,float32,1,0.3326797385620915,71.1956023591465,0.04604793961251239,2.947068135200793,0.46070041317364063,0.46707364016417796,0,0.98,4,0.32785499992314726
sigma,10.0,40,86,12031593078370989315,200,1600,8,1021,10.0,8.0,cached,float32,1,0.3326797385620915,71.1956023591465,0.04604793961251239,2.947068135200793,0.46070041317364063,0.46707364016417796,0,0.87,1,0.33482099999673665
sigma,10.0,40,87,13686321402756162732,200,1600,8,1021,10.0,8.0,cached,float32,1,0.3326797385620915,71.1956023591465,0.04604793961251239,2.947068135200793,0.46070041317364063,0.46707364016417796,0,0.9,5,0.33597319992259145
sigma,10.0,40,88,11257606490545092385,200,1600,8,1021,10.0,8.0,cached,float32,1,0.3326797385620915,71.1956023591465,0.04604793961251239,2.947068135200793,0.46070041317364063,0.46707364016417796,0,0.975,2,0.33307020005304366
sigma,10.0,40,89,5170378413724119550,200,1600,8,1021,10.0,8.0,cached,float32,1,0.3326797385620915,71.1956023591465,0.04604793961251239,2.947068135200793,0.46070041317364063,0.46707364016417796,0,0.715,1,0.3254531000275165
sigma,10.0,40,90,12278798380875678562,200,1600,8,1021,10.0,8.0,cached,float32,1,0.3326797385620915,71.1956023591465,0.04604793961251239,2.947068135200793,0.46070041317364063,0.46707364016417796,0,0.97,2,0.3319906999822706
sigma,10.0,40,91,12120877727146677977,200,1600,8,1021,10.0,8.0,cached,float32,1,0.3326797385620915,71.1956023591465,0.04604793961251239,2.947068135200793,0.46070041317364063,0.46707364016417796,0,0.945,4,0.33257500000763685
sigma,10.0,40,92,15687116384191549851,200,1600,8,1021,10.0,8.0,cached,float32,1,0.3326797385620915,71.1956023591465,0.04604793961251239,2.947068135200793,0.46070041317364063,0.46707364016417796,0,0.965,1,0.3271902999840677
sigma,10.0,40,93,7297352067261665610,200,1600,8,1021,10.0,8.0,cached,float32,1,0.3326797385620915,71.1956023591465,0.04604793961251239,2.947068135200793,0.46070041317364063,0.46707364016417796,0,0.985,12,0.32839259994216263
sigma,10.0,40,94,2495954032273120553,200,1600,8,1021,10.0,8.0,cached,float32,1,0.3326797385620915,71.1956023591465,0.04604793961251239,2.947068135200793,0.46070041317364063,0.46707364016417796,0,0.975,4,0.32920349994674325
sigma,10.0,40,95,2770596475145413309,200,1600,8,1021,10.0,8.0,cached,float32,1,0.3326797385620915,71.1956023591465,0.04604793961251239,2.947068135200793,0.46070041317364063,0.46707364016417796,0,0.955,1,0.33600100001785904
sigma,10.0,40,96,10927990496357639219,200,1600,8,1021,10.0,8.0,cached,float32,1,0.3326797385620915,71.1956023591465,0.04604793961251239,2.947068135200793,0.46070041317364063,0.46707364016417796,0,0.965,4,0.33395320002455264
sigma,10.0,40,97,9757421761782746295,200,1600,8,1021,10.0,8.0,cached,float32,1,0.3326797385620915,71.1956023591465,0.04604793961251239,2.947068135200793,0.46070041317364063,0.46707364016417796,0,0.985,3,0.32961699995212257
sigma,10.0,40,98,578837001496058413,200,1600,8,1021,10.0,8.0,cached,float32,1,0.3326797385620915,71.1956023591465,0.04604793961251239,2.947068135200793,0.46070041317364063,0.46707364016417796,0,0.97,5,0.33257520000915974
sigma,10.0,40,99,1638318606044984423,200,1600,8,1021,10.0,8.0,cached,float32,1,0.3326797385620915,71.1956023591465,0.04604793961251239,2.947068135200793,0.46070041317364063,0.46707364016417796,0,0.945,1,0.3334963000379503
sigma,12.0,41,0,5838392483098911354,200,1600,8,1021,12.0,8.0,cached,float32,1,0.3326797385620915,59.163001965955424,0.038373283010426994,2.4558901126673276,0.3839170109780339,0.38922803347014834,0,0.945,1,0.3339066000189632
sigma,12.0,41,1,14834677317828264956,200,1600,8,1021,12.0,8.0,cached,float32,1,0.3326797385620915,59.163001965955424,0.038373283010426994,2.4558901126673276,0.3839170109780339,0.38922803347014834,0,0.915,5,0.32917480007745326
sigma,12.0,41,2,6598735593456969468,200,1600,8,1021,12.0,8.0,cached,float32,1,0.3326797385620915,59.163001965955424,0.038373283010426994,2.4558901126673276,0.3839170109780339,0.38922803347014834,0,0.995,4,0.32848530006594956
sigma,12.0,41,3,11503172337805870973,200,1600,8,1021,12.0,8.0,cached,float32,1,0.3326797385620915,59.163001965955424,0.038373283010426994,2.4558901126673276,0.3839170109780339,0.38922803347014834,0,0.965,3,0.3277556999819353
sigma,12.0,41,4,10093816104284806924,200,1600,8,1021,12.0,8.0,cached,float32,1,0.3326797385620915,59.163001965955424,0.038373283010426994,2.4558901126673276,0.3839170109780339,0.38922803347014834,0,0.94,4,0.33176840003579855
sigma,12.0,41,5,3760449589259779049,200,1600,8,1021,12.0,8.0,cached,float32,1,0.3326797385620915,59.163001965955424,0.038373283010426994,2.4558901126673276,0.3839170109780339,0.38922803347014834,0,0.4,4,0.3283120000269264
sigma,12.0,41,6,12582044764628275993,200,1600,8,1021,12.0,8.0,cached,float32,1,0.3326797385620915,59.163001965955424,0.038373283010426994,2.4558901126673276,0.3839170109780339,0.38922803347014834,0,0.925,2,0.3552566999569535
sigma,12.0,41,7,7699212815805883016,200,1600,8,1021,12.0,8.0,cached,float32,1,0.3326797385620915,59.163001965955424,0.038373283010426994,2.4558901126673276,0.3839170109780339,0.38922803347014834,0,0.955,5,0.33893189998343587
sigma,12.0,41,8,9055290722205428515,200,1600,8,1021,12.0,8.0,cached,float32,1,0.3326797385620915,59.163001965955424,0.038373283010426994,2.4558901126673276,0.3839170109780339,0.38922803347014834,0,0.96,6,0.3360419999808073
sigma,12.0,41,9,5584287871515709973,200,1600,8,1021,12.0,8.0,cached,float32,1,0.3326797385620915,59.163001965955424,0.038373283010426994,2.4558901126673276,0.3839170109780339,0.38922803347014834,0,0.925,1,0.33771540003363043
sigma,12.0,41,10,2456065083779523706,200,1600,8,1021,12.0,8.0,cached,float32,1,0.3326797385620915,59.163001965955424,0.038373283010426994,2.4558901126673276,0.3839170109780339,0.38922803347014834,0,0.945,4,0.3454515999183059
sigma,12.0,41,11,14155841084452220525,200,1600,8,1021,12.0,8.0,cached,float32,1,0.3326797385620915,59.163001965955424,0.038373283010426994,2.4558901126673276,0.3839170109780339,0.38922803347014834,0,0.965,15,0.33529630000703037
sigma,12.0,41,12,3430844712018276129,200,1600,8,1021,12.0,8.0,cached,float32,1,0.3326797385620915,59.163001965955424,0.038373283010426994,2.4558901126673276,0.3839170109780339,0.38922803347014834,0,0.52,1,0.33590260008350015
sigma,12.0,41,13,12301655756574671483,200,1600,8,1021,12.0,8.0,cached,float32,1,0.3326797385620915,59.163001965955424,0.038373283010426994,2.4558901126673276,0.3839170109780339,0.38922803347014834,0,0.725,2,0.3379503999603912
sigma,12.0,41,14,6038414456795897731,200,1600,8,1021,12.0,8.0,cached,float32,1,0.3326797385620915,59.163001965955424,0.038373283010426994,2.4558901126673276,0.3839170109780339,0.38922803347014834,0,0.95,2,0.3438166999258101
sigma,12.0,41,15,17541438670883037484,200,1600,8,1021,12.0,8.0,cached,float32,1,0.3326797385620915,59.163001965955424,0.038373283010426994,2.4558901126673276,0.3839170109780339,0.38922803347014834,0,0.975,2,0.34598750004079193
sigma,12.0,41,16,7462243773886616359,200,1600,8,1021,12.0,8.0,cached,float32,1,0.3326797385620915,59.163001965955424,0.038373283010426994,2.4558901126673276,0.3839170109780339,0.38922803347014834,0,0.95,1,0.32716420001816005
sigma,12.0,41,17,1562724702250774884,200,1600,8,1021,12.0,8.0,cached,float32,1,0.3326797385620915,59.163001965955424,0.038373283010426994,2.4558901126673276,0.3839170109780339,0.38922803347014834,0,0.98,2,0.33035790000576526
sigma,12.0,41,18,15269646381992481384,200,1600,8,1021,12.0,8.0,cached,float32,1,0.3326797385620915,59.163001965955424,0.038373283010426994,2.4558901126673276,0.3839170109780339,0.38922803347014834,0,0.845,1,0.32633670000359416
sigma,12.0,41,19,4757279666191423919,200,1600,8,1021,12.0,8.0,cached,float32,1,0.3326797385620915,59.163001965955424,0.038373283010426994,2.4558901126673276,0.3839170109780339,0.38922803347014834,0,0.97,1,0.3239807999925688
sigma,12.0,41,20,12659470358068444249,200,1600,8,1021,12.0,8.0,cached,float32,1,0.3326797385620915,59.163001965955424,0.038373283010426994,2.4558901126673276,0.3839170109780339,0.38922803347014834,0,0.945,2,0.3284443999873474
sigma,12.0,41,21,383562830348921522,200,1600,8,1021,12.0,8.0,cached,float32,1,0.3326797385620915,59.163001965955424,0.038373283010426994,2.4558901126673276,0.3839170109780339,0.38922803347014834,0,0.965,5,0.33245990006253123
sigma,12.0,41,22,6956849266307511854,200,1600,8,1021,12.0,8.0,cached,float32,1,0.3326797385620915,59.163001965955424,0.038373283010426994,2.4558901126673276,0.3839170109780339,0.38922803347014834,0,0.945,2,0.33470790006686
sigma,12.0,41,23,3021207101338768491,200,1600,8,1021,12.0,8.0,cached,float32,1,0.3326797385620915,59.163001965955424,0.038373283010426994,2.4558901126673276,0.3839170109780339,0.38922803347014834,0,0.855,8,0.3343643000116572
sigma,12.0,41,24,9127273415064062544,200,1600,8,1021,12.0,8.0,cached,float32,1,0.3326797385620915,59.163001965955424,0.038373283010426994,2.4558901126673276,0.3839170109780339,0.38922803347014834,0,0.89,1,0.32770170003641397
sigma,12.0,41,25,9433221030048804487,200,1600,8,1021,12.0,8.0,cached,float32,1,0.3326797385620915,59.163001965955424,0.038373283010426994,2.4558901126673276,0.3839170109780339,0.38922803347014834,0,0.97,1,0.3305520999711007
sigma,12.0,41,26,116046479776582339,200,1600,8,1021,12.0,8.0,cached,float32,1,0.3326797385620915,59.163001965955424,0.038373283010426994,2.4558901126673276,0.3839170109780339,0.38922803347014834,0,0.915,4,0.3260554000735283
sigma,12.0,41,27,14472930920578360336,200,1600,8,1021,12.0,8.0,cached,float32,1,0.3326797385620915,59.163001965955424,0.038373283010426994,2.4558901126673276,0.3839170109780339,0.38922803347014834,0,0.93,7,0.3290436998941004
sigma,12.0,41,28,4932677258705961621,200,1600,8,1021,12.0,8.0,cached,float32,1,0.3326797385620915,59.163001965955424,0.038373283010426994,2.4558901126673276,0.3839170109780339,0.38922803347014834,0,0.84,1,0.3281591000268236
sigma,12.0,41,29,14424135761538339944,200,1600,8,1021,12.0,8.0,cached,float32,1,0.3326797385620915,59.163001965955424,0.038373283010426994,2.4558901126673276,0.3839170109780339,0.38922803347014834,0,0.95,2,0.3283555000089109
sigma,12.0,41,30,7542234900594471718,200,1600,8,1021,12.0,8.0,cached,float32,1,0.3326797385620915,59.163001965955424,0.038373283010426994,2.4558901126673276,0.3839170109780339,0.38922803347014834,0,0.985,7,0.33011820004321635
sigma,12.0,41,31,11803359687198329828,200,1600,8,1021,12.0,8.0,cached,float32,1,0.3326797385620915,59.163001965955424,0.038373283010426994,2.4558901126673276,0.3839170109780339,0.38922803347014834,0,0.915,2,0.3284189000260085
sigma,12.0,41,32,10940844871760899776,200,1600,8,1021,12.0,8.0,cached,float32,1,0.3326797385620915,59.163001965955424,0.038373283010426994,2.4558901126673276,0.3839170109780339,0.38922803347014834,0,0.95,4,0.3271962000289932
sigma,12.0,41,33,3601137617930482782,200,1600,8,1021,12.0,8.0,cached,float32,1,0.3326797385620915,59.163001965955424,0.038373283010426994,2.4558901126673276,0.3839170109780339,0.38922803347014834,0,0.915,1,0.3345911999931559
sigma,12.0,41,34,1311040752876837895,200,1600,8,1021,12.0,8.0,cached,float32,1,0.3326797385620915,59.163001965955424,0.038373283010426994,2.4558901126673276,0.3839170109780339,0.38922803347014834,0,0.98,7,0.33158400002866983
sigma,12.0,41,35,9450894385054013194,200,1600,8,1021,12.0,8.0,cached,float32,1,0.3326797385620915,59.163001965955424,0.038373283010426994,2.4558901126673276,0.3839170109780339,0.38922803347014834,0,0.905,1,0.36913680005818605
sigma,12.0,41,36,5547682230785410053,200,1600,8,1021,12.0,8.0,cached,float32,1,0.3326797385620915,59.163001965955424,0.038373283010426994,2.4558901126673276,0.3839170109780339,0.38922803347014834,0,0.92,3,0.35143290006089956
sigma,12.0,41,37,13224307019860272156,200,1600,8,1021,12.0,8.0,cached,float32,1,0.3326797385620915,59.163001965955424,0.038373283010426994,2.4558901126673276,0.3839170109780339,0.38922803347014834,0,0.94,5,0.32607239997014403
sigma,12.0,41,38,1903369563811481909,200,1600,8,1021,12.0,8.0,cached,float32,1,0.3326797385620915,59.163001965955424,0.038373283010426994,2.4558901126673276,0.3839170109780339,0.38922803347014834,0,0.905,1,0.32608420005999506
sigma,12.0,41,39,2249102137376669130,200,1600,8,1021,12.0,8.0,cached,float32,1,0.3326797385620915,59.163001965955424,0.038373283010426994,2.4558901126673276,0.3839170109780339,0.38922803347014834,0,0.385,3,0.33701210003346205
sigma,12.0,41,40,12298137163270133796,200,1600,8,1021,12.0,8.0,cached,float32,1,0.3326797385620915,59.163001965955424,0.038373283010426994,2.4558901126673276,0.3839170109780339,0.38922803347014834,0,0.99,13,0.3345632000127807
sigma,12.0,41,41,4677049796341620426,200,1600,8,1021,12.0,8.0,cached,float32,1,0.3326797385620915,59.163001965955424,0.038373283010426994,2.4558901126673276,0.3839170109780339,0.38922803347014834,0,0.905,1,0.3333290999289602
sigma,12.0,41,42,1097477440027738949,200,1600,8,1021,12.0,8.0,cached,float32,1,0.3326797385620915,59.163001965955424,0.038373283010426994,2.4558901126673276,0.3839170109780339,0.38922803347014834,0,0.975,2,0.3277288000099361
sigma,12.0,41,43,7352916280715022443,200,1600,8,1021,12.0,8.0,cached,float32,1,0.3326797385620915,59.163001965955424,0.038373283010426994,2.4558901126673276,0.3839170109780339,0.38922803347014834,0,0.835,3,0.328379699960351
sigma,12.0,41,44,13049168759296495643,200,1600,8,1021,12.0,8.0,cached,float32,1,0.3326797385620915,59.163001965955424,0.038373283010426994,2.4558901126673276,0.3839170109780339,0.38922803347014834,0,0.975,2,0.3292889000149444
sigma,12.0,41,45,7600282544544680110,200,1600,8,1021,12.0,8.0,cached,float32,1,0.3326797385620915,59.163001965955424,0.038373283010426994,2.4558901126673276,0.3839170109780339,0.38922803347014834,0,0.985,2,0.3380824000341818
sigma,12.0,41,46,15880665659376607116,200,1600,8,1021,12.0,8.0,cached,float32,1,0.3326797385620915,59.163001965955424,0.038373283010426994,2.4558901126673276,0.3839170109780339,0.38922803347014834,0,0.995,39,0.3294671999756247
sigma,12.0,41,47,15539543898087091997,200,1600,8,1021,12.0,8.0,cached,float32,1,0.3326797385620915,59.163001965955424,0.038373283010426994,2.4558901126673276,0.3839170109780339,0.38922803347014834,0,0.935,2,0.33037189999595284
sigma,12.0,41,48,17276211757989431206,200,1600,8,1021,12.0,8.0,cached,float32,1,0.3326797385620915,59.163001965955424,0.038373283010426994,2.4558901126673276,0.3839170109780339,0.38922803347014834,0,0.94,4,0.3341531000332907
sigma,12.0,41,49,17791723623590937645,200,1600,8,1021,12.0,8.0,cached,float32,1,0.3326797385620915,59.163001965955424,0.038373283010426994,2.4558901126673276,0.3839170109780339,0.38922803347014834,0,0.955,1,0.33699280000291765
sigma,12.0,41,50,12069409560175815569,200,1600,8,1021,12.0,8.0,cached,float32,1,0.3326797385620915,59.163001965955424,0.038373283010426994,2.4558901126673276,0.3839170109780339,0.38922803347014834,0,0.945,3,0.3304925000993535
sigma,12.0,41,51,9546763566248289501,200,1600,8,1021,12.0,8.0,cached,float32,1,0.3326797385620915,59.163001965955424,0.038373283010426994,2.4558901126673276,0.3839170109780339,0.38922803347014834,0,0.92,1,0.3263577999314293
sigma,12.0,41,52,3158283568134958489,200,1600,8,1021,12.0,8.0,cached,float32,1,0.3326797385620915,59.163001965955424,0.038373283010426994,2.4558901126673276,0.3839170109780339,0.38922803347014834,0,0.97,1,0.3295170000055805
sigma,12.0,41,53,1748660483918309301,200,1600,8,1021,12.0,8.0,cached,float32,1,0.3326797385620915,59.163001965955424,0.038373283010426994,2.4558901126673276,0.3839170109780339,0.38922803347014834,0,0.91,9,0.3268986999755725
sigma,12.0,41,54,10370366620859544545,200,1600,8,1021,12.0,8.0,cached,float32,1,0.3326797385620915,59.163001965955424,0.038373283010426994,2.4558901126673276,0.3839170109780339,0.38922803347014834,0,0.97,1,0.33433290000539273
sigma,12.0,41,55,1605510653249499125,200,1600,8,1021,12.0,8.0,cached,float32,1,0.3326797385620915,59.163001965955424,0.038373283010426994,2.4558901126673276,0.3839170109780339,0.38922803347014834,0,0.875,3,0.34853890002705157
sigma,12.0,41,56,13236692123647381299,200,1600,8,1021,12.0,8.0,cached,float32,1,0.3326797385620915,59.163001965955424,0.038373283010426994,2.4558901126673276,0.3839170109780339,0.38922803347014834,0,0.98,6,0.3274105000309646
sigma,12.0,41,57,10094965318173282644,200,1600,8,1021,12.0,8.0,cached,float32,1,0.3326797385620915,59.163001965955424,0.038373283010426994,2.4558901126673276,0.3839170109780339,0.38922803347014834,0,0.995,12,0.3317709999391809
sigma,12.0,41,58,16356884579485924259,200,1600,8,1021,12.0,8.0,cached,float32,1,0.3326797385620915,59.163001965955424,0.038373283010426994,2.4558901126673276,0.3839170109780339,0.38922803347014834,0,0.95,1,0.33972950000315905
sigma,12.0,41,59,18431540493355825301,200,1600,8,1021,12.0,8.0,cached,float32,1,0.3326797385620915,59.163001965955424,0.038373283010426994,2.4558901126673276,0.3839170109780339,0.38922803347014834,0,0.96,2,0.3299572999821976
sigma,12.0,41,60,14024912053928733664,200,1600,8,1021,12.0,8.0,cached,float32,1,0.3326797385620915,59.163001965955424,0.038373283010426994,2.4558901126673276,0.3839170109780339,0.38922803347014834,0,0.97,3,0.33186699997168034
sigma,12.0,41,61,8933213441496597478,200,1600,8,1021,12.0,8.0,cached,float32,1,0.3326797385620915,59.163001965955424,0.038373283010426994,2.4558901126673276,0.3839170109780339,0.38922803347014834,0,0.995,3,0.32842429995071143
sigma,12.0,41,62,6520649333027659506,200,1600,8,1021,12.0,8.0,cached,float32,1,0.3326797385620915,59.163001965955424,0.038373283010426994,2.4558901126673276,0.3839170109780339,0.38922803347014834,0,0.935,6,0.3249656999250874
sigma,12.0,41,63,12304706093459755188,200,1600,8,1021,12.0,8.0,cached,float32,1,0.3326797385620915,59.163001965955424,0.038373283010426994,2.4558901126673276,0.3839170109780339,0.38922803347014834,0,0.845,2,0.3305356999626383
sigma,12.0,41,64,14092517393170329749,200,1600,8,1021,12.0,8.0,cached,float32,1,0.3326797385620915,59.163001965955424,0.038373283010426994,2.4558901126673276,0.3839170109780339,0.38922803347014834,0,0.945,1,0.32793480006512254
sigma,12.0,41,65,5455720036008702864,200,1600,8,1021,12.0,8.0,cached,float32,1,0.3326797385620915,59.163001965955424,0.038373283010426994,2.4558901126673276,0.3839170109780339,0.38922803347014834,0,0.94,1,0.3321109999669716
sigma,12.0,41,66,12041110383401169279,200,1600,8,1021,12.0,8.0,cached,float32,1,0.3326797385620915,59.163001965955424,0.038373283010426994,2.4558901126673276,0.3839170109780339,0.38922803347014834,0,0.945,5,0.3318752000341192
sigma,12.0,41,67,7837656515052017499,200,1600,8,1021,12.0,8.0,cached,float32,1,0.3326797385620915,59.163001965955424,0.038373283010426994,2.4558901126673276,0.3839170109780339,0.38922803347014834,0,0.965,11,0.33159499999601394
sigma,12.0,41,68,2896415931333054582,200,1600,8,1021,12.0,8.0,cached,float32,1,0.3326797385620915,59.163001965955424,0.038373283010426994,2.4558901126673276,0.3839170109780339,0.38922803347014834,0,0.96,8,0.333128200029023
sigma,12.0,41,69,9997309486917859311,200,1600,8,1021,12.0,8.0,cached,float32,1,0.3326797385620915,59.163001965955424,0.038373283010426994,2.4558901126673276,0.3839170109780339,0.38922803347014834,0,0.96,3,0.3304887000704184
sigma,12.0,41,70,9530253795447693904,200,1600,8,1021,12.0,8.0,cached,float32,1,0.3326797385620915,59.163001965955424,0.038373283010426994,2.4558901126673276,0.3839170109780339,0.38922803347014834,0,0.935,1,0.3318174999440089
sigma,12.0,41,71,4198193481084764888,200,1600,8,1021,12.0,8.0,cached,float32,1,0.3326797385620915,59.163001965955424,0.038373283010426994,2.4558901126673276,0.3839170109780339,0.38922803347014834,0,0.985,4,0.3338084000861272
sigma,12.0,41,72,11439561075818567688,200,1600,8,1021,12.0,8.0,cached,float32,1,0.3326797385620915,59.163001965955424,0.038373283010426994,2.4558901126673276,0.3839170109780339,0.38922803347014834,0,0.95,1,0.33017699990887195
sigma,12.0,41,73,15020223247512757077,200,1600,8,1021,12.0,8.0,cached,float32,1,0.3326797385620915,59.163001965955424,0.038373283010426994,2.4558901126673276,0.3839170109780339,0.38922803347014834,0,0.91,4,0.3281928999349475
sigma,12.0,41,74,12809880084182715674,200,1600,8,1021,12.0,8.0,cached,float32,1,0.3326797385620915,59.163001965955424,0.038373283010426994,2.4558901126673276,0.3839170109780339,0.38922803347014834,0,0.97,5,0.3309743000427261
sigma,12.0,41,75,7906710072339635422,200,1600,8,1021,12.0,8.0,cached,float32,1,0.3326797385620915,59.163001965955424,0.038373283010426994,2.4558901126673276,0.3839170109780339,0.38922803347014834,0,0.94,2,0.35603630007244647
sigma,12.0,41,76,12844122560521820860,200,1600,8,1021,12.0,8.0,cached,float32,1,0.3326797385620915,59.163001965955424,0.038373283010426994,2.4558901126673276,0.3839170109780339,0.38922803347014834,0,0.925,5,0.32871929998509586
sigma,12.0,41,77,12351331606296806286,200,1600,8,1021,12.0,8.0,cached,float32,1,0.3326797385620915,59.163001965955424,0.038373283010426994,2.4558901126673276,0.3839170109780339,0.38922803347014834,0,0.945,3,0.3292984999716282
sigma,12.0,41,78,13697485007521095082,200,1600,8,1021,12.0,8.0,cached,float32,1,0.3326797385620915,59.163001965955424,0.038373283010426994,2.4558901126673276,0.3839170109780339,0.38922803347014834,0,0.9,4,0.32734389998950064
sigma,12.0,41,79,15157480482425021499,200,1600,8,1021,12.0,8.0,cached,float32,1,0.3326797385620915,59.163001965955424,0.038373283010426994,2.4558901126673276,0.3839170109780339,0.38922803347014834,0,0.935,2,0.32928439998067915
sigma,12.0,41,80,9354908419859753641,200,1600,8,1021,12.0,8.0,cached,float32,1,0.3326797385620915,59.163001965955424,0.038373283010426994,2.4558901126673276,0.3839170109780339,0.38922803347014834,0,0.95,2,0.33018960000481457
sigma,12.0,41,81,9457432783916170093,200,1600,8,1021,12.0,8.0,cached,float32,1,0.3326797385620915,59.163001965955424,0.038373283010426994,2.4558901126673276,0.3839170109780339,0.38922803347014834,0,0.955,4,0.3354459999827668
sigma,12.0,41,82,10624473678792917820,200,1600,8,1021,12.0,8.0,cached,float32,1,0.3326797385620915,59.163001965955424,0.038373283010426994,2.4558901126673276,0.3839170109780339,0.38922803347014834,0,0.795,2,0.3283040999667719
sigma,12.0,41,83,6679232178068564448,200,1600,8,1021,12.0,8.0,cached,float32,1,0.3326797385620915,59.163001965955424,0.038373283010426994,2.4558901126673276,0.3839170109780339,0.38922803347014834,0,0.885,3,0.33213839994277805
sigma,12.0,41,84,9085593458542131419,200,1600,8,1021,12.0,8.0,cached,float32,1,0.3326797385620915,59.163001965955424,0.038373283010426994,2.4558901126673276,0.3839170109780339,0.38922803347014834,0,0.91,2,0.32680479995906353
sigma,12.0,41,85,5409123676260591073,200,1600,8,1021,12.0,8.0,cached,float32,1,0.3326797385620915,59.163001965955424,0.038373283010426994,2.4558901126673276,0.3839170109780339,0.38922803347014834,0,0.95,3,0.33380729996133596
sigma,12.0,41,86,14977296941623620520,200,1600,8,1021,12.0,8.0,cached,float32,1,0.3326797385620915,59.163001965955424,0.038373283010426994,2.4558901126673276,0.3839170109780339,0.38922803347014834,0,0.945,4,0.325839199940674
sigma,12.0,41,87,7719584502575705858,200,1600,8,1021,12.0,8.0,cached,float32,1,0.3326797385620915,59.163001965955424,0.038373283010426994,2.4558901126673276,0.3839170109780339,0.38922803347014834,0,0.87,1,0.3241470999782905
sigma,12.0,41,88,1364852816480701108,200,1600,8,1021,12.0,8.0,cached,float32,1,0.3326797385620915,59.163001965955424,0.038373283010426994,2.4558901126673276,0.3839170109780339,0.38922803347014834,0,0.915,1,0.329001999925822
sigma,12.0,41,89,9233870222023253165,200,1600,8,1021,12.0,8.0,cached,float32,1,0.3326797385620915,59.163001965955424,0.038373283010426994,2.4558901126673276,0.3839170109780339,0.38922803347014834,0,0.39,1,0.33034670003689826
sigma,12.0,41,90,3734686746554744147,200,1600,8,1021,12.0,8.0,cached,float32,1,0.3326797385620915,59.163001965955424,0.038373283010426994,2.4558901126673276,0.3839170109780339,0.38922803347014834,0,0.985,3,0.32966859999578446
sigma,12.0,41,91,12653848926807808649,200,1600,8,1021,12.0,8.0,cached,float32,1,0.3326797385620915,59.163001965955424,0.038373283010426994,2.4558901126673276,0.3839170109780339,0.38922803347014834,0,0.915,2,0.3260706999571994
sigma,12.0,41,92,6502090029059407622,200,1600,8,1021,12.0,8.0,cached,float32,1,0.3326797385620915,59.163001965955424,0.038373283010426994,2.4558901126673276,0.3839170109780339,0.38922803347014834,0,0.98,11,0.3356612999923527
sigma,12.0,41,93,3670869921227842041,200,1600,8,1021,12.0,8.0,cached,float32,1,0.3326797385620915,59.163001965955424,0.038373283010426994,2.4558901126673276,0.3839170109780339,0.38922803347014834,0,0.965,4,0.33560420002322644
sigma,12.0,41,94,1846330729636349756,200,1600,8,1021,12.0,8.0,cached,float32,1,0.3326797385620915,59.163001965955424,0.038373283010426994,2.4558901126673276,0.3839170109780339,0.38922803347014834,0,0.965,7,0.3363922000862658
sigma,12.0,41,95,3164713893689321409,200,1600,8,1021,12.0,8.0,cached,float32,1,0.3326797385620915,59.163001965955424,0.038373283010426994,2.4558901126673276,0.3839170109780339,0.38922803347014834,0,0.61,1,0.35140389995649457
sigma,12.0,41,96,3559230106315958849,200,1600,8,1021,12.0,8.0,cached,float32,1,0.3326797385620915,59.163001965955424,0.038373283010426994,2.4558901126673276,0.3839170109780339,0.38922803347014834,0,0.96,2,0.3294791999505833
sigma,12.0,41,97,13084243659474328123,200,1600,8,1021,12.0,8.0,cached,float32,1,0.3326797385620915,59.163001965955424,0.038373283010426994,2.4558901126673276,0.3839170109780339,0.38922803347014834,0,0.94,3,0.3285335999680683
sigma,12.0,41,98,2646857292143846229,200,1600,8,1021,12.0,8.0,cached,float32,1,0.3326797385620915,59.163001965955424,0.038373283010426994,2.4558901126673276,0.3839170109780339,0.38922803347014834,0,0.57,2,0.33095390000380576
sigma,12.0,41,99,5036962282638414856,200,1600,8,1021,12.0,8.0,cached,float32,1,0.3326797385620915,59.163001965955424,0.038373283010426994,2.4558901126673276,0.3839170109780339,0.38922803347014834,0,0.815,1,0.3291977000189945
